feature,UniProt ID,Description,KEGGID,KO_ID,Pathway_IDs,Pathway_Names,pan_bio_class,pan_bio_class_short,parent_cluster,consensus_pass,cluster_condition_keys,regime_importance_label,PAN_global_mean_normSHAP,Ae_mean_normSHAP,An_mean_normSHAP,AeAn_delta_An_minus_Ae,total_var_normSHAP,regime_var_frac,within_var_normSHAP,p_regime_Ae_vs_An,q_regime_Ae_vs_An,d_out,d_all,z_out_rank,z_all_rank,quad,mean_abs_shap,consensus_score,Ac+CA_ae,Ac+CA_an,Ac+KL_ae,ANCHOR:Ac_ae,ANCHOR:Ac_an,Ac+KL_an,Ac+SA_ae,Ac+SA_an,Ac+SF_ae,Ac+SF_an,Ac+pCA_ae,Ac+pCA_an,CA_an,SF_ae,pC_ae,pC_an,BREADTH_frac_ge1x,BREADTH_frac_ge2x,BREADTH_frac_ge5x,q_value_O2_DEG,AeAn_direction,gene,shap_rank,module,mod_gr_r,mod_gr_abs_r,in_gr_module,tier
RPA3482,Q6N458,Putative membrane protein OS=Rhodopseudomonas palustris (strain ATCC BAA-98 / CGA009) OX=258594 GN=RPA3482 PE=3 SV=1,rpa:TX73_018020,K07799,rpa02020,Two-component system,Context-dependent modulator,Context-modulator,44,True,CA_an,Regime-invariant importance,56035068031.93916,4196154942.983788,107873981120.8945,103677826177.9107,1.302255359268344e+22,0.2063552966872856,1.033528068243917e+22,0.0866479816724167,0.6281977902611812,3.023393493257773e-05,2.964440546378812e-05,1.774690858934087,1.735051563032143,HH,0.0002476711010149784,7.899932710013855,0.0,176376018054.1204,0.0,0.0,65.36880013519088,38587530682.9786,0.0,34139825942.18653,33569239543.8703,0.0,0.0,0.0,412437642735.4579,0.0,0.0,201450831487.044,0.4375,0.4375,0.4375,2.427934497228802e-07,Ae_up,RPA3482,1,2,-0.7644137444796071,0.7644137444796071,True,Tier2_AdaptiveGeneralist_HH
PRPA5,Q6NDV7,Resolvase OS=Rhodopseudomonas palustris (strain ATCC BAA-98 / CGA009) OX=258594 GN=res PE=3 SV=1,,,,,Context-dependent modulator,Context-modulator,6,True,pC_an,Regime-invariant importance,52516445756.99554,2611504570.705801,102421386943.2853,99809882372.57947,3.225417413940798e+22,0.07721491004676365,2.976367098460094e+22,0.2992638491351829,0.6281977902611812,3.625467468614806e-05,3.513537554891518e-05,2.123720063647796,2.075983191147802,HH,0.000231301470098842,5.585037125158248,1621365826.19484,4026418609.29367,0.0,0.0,0.0,8932592547.581312,0.0,26278498430.17021,2692168206.808928,937366815.9620975,0.0,22623746241.10394,31668684227.18119,9911231171.066887,6667271361.575757,724903788674.9897,0.6875,0.6875,0.6875,1.232708468116583e-08,Ae_up,PRPA5,2,2,-0.7644137444796071,0.7644137444796071,True,Tier2_AdaptiveGeneralist_HH
RPA3416,Q6N4C3,Protein with 2 CBS domains OS=Rhodopseudomonas palustris (strain ATCC BAA-98 / CGA009) OX=258594 GN=RPA3416 PE=4 SV=1,rpa:TX73_017665,,,,Oxygen-bridging pan-condition core,O2-bridging core,51,True,SF_ae,Regime-invariant importance,47512312356.00305,29286031363.99622,65738593348.00989,36452561984.01367,5.583183771197795e+21,0.05949962107880273,5.250986452398205e+21,0.348025280363602,0.6281977902611812,1.680822219101638e-05,1.663362862962696e-05,0.609773124716852,0.6025487090076628,HH,0.0002099205376952551,4.705605103702119,50868571564.64828,199367636966.7173,0.0,2502631321.507206,49.38844110550758,2547322318.816645,0.0,180550701721.3211,0.0,854835496.5265172,2806857876.210719,0.0,32419029982.11491,178110190149.6035,0.0,110169220249.1942,0.6875,0.6875,0.6875,6.286537196934044e-09,Ae_up,RPA3416,3,13,-0.6061558419768247,0.6061558419768247,True,Tier1_UniversalCore_HH
RPA0655,O07458,Transcriptional activatory protein BadR OS=Rhodopseudomonas palustris (strain ATCC BAA-98 / CGA009) OX=258594 GN=badR PE=1 SV=1,,,,,Context-dependent modulator,Context-modulator,6,True,pC_an,Regime-invariant importance,47282218717.25082,0.0,94564437434.50163,94564437434.50163,3.576973130921509e+22,0.06250000000000001,3.353412310238915e+22,0.3506166628202076,0.6281977902611812,1.294541232409307e-05,1.274184396039291e-05,0.6771712369682283,0.6802258162950605,HH,0.0002082480362330744,3.716477258531468,0.0,0.0,0.0,0.0,0.0,0.0,0.0,0.0,0.0,0.0,0.0,0.0,0.0,0.0,0.0,756515499476.0131,0.0625,0.0625,0.0625,0.0005264126986083145,An_up,RPA0655,4,3,0.7011770108380053,0.7011770108380053,True,Tier2_AdaptiveGeneralist_HH
RPA3328,Q6N4K9,Possible transcriptional regulator XRE family OS=Rhodopseudomonas palustris (strain ATCC BAA-98 / CGA009) OX=258594 GN=RPA3328 PE=4 SV=1,rpa:TX73_017200,,,,Context-dependent modulator,Context-modulator,44,True,CA_an,Regime-invariant importance,39669232560.88569,10434864374.70811,68903600747.06326,58468736372.35516,8.456872085822833e+21,0.1010596204568035,7.602223802577842e+21,0.2327319595154987,0.6281977902611812,2.658103558333886e-05,2.696474194657319e-05,1.559125559723721,1.576600666221405,HH,0.0001747176846560197,6.643098412402451,0.0,2681145097.303748,57011842009.49368,2368840603.572954,0.0,0.0,0.0,0.0,0.0,19948183804.8091,16120232538.29641,15901756945.17042,346804697361.4981,0.0,7977999846.301824,165893022767.7248,0.5625,0.5625,0.5625,1.577627692755019e-10,Ae_up,RPA3328,5,1,-0.6150968944808747,0.6150968944808747,True,Tier2_AdaptiveGeneralist_HH
RPA4740,Q6N0M2,Putative 4-carboxymuconolactone decarboxylase OS=Rhodopseudomonas palustris (strain ATCC BAA-98 / CGA009) OX=258594 GN=pcaC PE=4 SV=1,rpa:TX73_024630,K01607,"rpa00362,rpa01100,rpa01120,rpa01220","Benzoate degradation, Metabolic pathways, Microbial metabolism in diverse environments, Degradation of aromatic compounds",Context-dependent modulator,Context-modulator,3,True,Ac+pCA_an,Regime-invariant importance,31724352768.79732,0.0,63448705537.59464,63448705537.59464,1.461287734416039e+22,0.06887312709849648,1.360644278556129e+22,0.3270730876329671,0.6281977902611812,3.578053769507931e-05,3.601691400274426e-05,0.368388776101319,0.370664614431181,HH,0.0001405022784742662,4.477384951345766,0.0,0.0,0.0,0.0,58.20374466887193,755251883.9761021,0.0,22273310194.99633,0.0,0.0,0.0,484561082163.5809,0.0,0.0,0.0,0.0,0.25,0.25,0.25,0.004847163170523417,Ae_up,RPA4740,6,2,-0.7644137444796071,0.7644137444796071,True,Tier2_AdaptiveGeneralist_HH
RPA0392,Q6NCS7,Argininosuccinate synthase OS=Rhodopseudomonas palustris (strain ATCC BAA-98 / CGA009) OX=258594 GN=argG PE=3 SV=1,,,,,Context-dependent modulator,Context-modulator,44,True,CA_an,Regime-invariant importance,22456495613.12799,1748058288.916744,43164932937.33924,41416874648.4225,4.478981891093623e+21,0.0957448337229327,4.050142514682837e+21,0.2473203643409503,0.6281977902611812,2.165030405541071e-05,2.142873110128706e-05,1.268152687075235,1.249251401078871,HH,0.0001035563278622945,6.973490067147121,190321031.368415,0.0,0.0,831235427.7130373,348.4301333644217,18921654250.92533,0.0,0.0,5626303594.784325,24489534337.2913,0.0,15376628974.05221,271567865373.3674,7336606257.468177,0.0,14963780214.64761,0.625,0.625,0.625,0.002636682679214358,Ae_up,RPA0392,7,6,-0.09203941687622337,0.09203941687622337,False,Tier2_AdaptiveGeneralist_HH
RPA4678,Q6N0T3,Possible outer membrane protein OprF (AF117972) OS=Rhodopseudomonas palustris (strain ATCC BAA-98 / CGA009) OX=258594 GN=RPA4678 PE=4 SV=1,rpa:TX73_024315,,,,Context-dependent modulator,Context-modulator,44,True,CA_an,Regime-invariant importance,22166233139.09631,8557547008.007817,35774919270.1848,27217372262.17698,2.159745025932019e+21,0.08574916760581978,1.974548687717538e+21,0.2722720607219812,0.6281977902611812,1.21382176197541e-05,1.238634067573808e-05,0.7068243934160011,0.7145667800298043,HH,9.762812844095954e-05,4.255971094498324,0.0,2346742043.737472,9684921727.705719,3630457701.469007,0.0,0.0,0.0,3233205894.106074,10042110983.19226,2252568725.961209,20631106383.30407,0.0,127776618049.495,24471779268.39148,0.0,150590219448.1787,0.625,0.625,0.625,5.147760525015384e-15,An_up,RPA4678,8,3,0.7011770108380053,0.7011770108380053,True,Tier2_AdaptiveGeneralist_HH
RPA2460,Q6N703,Tyrosine--tRNA ligase OS=Rhodopseudomonas palustris (strain ATCC BAA-98 / CGA009) OX=258594 GN=tyrS PE=3 SV=1,,,,,Oxygen-bridging pan-condition core,O2-bridging core,44,True,CA_an,Regime-invariant importance,21253280312.38599,6179230995.422664,36327329629.34931,30148098633.92665,4.91015911887051e+21,0.04627690413065713,4.682932156060267e+21,0.4215365208349615,0.6345826914610032,2.506585012231558e-05,2.546662523121385e-05,1.469711268215049,1.488015686969024,HH,9.360715314636125e-05,5.561419258898645,29619222946.1095,0.0,0.0,0.0,0.0,6959423155.584603,0.0,0.0,8359901185.341053,1145304985.673833,0.0,0.0,282513908893.5361,6946355431.2292,4508368400.701544,0.0,0.4375,0.4375,0.4375,0.7893930994191974,ns,RPA2460,9,6,-0.09203941687622337,0.09203941687622337,False,Tier1_UniversalCore_HH
RPA3763,Q6N3D1,Putative acetolactate synthase large subunit OS=Rhodopseudomonas palustris (strain ATCC BAA-98 / CGA009) OX=258594 GN=ilvB PE=3 SV=1,rpa:TX73_019485,K01652,"rpa00290,rpa00650,rpa00660,rpa00770,rpa01100,rpa01110,rpa01210,rpa01230","Valine, leucine and isoleucine biosynthesis, Butanoate metabolism, C5-Branched dibasic acid metabolism, Pantothenate and CoA biosynthesis, Metabolic pathways, Biosynthesis of secondary metabolites, 2-Oxocarboxylic acid metabolism, Biosynthesis of amino acids",Context-dependent modulator,Context-modulator,6,True,pC_an,Regime-invariant importance,19138204932.31566,1381304510.100771,36895105354.53054,35513800844.42977,4.91893282257348e+21,0.06410079665196425,4.603625309969024e+21,0.3444063721043654,0.6281977902611812,9.950343051917429e-06,1.033805355871731e-05,0.4913003211840131,0.5304009363972152,HH,8.429159422518335e-05,2.268890878907189,0.0,0.0,0.0,540832228.8712561,0.0,0.0,0.0,0.0,0.0,0.0,10509603851.93491,13465506694.63265,0.0,0.0,0.0,281695336141.6117,0.25,0.25,0.25,3.679481624192325e-05,Ae_up,RPA3763,10,13,-0.6061558419768247,0.6061558419768247,True,Tier2_AdaptiveGeneralist_HH
RPA2442,Q6N721,Putative outer membrane protein OS=Rhodopseudomonas palustris (strain ATCC BAA-98 / CGA009) OX=258594 GN=RPA2442 PE=4 SV=1,rpa:TX73_012630,,,,Oxygen-bridging pan-condition core,O2-bridging core,44,True,CA_an,Regime-invariant importance,17410578166.34208,15694752061.67932,19126404271.00484,3431652209.325518,1.395228948546041e+21,0.002110090408108405,1.392284889324599e+21,0.8628810843421623,0.9194550951879863,9.232252422029722e-06,9.302183547020736e-06,0.5353372547208465,0.5321978147432944,HH,7.733606793568779e-05,5.066299953497477,52831556478.39956,0.0,8431473702.194234,36375365290.1143,48.97501087891229,0.0,19560986564.7163,0.0,0.0,7823968185.345458,0.0,0.0,145187265933.7182,8358634458.010144,0.0,0.0,0.5,0.5,0.5,0.002104240330466435,Ae_up,RPA2442,11,1,-0.6150968944808747,0.6150968944808747,True,Tier1_UniversalCore_HH
RPA3185,Q6N4Z8,Methyl-accepting chemotaxis receptor/sensory transducer OS=Rhodopseudomonas palustris (strain ATCC BAA-98 / CGA009) OX=258594 GN=RPA3185 PE=3 SV=1,rpa:TX73_016475,K03406,"rpa02020,rpa02030","Two-component system, Bacterial chemotaxis",Oxygen-bridging pan-condition core,O2-bridging core,35,True,Ac+KL_ae,Regime-invariant importance,17258241540.33784,21378910221.30801,13137572859.36767,-8241337361.94034,2.065876200152926e+21,0.008219229388997999,2.048896289774598e+21,0.7311582138650752,0.8353447864550955,1.17365987906071e-05,1.115789365823229e-05,0.3756057955328189,0.3420760158043417,HH,7.616889128207254e-05,4.425325689348136,0.0,0.0,160271697835.0262,8003526045.399762,11.79005391362068,5264153139.965665,0.0,0.0,2756057890.038192,0.0,0.0,99836429723.18564,0.0,0.0,0.0,0.0,0.375,0.375,0.375,4.780212474230198e-05,An_up,RPA3185,12,17,0.34558391883036077,0.34558391883036077,False,Tier1_UniversalCore_HH
RPA2873,Q6N5U7,Possible NADH oxidoreductase OS=Rhodopseudomonas palustris (strain ATCC BAA-98 / CGA009) OX=258594 GN=RPA2873 PE=4 SV=1,rpa:TX73_014885,,,,Context-dependent modulator,Context-modulator,44,True,CA_an,Regime-invariant importance,16205585231.32882,7527324512.311307,24883845950.34632,17356521438.03502,1.158102629665504e+21,0.06503068655408785,1.082790420558262e+21,0.3394349634877599,0.6281977902611812,6.541777401332179e-06,6.748989177367193e-06,0.3765666461149654,0.3812251515694484,HH,7.502899402607418e-05,3.398067281427961,0.0,0.0,11520057091.15545,5926943827.259202,273.7907505945252,23385849062.10085,0.0,5791345507.066303,11455766611.6026,24773218520.55968,21871991713.64946,5484621008.687574,139635733230.5654,910470237.9354991,8533366616.888237,0.0,0.75,0.75,0.75,2.914670132947535e-16,Ae_up,RPA2873,13,1,-0.6150968944808747,0.6150968944808747,True,Tier2_AdaptiveGeneralist_HH
RPA2463,Q6N700,Cysteine desulfurase OS=Rhodopseudomonas palustris (strain ATCC BAA-98 / CGA009) OX=258594 GN=nifS1 PE=4 SV=1,rpa:TX73_012735,K04487,"rpa00730,rpa01100,rpa01240,rpa04122","Thiamine metabolism, Metabolic pathways, Biosynthesis of cofactors, Sulfur relay system",Oxygen-bridging pan-condition core,O2-bridging core,3,True,Ac+pCA_an,Regime-invariant importance,14295549070.32487,5741937105.213881,22849161035.43585,17107223930.22197,1.732551064093145e+21,0.04222921861641381,1.659386786443456e+21,0.4396086386175546,0.6421489749522822,1.924967267060232e-05,1.933960725347207e-05,0.002506697054251851,0.002997088458950984,HH,6.307066054307434e-05,5.571398781797723,0.0,19142555867.25096,0.0,45935496841.71105,8.083869407149221,0.0,0.0,0.0,0.0,0.0,0.0,163650732408.152,0.0,0.0,0.0,0.0,0.25,0.25,0.25,3.723312003312182e-10,Ae_up,RPA2463,14,2,-0.7644137444796071,0.7644137444796071,True,Tier1_UniversalCore_HH
RPA2501,Q6N6W3,Poly-beta-hydroxybutyrate synthase OS=Rhodopseudomonas palustris (strain ATCC BAA-98 / CGA009) OX=258594 GN=phbC PE=4 SV=1,rpa:TX73_012925,K03821,"rpa00650,rpa01100","Butanoate metabolism, Metabolic pathways",Oxygen-bridging pan-condition core,O2-bridging core,44,True,CA_an,Regime-invariant importance,11807226243.0947,7310695732.960606,16303756753.22879,8993061020.268183,1.030196462793892e+21,0.01962614642816131,1.009977676165325e+21,0.5961850168345388,0.7371609118365374,1.242965166699975e-05,1.244199254589103e-05,0.7240225315491217,0.7178575248111099,HH,6.124400332561376e-05,3.803104832926846,0.0,0.0,0.0,0.0,692.449685164022,0.0,1214093056.446352,0.0,0.0,10919440377.08417,0.0,0.0,119510612956.2964,0.0,57271472807.23849,0.0,0.3125,0.3125,0.3125,0.3536998744472057,ns,RPA2501,15,6,-0.09203941687622337,0.09203941687622337,False,Tier1_UniversalCore_HH
RPA4677,Q6N0T4,Caspase-1 p20:TPR repeat OS=Rhodopseudomonas palustris (strain ATCC BAA-98 / CGA009) OX=258594 GN=RPA4677 PE=4 SV=1,rpa:TX73_024310,,,,Oxygen-bridging pan-condition core,O2-bridging core,3,True,Ac+pCA_an,Regime-invariant importance,12999824213.74608,3663476201.487298,22336172226.00486,18672696024.51756,1.990539244269398e+21,0.04379084434379095,1.90337185006339e+21,0.4337528870364047,0.6393972841530772,0.0001954756353320495,0.0001973825654358934,3.902963297792911,3.928128102467842,HH,5.729370955352317e-05,9.162421457771723,0.0,0.0,26698056255.75632,0.0,2.830275655321326,0.0,0.0,0.0,0.0,235829674.2988298,1527886971.634396,178453548130.9098,0.0,0.0,1081866384.507671,0.0,0.375,0.375,0.3125,0.867478275876471,ns,RPA4677,16,13,-0.6061558419768247,0.6061558419768247,True,Tier1_UniversalCore_HH
RPA2832,Q6N5Y6,Sec translocon accessory complex subunit YajC OS=Rhodopseudomonas palustris (strain ATCC BAA-98 / CGA009) OX=258594 GN=yajC PE=3 SV=1,rpa:TX73_014665,K03210,"rpa02024,rpa03060,rpa03070","Quorum sensing, Protein export, Bacterial secretion system",Context-dependent modulator,Context-modulator,6,True,pC_an,Regime-invariant importance,12955473310.56149,0.0,25910946621.12298,25910946621.12298,2.601895361839657e+21,0.06450846992632236,2.434051073138985e+21,0.3429606090863598,0.6281977902611812,1.501841599760904e-05,1.434436597437406e-05,0.8058197109117251,0.7801087628743525,HH,5.706060224306049e-05,5.575808734995877,0.0,3070753088.059848,0.0,0.0,0.0,0.0,0.0,0.0,0.0,0.0,0.0,0.0,0.0,0.0,0.0,204216819880.924,0.125,0.125,0.125,2.864533095311224e-11,Ae_up,RPA2832,17,2,-0.7644137444796071,0.7644137444796071,True,Tier2_AdaptiveGeneralist_HH
RPA4206,Q6N244,D-beta-hydroxybutyrate dehydrogenase OS=Rhodopseudomonas palustris (strain ATCC BAA-98 / CGA009) OX=258594 GN=RPA4206 PE=4 SV=1,rpa:TX73_021805,K00019,"rpa00650,rpa01100","Butanoate metabolism, Metabolic pathways",Oxygen-bridging pan-condition core,O2-bridging core,6,True,pC_an,Regime-invariant importance,12878108452.82485,6423464117.554369,19332752788.09533,12909288670.54096,1.527617182294943e+21,0.0272728233078982,1.485954748800104e+21,0.5341014490011193,0.7022733338177983,1.624709917349224e-05,1.639578770611972e-05,0.8820705239502408,0.9079709984354801,HH,5.689966987696643e-05,6.137965588967343,51387712940.43495,0.0,0.0,0.0,13.47406274886233,0.0,0.0,0.0,0.0,3280619652.001316,0.0,0.0,0.0,0.0,0.0,151381402639.2873,0.25,0.25,0.25,4.889721742707102e-15,Ae_up,RPA4206,18,2,-0.7644137444796071,0.7644137444796071,True,Tier1_UniversalCore_HH
RPA2841,Q6N5X7,5'-nucleotidase SurE OS=Rhodopseudomonas palustris (strain ATCC BAA-98 / CGA009) OX=258594 GN=surE PE=3 SV=1,,,,,Context-dependent modulator,Context-modulator,35,True,Ac+KL_ae,Regime-invariant importance,12296651929.93465,19593933342.0298,4999370517.839499,-14594562824.1903,7.129352631444271e+20,0.07469165681670298,6.596849471371178e+20,0.3037105115407618,0.6281977902611812,1.330919235785111e-05,1.364241174156903e-05,0.4732878730331044,0.4966009840519912,HH,5.415891398760122e-05,7.360341406014502,0.0,7590954164.532083,106337939175.1437,17212343408.10546,0.0,0.0,6171544681.123536,25090406485.85853,0.0,0.0,0.0,7313603492.325379,0.0,27029639471.86563,0.0,0.0,0.4375,0.4375,0.4375,0.0143066792895246,Ae_up,RPA2841,19,8,0.25136836950793007,0.25136836950793007,False,Tier2_AdaptiveGeneralist_HH
RPA4208,Q6N242,SCP-like extracellular protein OS=Rhodopseudomonas palustris (strain ATCC BAA-98 / CGA009) OX=258594 GN=RPA4208 PE=4 SV=1,rpa:TX73_021815,,,,Context-dependent modulator,Context-modulator,6,True,pC_an,Regime-invariant importance,12080079397.4436,505520601.9629352,23654638192.92427,23149117590.96133,1.846755548714467e+21,0.0725436625347064,1.712785137404428e+21,0.3144122273164606,0.6281977902611812,8.718986218575033e-06,9.661803120166153e-06,0.4148835837159522,0.4882511962758777,HH,5.320505002315851e-05,2.3471839235872,4044164815.703482,0.0,0.0,0.0,0.0,0.0,0.0,16790248163.35987,0.0,0.0,0.0,0.0,0.0,0.0,0.0,172446857380.0343,0.1875,0.1875,0.1875,3.415648373025535e-06,Ae_up,RPA4208,20,2,-0.7644137444796071,0.7644137444796071,True,Tier2_AdaptiveGeneralist_HH
RPA3033,Q6N5E6,Possible acetylornitine deacetylase OS=Rhodopseudomonas palustris (strain ATCC BAA-98 / CGA009) OX=258594 GN=argE PE=4 SV=1,rpa:TX73_015700,K01438,"rpa00220,rpa01100,rpa01110,rpa01210,rpa01230","Arginine biosynthesis, Metabolic pathways, Biosynthesis of secondary metabolites, 2-Oxocarboxylic acid metabolism, Biosynthesis of amino acids",Oxygen-bridging pan-condition core,O2-bridging core,35,True,Ac+KL_ae,Regime-invariant importance,11429492549.80267,15270718920.87483,7588266178.730515,-7682452742.144318,6.261288405281963e+20,0.02356546940302733,6.113738204943761e+20,0.560366399912344,0.7142777296158787,1.81398776480689e-05,1.821844254490834e-05,0.7733472047811691,0.7812078940715846,HH,5.318266350719418e-05,7.286765493540602,33905501636.15195,0.0,88260249730.84671,0.0,213.0421325089183,0.0,0.0,0.0,0.0,11644862916.8326,0.0,0.0,49061266299.96938,0.0,0.0,0.0,0.3125,0.3125,0.3125,8.056687402495431e-13,Ae_up,RPA3033,21,1,-0.6150968944808747,0.6150968944808747,True,Tier1_UniversalCore_HH
RPA2343,Q6N7B5,Transcriptional regulator GntR family OS=Rhodopseudomonas palustris (strain ATCC BAA-98 / CGA009) OX=258594 GN=RPA2343 PE=4 SV=1,rpa:TX73_012115,,,,Context-dependent modulator,Context-modulator,35,True,Ac+KL_ae,Regime-invariant importance,11135643147.77282,20709900615.63455,1561385679.911086,-19148514935.72346,1.235923033431803e+21,0.07416837746471551,1.144256627370897e+21,0.3088019986600712,0.6281977902611812,2.763696869104556e-05,2.759066996305187e-05,1.363261600090004,1.364114959192789,HH,4.913610114650379e-05,5.569947099147651,0.0,0.0,140779049438.3678,24900155486.70858,6.795897784368763,8673436213.648613,0.0,2806614101.925697,0.0,1011035116.918478,0.0,0.0,0.0,0.0,0.0,0.0,0.375,0.375,0.375,3.901854083307484e-09,An_up,RPA2343,22,3,0.7011770108380053,0.7011770108380053,True,Tier2_AdaptiveGeneralist_HH
RPA0477,Q6NCJ5,DUF937 domain-containing protein OS=Rhodopseudomonas palustris (strain ATCC BAA-98 / CGA009) OX=258594 GN=RPA0477 PE=4 SV=1,rpa:TX73_002475,,,,Oxygen-bridging pan-condition core,O2-bridging core,35,True,Ac+KL_ae,Regime-invariant importance,10756999856.19755,12923186423.77046,8590813288.624636,-4332373135.145828,5.591916763303089e+20,0.008391334213568642,5.544993120847756e+20,0.7274504981549518,0.8326907986494498,2.021418740501301e-05,2.012390489332298e-05,0.9021935199753183,0.8997184055710321,HH,4.737772796172316e-05,5.376204794512798,0.0,0.0,68796665497.05052,0.0,0.0,0.0,0.0,0.0,27524765530.02882,0.0,3081012104.860737,68726506308.99709,0.0,3983048258.223639,0.0,0.0,0.3125,0.3125,0.3125,4.979389363482051e-09,An_up,RPA0477,23,3,0.7011770108380053,0.7011770108380053,True,Tier1_UniversalCore_HH
RPA3819,Q6N375,Uncharacterized protein OS=Rhodopseudomonas palustris (strain ATCC BAA-98 / CGA009) OX=258594 GN=RPA3819 PE=4 SV=1,rpa:TX73_019770,,,,Oxygen-bridging pan-condition core,O2-bridging core,3,True,Ac+pCA_an,Regime-invariant importance,9918894911.048046,657942992.0706164,19179846830.02548,18521903837.95486,1.409469590864688e+21,0.06084929465771311,1.323704360419077e+21,0.3570424876275962,0.6281977902611812,9.765659013606634e-05,9.68611291368918e-05,1.73790807692508,1.712034799942125,HH,4.368640987810425e-05,6.885955647202198,0.0,0.0,0.0,769824502.2932028,0.0,0.0,637408573.7679065,0.0,0.0,0.0,0.0,150640279659.8939,0.0,3856310860.503821,0.0,2798494980.309912,0.3125,0.3125,0.3125,5.369228359688836e-06,Ae_up,RPA3819,24,2,-0.7644137444796071,0.7644137444796071,True,Tier1_UniversalCore_HH
RPA3761,Q6N3D3,Putative catechol 23-dioxygenase OS=Rhodopseudomonas palustris (strain ATCC BAA-98 / CGA009) OX=258594 GN=RPA3761 PE=3 SV=1,rpa:TX73_019475,,,,Oxygen-bridging pan-condition core,O2-bridging core,35,True,Ac+KL_ae,Regime-invariant importance,9773806133.861504,18390197658.55746,1157414609.16554,-17232783049.39193,1.345019088185771e+21,0.05519788050517112,1.270776885278919e+21,0.3803410510615513,0.6281977902611812,2.248021844639481e-05,2.267134023856492e-05,1.042948654940184,1.058156522192741,HH,4.304738629274249e-05,5.229515646407881,0.0,7466536549.236864,147121581268.4597,0.0,0.0,0.0,0.0,0.0,0.0,0.0,0.0,1792780324.087459,0.0,0.0,0.0,0.0,0.1875,0.1875,0.1875,0.0001786173211448464,Ae_up,RPA3761,25,8,0.25136836950793007,0.25136836950793007,False,Tier1_UniversalCore_HH
RPA3700,Q6N3J3,Bacterial luciferase OS=Rhodopseudomonas palustris (strain ATCC BAA-98 / CGA009) OX=258594 GN=RPA3700 PE=4 SV=1,rpa:TX73_019170,,,,Context-dependent modulator,Context-modulator,51,True,SF_ae,Regime-invariant importance,9382253654.793434,16072262210.17891,2692245099.407958,-13380017110.77095,2.933909592170897e+20,0.1525480355310275,2.486347447459589e+20,0.140095448902541,0.6281977902611812,4.465315772731211e-05,4.483670659326767e-05,2.196723878417453,2.20346184834191,HH,4.209209064167383e-05,7.758203637860687,2318906456.270674,0.0,29530585482.44387,54056590598.3501,57.64309254278988,4656039776.015154,0.0,11952678207.37002,0.0,0.0,0.0,4929242754.235394,0.0,42672015144.36662,0.0,0.0,0.5,0.5,0.5,5.696766756122602e-07,Ae_up,RPA3700,26,8,0.25136836950793007,0.25136836950793007,False,Tier2_AdaptiveGeneralist_HH
RPA1835,Q6N8R8,Methylmalonyl-CoA mutase subunit alpha N-terminus OS=Rhodopseudomonas palustris (strain ATCC BAA-98 / CGA009) OX=258594 GN=mutB PE=4 SV=1,rpa:TX73_009435,K01847,"rpa00280,rpa00630,rpa00640,rpa00720,rpa01100,rpa01120,rpa01200,rpa04980","Valine, leucine and isoleucine degradation, Glyoxylate and dicarboxylate metabolism, Propanoate metabolism, Other carbon fixation pathways, Metabolic pathways, Microbial metabolism in diverse environments, Carbon metabolism, Cobalamin transport and metabolism",Oxygen-bridging pan-condition core,O2-bridging core,6,True,pC_an,Regime-invariant importance,8955831810.887558,2154601957.044765,15757061664.73035,13602459707.68559,7.705933428575475e+20,0.06002741647529847,7.24336615332745e+20,0.3597064914717997,0.6281977902611812,7.188710383496354e-06,6.788498325974488e-06,0.3199162407196034,0.3091621436697987,HH,3.944473076874837e-05,4.027044439626331,0.0,14315572557.4559,0.0,0.0,0.0,0.0,0.0,0.0,0.0,0.0,7459093235.583187,0.0,0.0,9777722420.77493,0.0,111740920760.3869,0.25,0.25,0.25,1.541506305680177e-07,Ae_up,RPA1835,27,10,-0.45471877783615555,0.45471877783615555,False,Tier1_UniversalCore_HH
RPA1661,Q6N988,DUF156 OS=Rhodopseudomonas palustris (strain ATCC BAA-98 / CGA009) OX=258594 GN=RPA1661 PE=3 SV=1,rpa:TX73_008540,,,,Oxygen-bridging pan-condition core,O2-bridging core,44,True,CA_an,Regime-invariant importance,8910663781.388577,5451265580.836759,12370061981.94039,6918796401.103635,3.109232282853963e+20,0.03849000274433097,2.989557923754152e+20,0.4614444652259341,0.6528986786412432,7.173936907662951e-06,7.087287449773826e-06,0.4138717126121478,0.4012290305296198,HH,3.924579438845857e-05,4.377420914224627,11496968354.30287,0.0,9583454276.164948,14952863281.71622,0.0,0.0,0.0,3049102480.641569,414214161.5101765,1235293840.280143,0.0,25629104161.19446,69046995373.40698,0.0,7162624572.999846,0.0,0.5625,0.5625,0.5625,1.292570227837833e-14,An_up,RPA1661,28,3,0.7011770108380053,0.7011770108380053,True,Tier1_UniversalCore_HH
RPA4196,Q6N254,TPR repeat OS=Rhodopseudomonas palustris (strain ATCC BAA-98 / CGA009) OX=258594 GN=RPA4196 PE=4 SV=1,rpa:TX73_021750,,,,Oxygen-bridging pan-condition core,O2-bridging core,44,True,CA_an,Regime-invariant importance,8775881113.05294,2908978251.931725,14642783974.17416,11733805722.24243,7.259554446063884e+20,0.04741413462432956,6.915348954245561e+20,0.4156697100032021,0.6317313536322356,1.111280452323134e-05,1.180431147148697e-05,0.6463126026894883,0.6801508734090059,HH,3.871864908612123e-05,2.18117883601675,0.0,8324927461.378505,0.0,604543966.4712769,4.982147293854686,0.0,4637165352.947121,0.0,0.0,0.0,12666011955.18447,0.0,108817344327.0326,0.0,5364104740.850934,0.0,0.4375,0.4375,0.375,0.6331721226557947,ns,RPA4196,29,4,0.1907718068154067,0.1907718068154067,False,Tier1_UniversalCore_HH
RPA1791,Q6N8W2,Branched-chain amino acid transport system ATP-binding protein OS=Rhodopseudomonas palustris (strain ATCC BAA-98 / CGA009) OX=258594 GN=RPA1791 PE=3 SV=1,rpa:TX73_009210,K01996,"rpa02010,rpa02024","ABC transporters, Quorum sensing",Context-dependent modulator,Context-modulator,44,True,CA_an,Regime-invariant importance,8303465946.570359,0.0,16606931893.14072,16606931893.14072,8.288349926222435e+20,0.08318609535019678,7.5988744589639e+20,0.2812089879648838,0.6281977902611812,1.494987058538857e-05,1.425001731108167e-05,0.872745968271053,0.8247676438092721,HH,3.66604611749152e-05,3.514942876635542,0.0,0.0,0.0,0.0,6.668163807115235,0.0,0.0,0.0,0.0,17897326494.62426,0.0,0.0,114958128643.8333,0.0,0.0,0.0,0.1875,0.1875,0.1875,0.001211239464983662,An_up,RPA1791,30,9,-0.7108674866789133,0.7108674866789133,True,Tier2_AdaptiveGeneralist_HH
RPA0450,Q6NCM2,Ferric uptake regulation protein OS=Rhodopseudomonas palustris (strain ATCC BAA-98 / CGA009) OX=258594 GN=fur PE=3 SV=1,rpa:TX73_002335,,,,Oxygen-bridging pan-condition core,O2-bridging core,44,True,CA_an,Regime-invariant importance,8216663993.349545,5671602352.572977,10761725634.12611,5090123281.553137,3.34525520275858e+20,0.01936276416224073,3.280481815205057e+20,0.5968472550166448,0.737227048024648,1.11206401960003e-05,1.16578991291403e-05,0.6467750022749867,0.6714933808544548,HH,3.618916767071596e-05,6.241548546338668,0.0,13247014508.23788,41170133701.91972,0.0,0.0,2448575324.46593,0.0,0.0,0.0,2902588521.745735,2068463935.999244,2711119115.422142,64784507603.13723,2134221182.664857,0.0,0.0,0.5,0.5,0.5,4.312076890443746e-21,An_up,RPA0450,31,3,0.7011770108380053,0.7011770108380053,True,Tier1_UniversalCore_HH
RPA1624,Q6N9C5,YHS domain-containing protein OS=Rhodopseudomonas palustris (strain ATCC BAA-98 / CGA009) OX=258594 GN=RPA1624 PE=4 SV=1,rpa:TX73_008345,,,,Context-dependent modulator,Context-modulator,35,True,Ac+KL_ae,Regime-invariant importance,7708354151.178757,14635462493.48897,781245808.868546,-13854216684.62042,3.488558452332766e+20,0.137549164337541,3.008710152471729e+20,0.1644177018130955,0.6281977902611812,1.370799681077361e-05,1.376889724786443e-05,0.4980597201837357,0.5044677687516763,HH,3.408094497970224e-05,5.049505299751002,0.0,0.0,59973991588.2967,236094409.870878,9.783348588430943,0.0,2961517826.744183,2459369865.425908,1372692967.913597,3790596595.739111,2027843027.089797,0.0,0.0,0.0,50511560127.99658,0.0,0.5625,0.5625,0.5625,0.2069955193735115,ns,RPA1624,32,1,-0.6150968944808747,0.6150968944808747,True,Tier2_AdaptiveGeneralist_HH
RPA0747,Q6NBT1,Sulfate/thiosulfate import ATP-binding protein CysA OS=Rhodopseudomonas palustris (strain ATCC BAA-98 / CGA009) OX=258594 GN=cysA PE=3 SV=1,,,,,Oxygen-bridging pan-condition core,O2-bridging core,44,True,CA_an,Regime-invariant importance,7122696347.502895,1460129604.712462,12785263090.29333,11325133485.58087,6.374825931629088e+20,0.05029888260550847,6.054179310463526e+20,0.4018178308702071,0.6281977902611812,1.508285676051784e-05,1.5142215046656e-05,0.8805937631024535,0.877524092679089,HH,3.367989372497873e-05,3.523062491335581,0.0,0.0,0.0,0.0,173.0211407368653,1107550136.29521,0.0,0.0,0.0,0.0,0.0,0.0,101174554413.0303,0.0,11681036837.6997,0.0,0.25,0.25,0.25,0.0001426158215563004,Ae_up,RPA0747,33,1,-0.6150968944808747,0.6150968944808747,True,Tier1_UniversalCore_HH
RPA2435,Q6N728,Biotin carboxylase OS=Rhodopseudomonas palustris (strain ATCC BAA-98 / CGA009) OX=258594 GN=accC PE=4 SV=1,rpa:TX73_012595,K01961,"rpa00061,rpa00620,rpa00640,rpa00720,rpa01100,rpa01110,rpa01120,rpa01200,rpa01212","Fatty acid biosynthesis, Pyruvate metabolism, Propanoate metabolism, Other carbon fixation pathways, Metabolic pathways, Biosynthesis of secondary metabolites, Microbial metabolism in diverse environments, Carbon metabolism, Fatty acid metabolism",Oxygen-bridging pan-condition core,O2-bridging core,3,True,Ac+pCA_an,Regime-invariant importance,7019701823.375587,1366658333.178637,12672745313.57253,11306086980.3939,6.406279481711928e+20,0.04988371299329946,6.086710474691348e+20,0.4038689566765953,0.6308048466186822,6.472752716549068e-05,6.5149841618259e-05,1.009080274937313,1.012928475242628,HH,3.094857647556444e-05,6.745317853251347,0.0,0.0,0.0,10933266665.4291,2.34277849493389,0.0,0.0,0.0,0.0,0.0,0.0,101381962506.2375,0.0,0.0,0.0,0.0,0.1875,0.1875,0.125,0.03800789437991109,Ae_up,RPA2435,34,2,-0.7644137444796071,0.7644137444796071,True,Tier1_UniversalCore_HH
RPA2671,Q6N6E6,Putative FAD-dependent monoxygenase OS=Rhodopseudomonas palustris (strain ATCC BAA-98 / CGA009) OX=258594 GN=RPA2671 PE=3 SV=1,rpa:TX73_013845,K03185,"rpa00130,rpa01100,rpa01110,rpa01240","Ubiquinone and other terpenoid-quinone biosynthesis, Metabolic pathways, Biosynthesis of secondary metabolites, Biosynthesis of cofactors",Oxygen-bridging pan-condition core,O2-bridging core,6,True,pC_an,Regime-invariant importance,5529189682.770358,1373491935.707807,9684887429.83291,8311395494.125104,3.281105327211501e+20,0.05263416453508916,3.108407089562093e+20,0.3905936570026912,0.6281977902611812,5.428999221917784e-05,5.369792711840509e-05,3.242973303452919,3.232960961571443,HH,2.677446510733642e-05,7.697416549828684,0.0,0.0,0.0,0.0,181.4852162026077,4866795468.35923,0.0,0.0,0.0,0.0,10700179648.67136,0.0,0.0,287755836.9910913,0.0,72612303788.81883,0.3125,0.3125,0.3125,0.3653963135098867,ns,RPA2671,35,18,-0.23162940573209054,0.23162940573209054,False,Tier1_UniversalCore_HH
RPA1737,Q6N914,Possible dehydrogenase OS=Rhodopseudomonas palustris (strain ATCC BAA-98 / CGA009) OX=258594 GN=RPA1737 PE=4 SV=1,rpa:TX73_008935,,,,Context-dependent modulator,Context-modulator,6,True,pC_an,Regime-invariant importance,6021957968.123634,688565761.1530285,11355350175.09424,10666784413.94121,2.11383860732259e+20,0.134565961350302,1.829387882988842e+20,0.1690209102891182,0.6281977902611812,2.314466544459863e-05,2.291411561632792e-05,1.310126386097818,1.314249222860104,HH,2.652288651340975e-05,5.018732943713146,0.0,13450968495.28664,0.0,0.0,0.0,0.0,0.0,14325662283.54623,3787618698.775072,1825653955.832512,0.0,3518714362.33069,0.0,0.0,1720907390.449156,57721802303.75784,0.4375,0.4375,0.4375,1.277909256167945e-07,An_up,RPA1737,36,3,0.7011770108380053,0.7011770108380053,True,Tier2_AdaptiveGeneralist_HH
RPA1578,Q6N9H1,ferredoxin--NADP(+) reductase OS=Rhodopseudomonas palustris (strain ATCC BAA-98 / CGA009) OX=258594 GN=fpr PE=3 SV=1,rpa:TX73_008105,,,,Context-dependent modulator,Context-modulator,44,True,CA_an,Regime-invariant importance,5997395475.96074,0.0,11994790951.92148,11994790951.92148,5.755000399211897e+20,0.06249999999999999,5.395312874261154e+20,0.3506166628202075,0.6281977902611812,7.504072647896955e-06,7.056006972968951e-06,0.4333537193196162,0.3993793880015343,HH,2.641470439132066e-05,2.281095818577086,0.0,0.0,0.0,0.0,0.0,0.0,0.0,0.0,0.0,0.0,0.0,0.0,95958327615.37184,0.0,0.0,0.0,0.0625,0.0625,0.0625,9.616884750447566e-06,Ae_up,RPA1578,37,1,-0.6150968944808747,0.6150968944808747,True,Tier2_AdaptiveGeneralist_HH
RPA3541,Q6N401,VbhA domain-containing protein OS=Rhodopseudomonas palustris (strain ATCC BAA-98 / CGA009) OX=258594 GN=RPA3541 PE=4 SV=1,,,,,Context-dependent modulator,Context-modulator,44,True,CA_an,Regime-invariant importance,5971167245.391492,1700811047.880867,10241523442.90212,8540712395.02125,1.312825240155118e+20,0.138906089674683,1.130465819618944e+20,0.1567839766919092,0.6281977902611812,2.710475627322708e-05,2.734988678324302e-05,1.590031422827213,1.599374624362159,HH,2.629918575327668e-05,5.885793017396353,0.0,0.0,1613186228.236335,0.0,0.0,0.0,11993302154.8106,22237989548.8301,0.0,0.0,0.0,0.0,37497157491.66569,0.0,0.0,22197040502.72115,0.3125,0.3125,0.3125,0.0172490859689585,Ae_up,RPA3541,38,1,-0.6150968944808747,0.6150968944808747,True,Tier2_AdaptiveGeneralist_HH
RPA4707,Q6N0Q5,Uncharacterized protein OS=Rhodopseudomonas palustris (strain ATCC BAA-98 / CGA009) OX=258594 GN=RPA4707 PE=4 SV=1,,,,,Context-dependent modulator,Context-modulator,35,True,Ac+KL_ae,Regime-invariant importance,5852453854.64116,10906060327.50996,798847381.7723577,-10107212945.7376,3.129442512583716e+20,0.08160858772745473,2.874053128757501e+20,0.2852450814684033,0.6281977902611812,2.613484808326615e-05,2.682189212432564e-05,1.269956969650093,1.316300708245932,HH,2.57763289337572e-05,7.967020178978939,0.0,0.0,70340968598.57787,15888718049.91412,0.0,6390779054.178862,0.0,0.0,1018795971.587705,0.0,0.0,0.0,0.0,0.0,0.0,0.0,0.25,0.25,0.25,4.167477824431353e-08,An_up,RPA4707,39,17,0.34558391883036077,0.34558391883036077,False,Tier2_AdaptiveGeneralist_HH
RPA0595,Q6NC77,Methyltransferase type 11 domain-containing protein OS=Rhodopseudomonas palustris (strain ATCC BAA-98 / CGA009) OX=258594 GN=RPA0595 PE=4 SV=1,rpa:TX73_003080,,,,Oxygen-bridging pan-condition core,O2-bridging core,3,True,Ac+pCA_an,Regime-invariant importance,5782503511.735902,3368380854.749918,8196626168.721887,4828245313.97197,2.692065751745834e+20,0.02164875876153306,2.633785869716103e+20,0.5783828859873107,0.7259004383633056,6.748668289344092e-05,6.721973919860105e-05,1.070149410319053,1.058561390306296,HH,2.546824225891309e-05,6.008651262109931,0.0,0.0,0.0,84453590.77820556,0.0,0.0,0.0,0.0,0.0,3618196946.609342,26862593247.22113,61954812403.16575,0.0,0.0,0.0,0.0,0.25,0.25,0.25,0.0263370912976632,Ae_up,RPA0595,40,4,0.1907718068154067,0.1907718068154067,False,Tier1_UniversalCore_HH
RPA2421,Q6N742,NADH:ubiquinone oxidoreductase 17.2 k OS=Rhodopseudomonas palustris (strain ATCC BAA-98 / CGA009) OX=258594 GN=RPA2421 PE=4 SV=1,rpa:TX73_012525,,,,Intermediate-importance protein,Intermediate,35,True,Ac+KL_ae,Regime-invariant importance,4569993835.444285,7254982535.014337,1885005135.874234,-5369977399.140102,1.348702523804607e+20,0.05345259009734977,1.276610880636418e+20,0.3826054215888394,0.6281977902611812,1.416493146778914e-05,1.37730458663147e-05,0.5264423407850519,0.5047257926874243,HH,2.462737160265673e-05,5.616757842485635,0.0,0.0,45253812576.65714,6114999998.732599,337.1661906664126,0.0,0.0,0.0,6671047704.724963,15080040749.82768,0.0,0.0,0.0,0.0,0.0,0.0,0.3125,0.3125,0.3125,5.553307301115559e-24,Ae_up,RPA2421,41,2,-0.7644137444796071,0.7644137444796071,True,Tier3_AdaptiveSpecialist_HH
RPA1589,Q6N9G0,30S ribosomal protein S4 OS=Rhodopseudomonas palustris (strain ATCC BAA-98 / CGA009) OX=258594 GN=rpsD PE=1 SV=3,,,,,Context-dependent modulator,Context-modulator,3,True,Ac+pCA_an,Regime-invariant importance,5567960073.290017,301971648.6950991,10833948497.88494,10531976849.18984,4.225988395536097e+20,0.06561928593381725,3.94868205465642e+20,0.338765204945285,0.6281977902611812,3.953890341641396e-05,3.880096260095279e-05,0.4515736948520943,0.4320416866214769,HH,2.452331516041493e-05,4.789644520731203,0.0,0.0,2415773189.560792,0.0,0.0,0.0,0.0,0.0,0.0,0.0,0.0,82535280094.61533,4136307888.464157,0.0,0.0,0.0,0.1875,0.1875,0.1875,2.559656486128083e-05,Ae_up,RPA1589,42,1,-0.6150968944808747,0.6150968944808747,True,Tier2_AdaptiveGeneralist_HH
RPA0460,Q6NCL2,Putative esterase OS=Rhodopseudomonas palustris (strain ATCC BAA-98 / CGA009) OX=258594 GN=RPA0460 PE=4 SV=1,rpa:TX73_002380,K18372,"rpa00650,rpa01100","Butanoate metabolism, Metabolic pathways",Context-dependent modulator,Context-modulator,51,True,SF_ae,Regime-invariant importance,5318731689.741446,9085377993.503294,1552085385.979596,-7533292607.523699,7.910440967892396e+19,0.179353141439634,6.491678530128115e+19,0.1012932081313197,0.6281977902611812,7.890606535343452e-06,7.832327611560654e-06,0.1015364700643167,0.102953648453522,HH,2.345616873885545e-05,7.260617912191709,0.0,0.0,18221122236.71075,8180545796.352601,2.288939386927558,0.0,0.0,12416683085.54783,25888591455.13477,0.0,0.0,0.0,0.0,20392764459.82824,0.0,0.0,0.375,0.375,0.3125,1.125661797991064e-14,Ae_up,RPA0460,43,2,-0.7644137444796071,0.7644137444796071,True,Tier2_AdaptiveGeneralist_HH
RPA3771,Q6N3C3,Uncharacterized protein OS=Rhodopseudomonas palustris (strain ATCC BAA-98 / CGA009) OX=258594 GN=RPA3771 PE=4 SV=1,rpa:TX73_019525,,,,Oxygen-bridging pan-condition core,O2-bridging core,44,True,CA_an,Regime-invariant importance,5126866929.475446,4347379624.257682,5906354234.69321,1558974610.435528,1.095525211730933e+20,0.005546202428656489,1.089449207140977e+20,0.7786948598088808,0.8700793098616374,9.18427087516847e-06,9.398906318343112e-06,0.5325057623864417,0.5379171185885695,HH,2.258058101029892e-05,3.992523563269017,0.0,0.0,2077806471.184284,17212233855.55168,0.0,0.0,12168162318.42232,8007270286.156677,0.0,0.0,3320834348.903169,0.0,39243563591.389,0.0,0.0,0.0,0.375,0.375,0.375,5.887018164825006e-09,Ae_up,RPA3771,44,1,-0.6150968944808747,0.6150968944808747,True,Tier1_UniversalCore_HH
RPA4244,Q6N208,UspA domain-containing protein OS=Rhodopseudomonas palustris (strain ATCC BAA-98 / CGA009) OX=258594 GN=RPA4244 PE=4 SV=1,rpa:TX73_021990,,,,Oxygen-bridging pan-condition core,O2-bridging core,44,True,CA_an,Regime-invariant importance,5073367322.159235,3325976718.844222,6820757925.474248,3494781206.630026,1.14352223935349e+20,0.02670148262512047,1.112988500147954e+20,0.5381563308914875,0.7032851698599003,1.056919850095386e-05,1.019138697471504e-05,0.6142332641582424,0.5847772075141385,HH,2.234494934018914e-05,5.431745540780742,0.0,0.0,7309978343.424533,735390863.3754714,0.0,5794383347.834548,0.0,0.0,0.0,4890307046.9414,14304611605.13175,0.0,42313501567.8957,0.0,4257832938.822027,1567871441.12234,0.5,0.5,0.5,7.964229205736729e-29,An_up,RPA4244,45,3,0.7011770108380053,0.7011770108380053,True,Tier1_UniversalCore_HH
RPA3125,Q6N558,Ribonuclease R OS=Rhodopseudomonas palustris (strain ATCC BAA-98 / CGA009) OX=258594 GN=RNR PE=3 SV=1,rpa:TX73_016160,K12573,rpa03018,RNA degradation,Intermediate-importance protein,Intermediate,49,True,Ac+SA_an,Regime-invariant importance,4375427439.633812,2700958643.755967,6049896235.511655,3348937591.755688,6.636324543851688e+19,0.04224997933481504,6.355939969014828e+19,0.4374480008261058,0.6404722884046419,2.284457988898837e-05,2.320414814790019e-05,1.364972279771385,1.371439328871147,HH,1.942337476405082e-05,4.709552973469355,0.0,0.0,0.0,12007174794.90098,11.42049187922528,0.0,3702596768.507617,29873556529.44521,0.0,0.0,2697435663.155323,3680272014.559797,0.0,0.0,3200461923.483815,14845341328.66775,0.5,0.5,0.5,0.003934552043798184,Ae_up,RPA3125,46,2,-0.7644137444796071,0.7644137444796071,True,Tier3_AdaptiveSpecialist_HH
RPA3287,Q6N4Q0,Putative 3-oxoacyl-acyl carrier protein reductase OS=Rhodopseudomonas palustris (strain ATCC BAA-98 / CGA009) OX=258594 GN=RPA3287 PE=4 SV=1,rpa:TX73_016995,,,,Intermediate-importance protein,Intermediate,3,True,Ac+pCA_an,Regime-invariant importance,4403148224.137202,1359971944.120928,7446324504.153477,6086352560.032549,1.998652291385759e+20,0.04633583295688044,1.906043072673222e+20,0.4198747292317313,0.6343835942496174,5.707301564175719e-05,5.712336138044284e-05,0.8396609138665845,0.8359768741436289,HH,1.939306140439589e-05,4.06422189800042,0.0,3181873484.62702,10879775552.96743,0.0,0.0,0.0,0.0,0.0,0.0,0.0,0.0,56388722548.60079,0.0,0.0,0.0,0.0,0.1875,0.1875,0.1875,0.02446691019914549,Ae_up,RPA3287,47,4,0.1907718068154067,0.1907718068154067,False,Tier3_AdaptiveSpecialist_HH
RPA1651,Q6N998,Possible leucine/isoleucine/valine-binding protein OS=Rhodopseudomonas palustris (strain ATCC BAA-98 / CGA009) OX=258594 GN=RPA1651 PE=4 SV=1,rpa:TX73_008485,K01999,"rpa02010,rpa02024","ABC transporters, Quorum sensing",Intermediate-importance protein,Intermediate,35,True,Ac+KL_ae,Regime-invariant importance,4222680240.010089,6647314020.275146,1798046459.745033,-4849267560.530113,1.643603769796196e+20,0.03576804261729934,1.584815280112172e+20,0.4789286667472265,0.6661428795774837,2.223209624632231e-05,2.247016540575203e-05,1.027536476942089,1.045644423826007,HH,1.859821496281591e-05,6.730732446149453,0.0,0.0,51432144263.00217,1350521864.181821,0.0,7214186748.591906,0.0,0.0,395846035.0171624,0.0,0.0,7170184929.368355,0.0,0.0,0.0,0.0,0.3125,0.3125,0.3125,0.06559976378970574,ns,RPA1651,48,4,0.1907718068154067,0.1907718068154067,False,Tier3_AdaptiveSpecialist_HH
RPA0188,Q6NDC0,Dihydrolipoyllysine-residue succinyltransferase component of 2-oxoglutarate dehydrogenase complex OS=Rhodopseudomonas palustris (strain ATCC BAA-98 / CGA009) OX=258594 GN=sucB PE=3 SV=1,rpa:TX73_000975,K00658,"rpa00020,rpa00310,rpa00380,rpa00785,rpa01100,rpa01110,rpa01120,rpa01200,rpa01210","Citrate cycle (TCA cycle), Lysine degradation, Tryptophan metabolism, Lipoic acid metabolism, Metabolic pathways, Biosynthesis of secondary metabolites, Microbial metabolism in diverse environments, Carbon metabolism, 2-Oxocarboxylic acid metabolism",Intermediate-importance protein,Intermediate,43,True,Ac+CA_an,Regime-invariant importance,4115109382.177477,139072635.7167645,8091146128.638189,7952073492.921425,1.218711372700405e+20,0.1297179017389228,1.060622690608347e+20,0.1774086430175857,0.6281977902611812,7.325056651001658e-06,7.12834649487344e-06,0.1453029977836695,0.1324107739943417,HH,1.812443389865921e-05,3.501569615285449,956555092.1381166,31111376763.83076,156025993.5959989,0.0,0.0,33617792265.27476,0.0,0.0,0.0,0.0,0.0,0.0,0.0,0.0,0.0,0.0,0.25,0.25,0.25,0.0001887506506181548,Ae_up,RPA0188,49,4,0.1907718068154067,0.1907718068154067,False,Tier3_AdaptiveSpecialist_HH
RPA1853,Q6N8Q0,Putative short-chain dehydrogenase OS=Rhodopseudomonas palustris (strain ATCC BAA-98 / CGA009) OX=258594 GN=RPA1853 PE=4 SV=1,rpa:TX73_009530,,,,Intermediate-importance protein,Intermediate,35,True,Ac+KL_ae,Regime-invariant importance,4074151053.492264,7516137622.619073,632164484.3654552,-6883973138.253618,2.135257570814223e+20,0.05548403950878725,2.016784855393729e+20,0.3790379819491659,0.6281977902611812,2.275216528490781e-05,2.141507862688909e-05,1.059840706840242,0.9800231461642445,HH,1.807112082201339e-05,4.957287805337447,0.0,0.0,58756760199.84877,1372340781.10381,9.522881470164165,0.0,0.0,3376376885.200485,0.0,1680938980.200274,0.0,0.0,0.0,0.0,0.0,0.0,0.3125,0.3125,0.3125,0.0297177947830181,An_up,RPA1853,50,14,-0.36688938014314376,0.36688938014314376,False,Tier3_AdaptiveSpecialist_HH
RPA4149,Q6N2A1,Beta-lactamase-like OS=Rhodopseudomonas palustris (strain ATCC BAA-98 / CGA009) OX=258594 GN=RPA4149 PE=4 SV=1,rpa:TX73_021505,,,,Intermediate-importance protein,Intermediate,3,True,Ac+pCA_an,Regime-invariant importance,4071312026.983654,840432202.3521049,7302191851.615204,6461759649.263099,8.853425769984415e+19,0.1179044667274549,7.809567325863295e+19,0.1972298361010781,0.6281977902611812,3.686990732479338e-05,3.720342816204915e-05,0.3925000869359513,0.3968224786499758,HH,1.794141230295797e-05,3.066105882318064,0.0,16786557180.13514,0.0,1675851783.980828,0.7401936638360673,0.0,0.0,0.0,0.0,0.0,5047605834.836012,35247722120.45306,6383255511.593234,0.0,0.0,0.0,0.3125,0.3125,0.3125,0.0006654402260842402,Ae_up,RPA4149,51,2,-0.7644137444796071,0.7644137444796071,True,Tier3_AdaptiveSpecialist_HH
RPA0621,Q6NC51,Peptide deformylase OS=Rhodopseudomonas palustris (strain ATCC BAA-98 / CGA009) OX=258594 GN=def PE=3 SV=1,,,,,Intermediate-importance protein,Intermediate,49,True,Ac+SA_an,Regime-invariant importance,4012367695.69683,2041198305.255878,5983537086.137783,3942338780.881905,1.458304076706157e+20,0.02664402320390873,1.419448989048044e+20,0.5404635448270787,0.7032851698599003,1.947399217204779e-05,1.94733073284137e-05,1.131428267176572,1.115305761578393,HH,1.767192225624209e-05,9.19961009732354,0.0,0.0,0.0,4975741413.141026,0.0,0.0,0.0,47868296689.10226,0.0,0.0,0.0,0.0,0.0,0.0,11353845028.906,0.0,0.1875,0.1875,0.1875,6.076614421303394e-13,An_up,RPA0621,52,3,0.7011770108380053,0.7011770108380053,True,Tier3_AdaptiveSpecialist_HH
RPA0916,Q6NBB2,DUF1192 domain-containing protein OS=Rhodopseudomonas palustris (strain ATCC BAA-98 / CGA009) OX=258594 GN=RPA0916 PE=4 SV=1,rpa:TX73_004725,,,,Intermediate-importance protein,Intermediate,49,True,Ac+SA_an,Regime-invariant importance,3923664637.886127,997213306.9127359,6850115968.859518,5852902661.946782,1.860399767897608e+20,0.0460337479091068,1.774758593972049e+20,0.4227847510561634,0.6345826914610032,9.76696789640928e-06,1.037199142956232e-05,0.4588401044968592,0.4904727491230605,HH,1.729847737299767e-05,3.693902429679683,0.0,0.0,2999313805.165662,0.0,1.291542085226149,0.0,0.0,54800927749.5846,0.0,0.0,0.0,0.0,0.0,0.0,4978392650.136225,0.0,0.25,0.1875,0.1875,0.001174983078635695,Ae_up,RPA0916,53,1,-0.6150968944808747,0.6150968944808747,True,Tier3_AdaptiveSpecialist_HH
RPA4550,Q6N159,Uncharacterized protein OS=Rhodopseudomonas palustris (strain ATCC BAA-98 / CGA009) OX=258594 GN=RPA4550 PE=4 SV=1,rpa:TX73_023640,,,,Intermediate-importance protein,Intermediate,3,True,Ac+pCA_an,Regime-invariant importance,3773268821.839911,0.0,7546537643.679822,7546537643.679822,2.278009213771205e+20,0.06250000006935494,2.135633637752513e+20,0.3506166625518929,0.6281977902611812,3.567910286839017e-05,3.594062727841819e-05,0.366143691816749,0.3689827990386139,HH,1.703792015502973e-05,5.660945490847784,0.0,0.0,0.0,0.0,31.40337297392066,0.0,0.0,0.0,0.0,0.0,0.0,60372301118.0352,0.0,0.0,0.0,0.0,0.125,0.125,0.125,0.06315521253679494,ns,RPA4550,54,1,-0.6150968944808747,0.6150968944808747,True,Tier3_AdaptiveSpecialist_HH
RPA4359,Q6N1P6,DUF185 OS=Rhodopseudomonas palustris (strain ATCC BAA-98 / CGA009) OX=258594 GN=RPA4359 PE=1 SV=1,rpa:TX73_022595,,,,Intermediate-importance protein,Intermediate,43,True,Ac+CA_an,Regime-invariant importance,3805014638.262352,966821730.8292587,6643207545.695446,5676385814.866187,5.460674190210941e+19,0.1475154660251273,4.655140292230589e+19,0.1462525286223528,0.6281977902611812,2.953589015075585e-05,2.911024053069268e-05,0.9592832723076915,0.9361956406900701,HH,1.686589867214732e-05,8.208171345365528,5943751683.742393,21720392394.43791,0.0,0.0,8.035591914544044,22604545375.91927,0.0,4130131339.653473,1790822162.891676,0.0,0.0,3186829153.696263,1503762093.821062,0.0,0.0,0.0,0.5,0.5,0.5,2.731273072378317e-12,Ae_up,RPA4359,55,1,-0.6150968944808747,0.6150968944808747,True,Tier3_AdaptiveSpecialist_HH
RPA4129,Q6N2C1,Possible transcriptional regulator XRE family OS=Rhodopseudomonas palustris (strain ATCC BAA-98 / CGA009) OX=258594 GN=RPA4129 PE=4 SV=1,rpa:TX73_021395,,,,Intermediate-importance protein,Intermediate,28,True,pC_ae,Regime-invariant importance,3699062387.303866,7154996176.115665,243128598.492067,-6911867577.623598,1.897061219748267e+20,0.06295779086262664,1.777626436221756e+20,0.3487715278793775,0.6281977902611812,6.101173121871737e-06,6.196098664511993e-06,0.0242545302995198,0.03286715875652671,HH,1.661403836964566e-05,4.568435315574006,0.0,0.0,1950426735.819134,0.0,24.13097157187195,0.0,0.0,0.0,0.0,0.0,0.0,0.0,1945028763.805565,0.0,55289542673.10619,0.0,0.25,0.25,0.25,1.618031262547932e-15,Ae_up,RPA4129,56,1,-0.6150968944808747,0.6150968944808747,True,Tier3_AdaptiveSpecialist_HH
RPA1579,Q6N9H0,L-carnitine dehydratase/bile acid-inducible protein F OS=Rhodopseudomonas palustris (strain ATCC BAA-98 / CGA009) OX=258594 GN=RPA1579 PE=4 SV=1,rpa:TX73_008110,,,,Intermediate-importance protein,Intermediate,49,True,Ac+SA_an,Regime-invariant importance,3610241674.505918,2055654193.21166,5164829155.800178,3109174962.588518,7.085035153130099e+19,0.03411051864617968,6.843360929430416e+19,0.487843696368071,0.6728364130336392,1.040826146646094e-05,1.049669338370349e-05,0.503274572957173,0.499033917478389,HH,1.590081344402652e-05,2.424069467860512,0.0,5625688985.691838,5970102505.487556,0.0,0.0,0.0,0.0,33632251413.15414,7861238172.022781,0.0,0.0,2060692847.555444,0.0,2613892868.18294,0.0,0.0,0.375,0.375,0.375,1.669856597748003e-12,Ae_up,RPA1579,57,2,-0.7644137444796071,0.7644137444796071,True,Tier3_AdaptiveSpecialist_HH
RPA2547,Q6N6R7,Uncharacterized protein OS=Rhodopseudomonas palustris (strain ATCC BAA-98 / CGA009) OX=258594 GN=RPA2547 PE=4 SV=1,rpa:TX73_013165,,,,Intermediate-importance protein,Intermediate,51,True,SF_ae,Regime-invariant importance,3553973584.16498,5274220529.639198,1833726638.690763,-3440493890.948435,4.929543667608037e+19,0.06003090251250971,4.6336187122667e+19,0.3536528266994375,0.6281977902611812,2.284538684725742e-05,2.288706063421417e-05,0.953845855247974,0.9575171090873764,HH,1.565298837079639e-05,7.335155609600053,1508167314.154663,8467326776.736093,23526246779.30102,567926272.8642715,0.0,0.0,0.0,0.0,0.0,6202486332.79001,0.0,0.0,0.0,16591423870.79363,0.0,0.0,0.375,0.375,0.375,1.357147399412412e-20,An_up,RPA2547,58,3,0.7011770108380053,0.7011770108380053,True,Tier3_AdaptiveSpecialist_HH
RPA3770,Q6N3C4,Phasin domain-containing protein OS=Rhodopseudomonas palustris (strain ATCC BAA-98 / CGA009) OX=258594 GN=RPA3770 PE=4 SV=1,rpa:TX73_019520,,,,Intermediate-importance protein,Intermediate,28,True,pC_ae,Regime-invariant importance,3304077304.051452,6066993665.157901,541160942.9450028,-5525832722.212898,7.324964554775538e+19,0.1042149318455456,6.561593872928568e+19,0.2266361881700278,0.6281977902611812,8.979131151311733e-06,9.04291812443026e-06,0.2237026375734001,0.2313675142217431,HH,1.512564767676956e-05,4.256170524727738,0.0,0.0,0.0,697932604.4841118,42.95959821219018,0.0,105336735.1198046,0.0,0.0,0.0,16035692056.02563,0.0,1241746583.316669,0.0,31696987925.63366,3087540917.283756,0.4375,0.4375,0.4375,0.001115951327824446,Ae_up,RPA3770,59,11,0.18763374902905441,0.18763374902905441,False,Tier3_AdaptiveSpecialist_HH
RPA4152,Q6N298,Periplasmic iron binding protein FbpA OS=Rhodopseudomonas palustris (strain ATCC BAA-98 / CGA009) OX=258594 GN=fbpA PE=4 SV=1,rpa:TX73_021525,K02012,rpa02010,ABC transporters,Intermediate-importance protein,Intermediate,28,True,pC_ae,Regime-invariant importance,3131902719.388783,4759532216.237156,1504273222.540411,-3255258993.696745,8.271390812874929e+19,0.03202820225695633,8.006473034973841e+19,0.5031341090536776,0.6809106772189306,1.953853990511098e-05,1.934895766185158e-05,0.9554902690581814,0.9499773665217692,HH,1.379403523523276e-05,6.998945107393851,0.0,2936190254.339176,0.0,1418930895.55514,0.0,0.0,0.0,5515617181.234883,0.0,3582378344.749228,0.0,0.0,0.0,0.0,36657326834.34211,0.0,0.3125,0.3125,0.3125,4.551345272410454e-08,An_up,RPA4152,60,9,-0.7108674866789133,0.7108674866789133,True,Tier3_AdaptiveSpecialist_HH
RPA4192,Q6N258,DUF1036 domain-containing protein OS=Rhodopseudomonas palustris (strain ATCC BAA-98 / CGA009) OX=258594 GN=RPA4192 PE=4 SV=1,rpa:TX73_021730,,,,Intermediate-importance protein,Intermediate,49,True,Ac+SA_an,Regime-invariant importance,2686957161.58242,2019408455.38269,3354505867.782151,1335097412.399461,3.849907617532784e+19,0.0115748563191371,3.80534549001789e+19,0.6845067468398045,0.7982224765992291,9.66697495648498e-06,9.455635238571585e-06,0.4519117126607109,0.4275621100833701,HH,1.183433365697331e-05,3.178203032768038,0.0,3560263536.687315,0.0,10381537693.43736,0.0,0.0,0.0,23275783405.56989,0.0,0.0,229790455.6030213,0.0,0.0,5543939494.021142,0.0,0.0,0.3125,0.3125,0.3125,0.265207010071713,ns,RPA4192,61,5,-0.12040674414776421,0.12040674414776421,False,Tier3_AdaptiveSpecialist_HH
RPA3762,Q6N3D2,Putative 2-oxo-3-ene-17-dioic acid hydratase OS=Rhodopseudomonas palustris (strain ATCC BAA-98 / CGA009) OX=258594 GN=RPA3762 PE=4 SV=1,rpa:TX73_019480,,,,Intermediate-importance protein,Intermediate,49,True,Ac+SA_an,Regime-invariant importance,2653036853.037918,0.0,5306073706.075836,5306073706.075836,4.244593187347207e+19,0.16582518589906,3.540732732989473e+19,0.126419966240619,0.6281977902611812,7.60466480076244e-06,7.458341672862553e-06,0.3090166956992028,0.2904418332696485,HH,1.168493631830241e-05,5.233519789679806,0.0,5512058143.001919,0.0,0.0,0.0,0.0,0.0,25241786278.85788,0.0,0.0,0.0,0.0,8435089591.781936,0.0,0.0,3259655634.964962,0.25,0.25,0.25,2.457059765737624e-29,An_up,RPA3762,62,7,0.7047771165023787,0.7047771165023787,True,Tier3_AdaptiveSpecialist_HH
RPA2714,Q6N6A3,Putative long-chain-fatty-acid--CoA ligase OS=Rhodopseudomonas palustris (strain ATCC BAA-98 / CGA009) OX=258594 GN=RPA2714 PE=4 SV=1,rpa:TX73_014065,,,,Intermediate-importance protein,Intermediate,28,True,pC_ae,Regime-invariant importance,2625850091.459639,5251700182.919277,0.0,-5251700182.919277,1.103214192450975e+20,0.0625,1.034263305422789e+20,0.3506166628202075,0.6281977902611812,3.216449415612979e-05,3.204917973849558e-05,1.830493536003777,1.835526531895748,HH,1.156519596212179e-05,4.371440805515353,0.0,0.0,0.0,0.0,0.0,0.0,0.0,0.0,0.0,0.0,0.0,0.0,0.0,0.0,42013601463.35422,0.0,0.0625,0.0625,0.0625,3.967347568834376e-12,Ae_up,RPA2714,63,2,-0.7644137444796071,0.7644137444796071,True,Tier3_AdaptiveSpecialist_HH
RPA4691,Q6N0S0,Methyl-accepting chemotaxis receptor/sensory transducer OS=Rhodopseudomonas palustris (strain ATCC BAA-98 / CGA009) OX=258594 GN=RPA4691 PE=3 SV=1,rpa:TX73_024375,K03406,"rpa02020,rpa02030","Two-component system, Bacterial chemotaxis",Intermediate-importance protein,Intermediate,49,True,Ac+SA_an,Regime-invariant importance,2557415203.116474,13672515.70855222,5101157890.524396,5087485374.815844,5.356144130433537e+19,0.1208075567454442,4.709081444459409e+19,0.1933036431659063,0.6281977902611812,3.468045691187916e-05,3.478643041133057e-05,2.185066116407589,2.166598226573017,HH,1.126378389868802e-05,6.257053495588818,0.0,13882005910.77642,0.0,109380125.6684177,0.0,0.0,0.0,26745325359.48915,0.0,181931853.9295966,0.0,0.0,0.0,0.0,0.0,0.0,0.25,0.25,0.25,3.070904183615503e-06,An_up,RPA4691,64,3,0.7011770108380053,0.7011770108380053,True,Tier3_AdaptiveSpecialist_HH
RPA3923,Q6N2X5,Putative acetoin dehydrogenase (TPP-dependent) alpha chain OS=Rhodopseudomonas palustris (strain ATCC BAA-98 / CGA009) OX=258594 GN=RPA3923 PE=4 SV=1,rpa:TX73_020335,,,,Intermediate-importance protein,Intermediate,43,True,Ac+CA_an,Regime-invariant importance,2313396693.352635,284246532.5373354,4342546854.167934,4058300321.630599,3.509278779565021e+19,0.1173303870616719,3.097533742051345e+19,0.1991188310026576,0.6281977902611812,4.95462680820956e-05,4.996009298771376e-05,1.692621484133989,1.698586536146305,HH,1.018903789815187e-05,6.219919406269933,0.0,18674586413.6396,0.0,0.0,0.0,16065788419.70387,0.0,0.0,0.0,0.0,2273972260.298683,0.0,0.0,0.0,0.0,0.0,0.1875,0.1875,0.1875,0.8409319143690627,ns,RPA3923,65,5,-0.12040674414776421,0.12040674414776421,False,Tier3_AdaptiveSpecialist_HH
RPA4403,Q6N1K2,Morphinone reductase OS=Rhodopseudomonas palustris (strain ATCC BAA-98 / CGA009) OX=258594 GN=RPA4403 PE=4 SV=1,rpa:TX73_022825,K10680,"rpa00633,rpa01120","Nitrotoluene degradation, Microbial metabolism in diverse environments",Intermediate-importance protein,Intermediate,49,True,Ac+SA_an,Regime-invariant importance,2310943564.137794,116818041.3682112,4505069086.907377,4388251045.539166,8.09442704274668e+19,0.05947532523605648,7.61300836177979e+19,0.36255573691325,0.6281977902611812,1.160318003973444e-05,1.183366992673589e-05,0.5860690591898783,0.5908214227412795,HH,1.017823342756068e-05,4.964446971030117,0.0,0.0,0.0,0.0,0.0,0.0,823146992.5449358,36040552695.25902,111397338.4007536,0.0,0.0,0.0,0.0,0.0,0.0,0.0,0.1875,0.1875,0.1875,0.536488708980763,ns,RPA4403,66,4,0.1907718068154067,0.1907718068154067,False,Tier3_AdaptiveSpecialist_HH
RPA3105,Q6N577,Patatin-like phospholipase domain OS=Rhodopseudomonas palustris (strain ATCC BAA-98 / CGA009) OX=258594 GN=RPA3105 PE=4 SV=1,rpa:TX73_016060,,,,Intermediate-importance protein,Intermediate,28,True,pC_ae,Regime-invariant importance,2292432385.962802,4293536800.300667,291327971.6249378,-4002208828.675729,6.977247055674415e+19,0.05739253383360989,6.576805167966166e+19,0.3708622262465378,0.6281977902611812,1.162781626206344e-05,1.132885715395048e-05,0.4072616841960257,0.3907593254413428,HH,1.009670348654088e-05,2.462447666042867,813576812.1527374,0.0,0.0,0.0,0.0,0.0,0.0,0.0,0.0,0.0,0.0,2330623772.999503,0.0,0.0,33534717590.2526,0.0,0.1875,0.1875,0.1875,0.4903897769691569,ns,RPA3105,67,1,-0.6150968944808747,0.6150968944808747,True,Tier3_AdaptiveSpecialist_HH
RPA2803,Q6N615,Uncharacterized protein OS=Rhodopseudomonas palustris (strain ATCC BAA-98 / CGA009) OX=258594 GN=RPA2803 PE=4 SV=1,rpa:TX73_014515,,,,Intermediate-importance protein,Intermediate,28,True,pC_ae,Regime-invariant importance,2225727635.484541,4451455270.662003,0.3070801382551418,-4451455270.354922,7.926181610608904e+19,0.06249999999195185,7.430795260009639e+19,0.3506166628513436,0.6281977902611812,1.467925036364441e-05,1.447343576064519e-05,0.6187320217776069,0.6100215512359972,HH,9.835695298808781e-06,7.877280438833439,0.0,0.0,0.0,0.0,2.456641106041134,0.0,0.0,0.0,0.0,0.0,0.0,0.0,0.0,0.0,35611642165.29602,0.0,0.125,0.125,0.0625,3.244393724804035e-20,Ae_up,RPA2803,68,2,-0.7644137444796071,0.7644137444796071,True,Tier3_AdaptiveSpecialist_HH
RPA1745,Q6N906,N-carbamoyl-beta-alanine amidohydrolase OS=Rhodopseudomonas palustris (strain ATCC BAA-98 / CGA009) OX=258594 GN=RPA1745 PE=3 SV=1,rpa:TX73_008975,K06016,"rpa00240,rpa00410,rpa00770,rpa01100","Pyrimidine metabolism, beta-Alanine metabolism, Pantothenate and CoA biosynthesis, Metabolic pathways",Intermediate-importance protein,Intermediate,41,True,ANCHOR:Ac_an,Regime-invariant importance,1795744363.32827,0.0,3591488726.65654,3591488726.65654,2.666434027175649e+19,0.1209367186872023,2.343964245333124e+19,0.1930639155349068,0.6281977902611812,2.182341291764883e-05,2.179003193361321e-05,1.600151893329191,1.623500351513019,HH,9.804029074474978e-06,3.956558043804628,0.0,9961471183.001387,0.0,0.0,141.9954040410686,0.0,0.0,0.0,0.0,0.0,0.0,0.0,18770438488.25553,0.0,0.0,0.0,0.1875,0.1875,0.1875,0.6255146770502095,ns,RPA1745,69,8,0.25136836950793007,0.25136836950793007,False,Tier3_AdaptiveSpecialist_HH
RPA3651,Q6N3P2,Non-homologous end joining protein Ku OS=Rhodopseudomonas palustris (strain ATCC BAA-98 / CGA009) OX=258594 GN=ku PE=3 SV=1,rpa:TX73_018920,K10979,rpa03450,Non-homologous end-joining,Intermediate-importance protein,Intermediate,28,True,pC_ae,Regime-invariant importance,1965387823.584372,3404916436.921263,525859210.2474804,-2879057226.673783,4.652499851581981e+19,0.0445404125679018,4.445275588720417e+19,0.4297326111108032,0.6390001086745138,1.96819863207703e-05,1.973756570201506e-05,0.9654313855740607,0.9770738632245516,HH,8.65628064421845e-06,6.192078851974769,0.0,0.0,0.0,0.0,0.0,0.0,0.0,0.0,0.0,0.0,0.0,4206873681.979843,0.0,0.0,27239331495.37011,0.0,0.125,0.125,0.125,0.4932175735423281,ns,RPA3651,70,15,0.10230004092856457,0.10230004092856457,False,Tier3_AdaptiveSpecialist_HH
RPA1612,Q6N9D7,Putative acyl-CoA dehydrogenase OS=Rhodopseudomonas palustris (strain ATCC BAA-98 / CGA009) OX=258594 GN=RPA1612 PE=3 SV=1,rpa:TX73_008280,K00249,"rpa00071,rpa00280,rpa01100,rpa01110,rpa01212","Fatty acid degradation, Valine, leucine and isoleucine degradation, Metabolic pathways, Biosynthesis of secondary metabolites, Fatty acid metabolism",Intermediate-importance protein,Intermediate,28,True,pC_ae,Regime-invariant importance,1882594392.464782,3765188784.929565,0.0,-3765188784.929565,4.604984632328095e+19,0.07696359335618583,4.25056846767411e+19,0.3000716756730056,0.6281977902611812,1.263735469645677e-05,1.211023751977899e-05,0.4772246676378536,0.4452426822380374,HH,8.291628351847022e-06,3.107702388540338,0.0,0.0,0.0,2940491313.448806,0.0,0.0,0.0,0.0,0.0,0.0,0.0,0.0,0.0,0.0,27181018965.98771,0.0,0.125,0.125,0.125,0.8181026798936624,ns,RPA1612,71,11,0.18763374902905441,0.18763374902905441,False,Tier3_AdaptiveSpecialist_HH
RPA3643,Q6N3Q0,maltose alpha-D-glucosyltransferase OS=Rhodopseudomonas palustris (strain ATCC BAA-98 / CGA009) OX=258594 GN=RPA3643 PE=3 SV=1,rpa:TX73_018880,K05343,"rpa00500,rpa01100,rpa01110","Starch and sucrose metabolism, Metabolic pathways, Biosynthesis of secondary metabolites",Background / low-importance,Background,41,True,ANCHOR:Ac_an,Regime-invariant importance,1263361500.308389,1631857874.757976,894865125.8588011,-736992748.8991749,4.577999882491597e+18,0.02966133278024168,4.442210304509107e+18,0.5099926431376074,0.6857457641147782,1.838503699823817e-05,1.813237079336478e-05,1.300568413993151,1.302102150565637,HH,7.654839170779484e-06,3.686995158745633,5271017079.289967,0.0,2704996590.348017,0.0,156.653942335134,6561084916.531216,0.0,0.0,0.0,597835933.6852512,1355345109.277527,0.0,0.0,0.0,3723504219.148299,0.0,0.4375,0.4375,0.4375,0.5224704289580487,ns,RPA3643,72,13,-0.6061558419768247,0.6061558419768247,True,Tier4_ConditionalBackground_HH
RPA2966,G3XCR4,Nitrogen regulatory protein P-II OS=Rhodopseudomonas palustris (strain ATCC BAA-98 / CGA009) OX=258594 GN=glnB PE=3 SV=1,rpa:TX73_015385,K04751,rpa02020,Two-component system,Background / low-importance,Background,41,True,ANCHOR:Ac_an,Regime-invariant importance,1363959472.245989,825547725.9792825,1902371218.512695,1076823492.533413,9.873296902350141e+18,0.02936073040090209,9.583409693832178e+18,0.514397706447244,0.6877413362055433,1.550436116676553e-05,1.541016367100692e-05,1.049576984126537,1.062902170527973,HH,7.527600452685825e-06,5.378931349791784,0.0,0.0,0.0,0.0,113.9179850514074,0.0,0.0,4573101838.993342,0.0,0.0,6604381807.83426,10645867795.19024,0.0,0.0,0.0,0.0,0.25,0.25,0.25,1.190784367192717e-20,Ae_up,RPA2966,73,1,-0.6150968944808747,0.6150968944808747,True,Tier4_ConditionalBackground_HH
RPA4272,Q6N1Y0,DUF1013 domain-containing protein OS=Rhodopseudomonas palustris (strain ATCC BAA-98 / CGA009) OX=258594 GN=RPA4272 PE=4 SV=1,rpa:TX73_022130,,,,Intermediate-importance protein,Intermediate,28,True,pC_ae,Regime-invariant importance,1662857850.953692,3325715701.16019,0.7471944468748788,-3325715700.412995,4.241168450589855e+19,0.06519656698872241,3.964658827590518e+19,0.340389084633664,0.6281977902611812,1.361112685161891e-05,1.364961277491273e-05,0.5447089781372974,0.5525787952724687,HH,7.403599047884727e-06,5.812803584443387,0.0,0.0,0.0,0.0,5.97755557499903,0.0,0.0,0.0,0.0,0.0,526233951.3410265,0.0,0.0,0.0,26079491657.94049,0.0,0.1875,0.1875,0.1875,3.692999889851529e-14,Ae_up,RPA4272,74,2,-0.7644137444796071,0.7644137444796071,True,Tier3_AdaptiveSpecialist_HH
RPA4498,Q6N1B0,Anthranilate synthase OS=Rhodopseudomonas palustris (strain ATCC BAA-98 / CGA009) OX=258594 GN=trpG PE=4 SV=1,rpa:TX73_023350,K13503,"rpa00400,rpa01100,rpa01110,rpa01230","Phenylalanine, tyrosine and tryptophan biosynthesis, Metabolic pathways, Biosynthesis of secondary metabolites, Biosynthesis of amino acids",Intermediate-importance protein,Intermediate,21,True,ANCHOR:Ac_ae,Regime-invariant importance,1623758327.608641,1401463028.875634,1846053626.341648,444590597.4660139,1.36964937516327e+19,0.003607872258029996,1.36470785517939e+19,0.8194846259714649,0.8948490553224646,8.399025888407715e-06,8.048269527076752e-06,0.3723022109862323,0.350045603934101,HH,7.151620465691669e-06,3.537772460546868,0.0,0.0,0.0,11211704231.00507,0.0,4846764555.902033,0.0,0.0,0.0,0.0,0.0,0.0,9921664454.831148,0.0,0.0,0.0,0.1875,0.1875,0.1875,0.003194392740272623,Ae_up,RPA4498,75,4,0.1907718068154067,0.1907718068154067,False,Tier3_AdaptiveSpecialist_HH
RPA2427,Q6N736,Serine protease trypsin family OS=Rhodopseudomonas palustris (strain ATCC BAA-98 / CGA009) OX=258594 GN=RPA2427 PE=4 SV=1,,,,,Intermediate-importance protein,Intermediate,49,True,Ac+SA_an,Regime-invariant importance,1619942542.898407,0.0,3239885085.796813,3239885085.796813,2.813606101605839e+19,0.0932687002915728,2.551184717376623e+19,0.2536569084873921,0.6281977902611812,8.898244233881876e-06,9.377618615235943e-06,0.39864727552433,0.422206031652277,HH,7.134814366186347e-06,2.322233167333633,0.0,0.0,0.0,0.0,0.0,4955511204.554813,0.0,20963569481.81969,0.0,0.0,0.0,0.0,0.0,0.0,0.0,0.0,0.125,0.125,0.125,0.0005558296969308243,Ae_up,RPA2427,76,10,-0.45471877783615555,0.45471877783615555,False,Tier3_AdaptiveSpecialist_HH
RPA4584,Q6N125,Possible endoglucanase OS=Rhodopseudomonas palustris (strain ATCC BAA-98 / CGA009) OX=258594 GN=RPA4584 PE=3 SV=1,rpa:TX73_023810,K01179,"rpa00500,rpa01100,rpa02020","Starch and sucrose metabolism, Metabolic pathways, Two-component system",Intermediate-importance protein,Intermediate,43,True,Ac+CA_an,Regime-invariant importance,1610923626.853745,0.0,3221847253.707489,3221847253.707489,1.73803005490891e+19,0.1493112805630758,1.478522561753348e+19,0.1474369811785431,0.6281977902611812,2.221017504001213e-05,2.305671779557097e-05,0.6908112405402235,0.7148439247387188,HH,7.095091789577088e-06,3.576254135862147,0.0,11986199715.82384,0.0,0.0,0.0,12528749093.55862,0.0,0.0,0.0,1259829220.277452,0.0,0.0,0.0,0.0,0.0,0.0,0.1875,0.1875,0.1875,4.246414111548349e-05,Ae_up,RPA4584,77,10,-0.45471877783615555,0.45471877783615555,False,Tier3_AdaptiveSpecialist_HH
RPA4072,Q6N2H8,Transcription elongation factor GreA OS=Rhodopseudomonas palustris (strain ATCC BAA-98 / CGA009) OX=258594 GN=greA PE=3 SV=1,,,,,Background / low-importance,Background,41,True,ANCHOR:Ac_an,Regime-invariant importance,751650367.2696853,411716632.9331032,1091584101.606267,679867468.6731642,3.166820654340983e+18,0.03648926047694388,3.051265710600969e+18,0.4711357587876778,0.6598826932088282,2.216535478750196e-05,2.233934478540573e-05,1.629945068218233,1.671768399195369,HH,6.422190285224149e-06,6.126209939188862,0.0,0.0,0.0,872286628.7592801,233.1707879232166,0.0,0.0,6794081150.629097,2421446434.705545,1938591429.050256,0.0,0.0,0.0,0.0,0.0,0.0,0.3125,0.3125,0.3125,4.757170772841017e-12,Ae_up,RPA4072,78,1,-0.6150968944808747,0.6150968944808747,True,Tier4_ConditionalBackground_HH
RPA1570,Q6N9H9,Putative aminopeptidase OS=Rhodopseudomonas palustris (strain ATCC BAA-98 / CGA009) OX=258594 GN=RPA1570 PE=4 SV=1,rpa:TX73_008065,,,,Background / low-importance,Background,40,True,Ac+SF_an,Regime-invariant importance,1404302883.315493,1570635912.234922,1237969854.396063,-332666057.8388591,8.515926760894678e+18,0.003248815693972119,8.488260084385166e+18,0.8287849327664456,0.9005088271296328,8.140813005961197e-06,8.179961094881076e-06,0.4319125749619971,0.4292514676941225,HH,6.361363799793551e-06,4.488266952683973,0.0,0.0,0.0,0.0,13.21135389461723,2758029436.931145,9822530779.035551,0.0,0.0,7145729385.026003,1807668548.72811,0.0,0.0,0.0,934887970.1157154,0.0,0.375,0.375,0.375,1.694817828784219e-06,Ae_up,RPA1570,79,1,-0.6150968944808747,0.6150968944808747,True,Tier4_ConditionalBackground_HH
RPA0236,Q6ND73,Zn-dependent protease OS=Rhodopseudomonas palustris (strain ATCC BAA-98 / CGA009) OX=258594 GN=RPA0236 PE=4 SV=1,rpa:TX73_001220,,,,Background / low-importance,Background,21,True,ANCHOR:Ac_ae,Regime-invariant importance,1439297118.514947,1750800949.098063,1127793287.93183,-623007661.1662335,1.386689151998797e+19,0.00699757666150974,1.376985688352001e+19,0.7508322513356228,0.8518876612638135,8.601336335694153e-06,8.11674369682793e-06,0.3877975900933437,0.3552975093088736,HH,6.339186413375821e-06,5.239694542071047,0.0,0.0,0.0,12555506574.45646,0.0,9022346303.45464,0.0,0.0,0.0,0.0,1450901018.328053,0.0,0.0,0.0,0.0,0.0,0.1875,0.1875,0.1875,4.54137740018043e-22,Ae_up,RPA0236,80,2,-0.7644137444796071,0.7644137444796071,True,Tier4_ConditionalBackground_HH
RPA3595,Q6N3U8,SOUL heme-binding protein OS=Rhodopseudomonas palustris (strain ATCC BAA-98 / CGA009) OX=258594 GN=RPA3595 PE=4 SV=1,rpa:TX73_018630,,,,Background / low-importance,Background,21,True,ANCHOR:Ac_ae,Regime-invariant importance,1432746844.613792,1692427559.26776,1173066129.959824,-519361429.3079357,9.074842059694372e+18,0.007430881234032911,9.007407986131176e+18,0.7430981063147379,0.8452389557325266,3.098421505402267e-05,3.101118201442104e-05,2.102148954053997,2.111279715292462,HH,6.310336631920734e-06,6.718413917239829,0.0,0.0,2551423071.199197,8141606940.908489,0.0,0.0,0.0,0.0,0.0,0.0,0.0,0.0,9384529039.67859,2846390462.034389,0.0,0.0,0.25,0.25,0.25,0.06498754223621515,ns,RPA3595,81,17,0.34558391883036077,0.34558391883036077,False,Tier4_ConditionalBackground_HH
RPA2065,Q6N839,Putative nosL (Possibly a disulfide isomerase) OS=Rhodopseudomonas palustris (strain ATCC BAA-98 / CGA009) OX=258594 GN=nosL PE=4 SV=1,rpa:TX73_010645,,,,Background / low-importance,Background,50,True,Ac+KL_an,Regime-invariant importance,1409589853.349456,1544290829.406813,1274888877.292099,-269401952.1147139,1.03596306291906e+19,0.001751447865301186,1.034148627623979e+19,0.8737853202710075,0.9244913816040043,2.050465707104564e-05,2.045035561207369e-05,1.898690101341254,1.874990511284417,HH,6.276526777380541e-06,4.77024853150573,0.0,0.0,2303638404.534291,0.0,5.109198427589488,10199111013.22759,0.0,0.0,1327454582.264486,0.0,8723233648.455725,0.0,0.0,0.0,0.0,0.0,0.3125,0.3125,0.3125,0.3712136545090253,ns,RPA2065,82,1,-0.6150968944808747,0.6150968944808747,True,Tier4_ConditionalBackground_HH
RPA0600,Q6NC72,DUF1178 family protein OS=Rhodopseudomonas palustris (strain ATCC BAA-98 / CGA009) OX=258594 GN=RPA0600 PE=4 SV=1,rpa:TX73_003105,,,,Background / low-importance,Background,9,True,Ac+pCA_ae,Regime-invariant importance,1403184873.366344,2472033308.517029,334336438.21566,-2137696870.301369,9.897765092198705e+18,0.1154237311839742,8.755328114874638e+18,0.1998838004480779,0.6281977902611812,1.227299335814045e-05,1.222531146872658e-05,0.5074800245554943,0.5110007022662336,HH,6.180134991082475e-06,3.977665294359133,0.0,0.0,1539914665.887345,0.0,0.0,0.0,0.0,2674691505.72528,7675652825.437346,0.0,10560698976.81154,0.0,0.0,0.0,0.0,0.0,0.25,0.25,0.25,1.403498992837675e-06,Ae_up,RPA0600,83,1,-0.6150968944808747,0.6150968944808747,True,Tier4_ConditionalBackground_HH
RPA1285,Q6NAA0,Gamma-glutamylcyclotransferase family protein OS=Rhodopseudomonas palustris (strain ATCC BAA-98 / CGA009) OX=258594 GN=RPA1285 PE=3 SV=1,rpa:TX73_006595,,,,Background / low-importance,Background,21,True,ANCHOR:Ac_ae,Regime-invariant importance,1377528475.658571,2606970936.220729,148086015.0964133,-2458884921.124316,1.274100913506269e+19,0.1186349329013095,1.122948037122955e+19,0.1968051340839873,0.6281977902611812,2.012902901953559e-05,1.987793031452165e-05,1.270727615518537,1.257369625489694,HH,6.067134912312712e-06,4.45459200828741,0.0,0.0,0.0,13534268743.91869,0.0,0.0,0.0,0.0,1414151508.695078,0.0,0.0,1184688120.771307,0.0,0.0,5907347237.152064,0.0,0.25,0.25,0.25,5.095812755176757e-07,Ae_up,RPA1285,84,2,-0.7644137444796071,0.7644137444796071,True,Tier4_ConditionalBackground_HH
RPA3803,Q6N391,Carbon-monoxide dehydrogenase small subunit OS=Rhodopseudomonas palustris (strain ATCC BAA-98 / CGA009) OX=258594 GN=RPA3803 PE=4 SV=1,rpa:TX73_019690,,,,Background / low-importance,Background,40,True,Ac+SF_an,Regime-invariant importance,1248226830.593986,1710194916.668958,786258744.519013,-923936172.1499447,5.527849439472369e+18,0.03860715001169485,5.314434926920595e+18,0.4511961989225779,0.6485313153974192,1.917887855342001e-05,1.933060010383047e-05,1.395032712968127,1.40235931992049,HH,5.497643581387037e-06,7.247058852989364,0.0,0.0,0.0,7382950598.996543,0.0,0.0,1967191680.246502,0.0,2677321450.203981,6290069956.152104,0.0,0.0,0.0,1654095603.904635,0.0,0.0,0.3125,0.3125,0.3125,0.008152695278647615,Ae_up,RPA3803,85,8,0.25136836950793007,0.25136836950793007,False,Tier4_ConditionalBackground_HH
RPA2331,Q6N7C7,Glutathione hydrolase proenzyme OS=Rhodopseudomonas palustris (strain ATCC BAA-98 / CGA009) OX=258594 GN=ggt2 PE=3 SV=1,rpa:TX73_012055,K00681,"rpa00430,rpa00460,rpa00480,rpa01100","Taurine and hypotaurine metabolism, Cyanoamino acid metabolism, Glutathione metabolism, Metabolic pathways",Background / low-importance,Background,40,True,Ac+SF_an,Regime-invariant importance,1213849953.188266,294103010.8049617,2133596895.57157,1839493884.766609,9.314273095669617e+18,0.09082130503739777,8.468338657646179e+18,0.2587975700017071,0.6281977902611812,1.696572731689137e-05,1.728750556127286e-05,1.201925459238815,1.224060000876265,HH,5.346235347894934e-06,4.536734442121222,0.0,0.0,0.0,0.0,0.0,0.0,0.0,0.0,0.0,5809662070.4645,1150798111.93381,0.0,11259113094.10806,1202025974.505884,0.0,0.0,0.25,0.25,0.25,0.6633694121743366,ns,RPA2331,86,5,-0.12040674414776421,0.12040674414776421,False,Tier4_ConditionalBackground_HH
RPA1632,Q6N9B7,Two-component cell cycle transcriptional regulator ctrA winged helix family OS=Rhodopseudomonas palustris (strain ATCC BAA-98 / CGA009) OX=258594 GN=ctrA PE=4 SV=1,rpa:TX73_008385,K13584,rpa02020,Two-component system,Background / low-importance,Background,21,True,ANCHOR:Ac_ae,Regime-invariant importance,1201994401.862447,2403988803.601478,0.1234168924981902,-2403988803.478061,1.500059599629349e+19,0.096315542540374,1.355580545448152e+19,0.245983886165876,0.6281977902611812,2.201965639480035e-05,2.21125875768567e-05,1.415534709383206,1.428765766976029,HH,5.307195126312144e-06,8.112059157127115,0.0,0.0,837190814.9992514,15452031873.53102,0.9873351399855214,0.0,0.0,0.0,0.0,0.0,2942687740.281548,0.0,0.0,0.0,0.0,0.0,0.1875,0.1875,0.1875,0.04388399197177335,An_up,RPA1632,87,14,-0.36688938014314376,0.36688938014314376,False,Tier4_ConditionalBackground_HH
RPA2731,P60363,K(+)-insensitive pyrophosphate-energized proton pump OS=Rhodopseudomonas palustris (strain ATCC BAA-98 / CGA009) OX=258594 GN=hppA PE=3 SV=1,,,,,Background / low-importance,Background,40,True,Ac+SF_an,Regime-invariant importance,1128325669.495249,137789633.1902668,2118861705.800232,1981072072.609965,8.35774661396553e+18,0.1173954756631764,7.376584974746745e+18,0.1990030513854488,0.6281977902611812,1.487471898086972e-05,1.483812856338563e-05,1.019475714897083,1.010304718529332,HH,5.100888636970419e-06,4.661555970872255,0.0,0.0,0.0,0.0,9.841428615309118,0.0,0.0,9129128629.492521,0.0,7821765007.067905,1102317065.522135,0.0,0.0,0.0,0.0,0.0,0.25,0.25,0.25,8.948799183923331e-09,An_up,RPA2731,88,9,-0.7108674866789133,0.7108674866789133,True,Tier4_ConditionalBackground_HH
RPA4654,Q6N0V6,Carboxymuconolactone decarboxylase-like domain-containing protein OS=Rhodopseudomonas palustris (strain ATCC BAA-98 / CGA009) OX=258594 GN=RPA4654 PE=4 SV=1,rpa:TX73_024165,,,,Background / low-importance,Background,9,True,Ac+pCA_ae,Regime-invariant importance,1130106135.169566,2186869778.286982,73342492.05215017,-2113527286.234831,9.57602563540585e+18,0.116619299063464,8.459276237991057e+18,0.2011106470035036,0.6281977902611812,1.268827605810801e-05,1.113119578396873e-05,0.5286895639556498,0.4548070840612248,HH,5.012861987640074e-06,2.1629056872538,0.0,0.0,0.0,0.0,2.657545720938763,0.0,0.0,0.0,6435166727.32423,586739933.7596557,11059791498.97162,0.0,0.0,0.0,0.0,0.0,0.25,0.25,0.1875,0.03979860183276682,Ae_up,RPA4654,89,10,-0.45471877783615555,0.45471877783615555,False,Tier4_ConditionalBackground_HH
RPA4025,Q6N2M5,Putative branched-chain amino acid ABC transport system ATP-binding protein OS=Rhodopseudomonas palustris (strain ATCC BAA-98 / CGA009) OX=258594 GN=RPA4025 PE=3 SV=1,rpa:TX73_020855,K01996,"rpa02010,rpa02024","ABC transporters, Quorum sensing",Background / low-importance,Background,41,True,ANCHOR:Ac_an,Regime-invariant importance,545189992.1851752,367754716.5364199,722625267.8339306,354870551.2975107,2.215923627401784e+18,0.01420774464211323,2.184440350357234e+18,0.6540021592800173,0.774940734856139,2.250614916490034e-05,2.16646133436556e-05,1.659638262828748,1.61247983659047,HH,4.992569463206358e-06,5.200415058930444,0.0,0.0,0.0,1822296473.419621,194.1826338833183,5781001948.488811,0.0,0.0,0.0,0.0,0.0,0.0,0.0,0.0,1119741258.871737,0.0,0.25,0.25,0.25,0.08593832477816789,ns,RPA4025,90,4,0.1907718068154067,0.1907718068154067,False,Tier4_ConditionalBackground_HH
RPA4175,Q6N275,N5-carboxyaminoimidazole ribonucleotide synthase OS=Rhodopseudomonas palustris (strain ATCC BAA-98 / CGA009) OX=258594 GN=purK PE=3 SV=1,rpa:TX73_021645,K01589,"rpa00230,rpa01100,rpa01110","Purine metabolism, Metabolic pathways, Biosynthesis of secondary metabolites",Background / low-importance,Background,40,True,Ac+SF_an,Regime-invariant importance,1003196741.095088,1242878686.768079,763514795.4220983,-479363891.3459803,7.623059034314775e+18,0.0075360081593221,7.565611599233185e+18,0.7421339861697382,0.8446748965616453,1.478280197914861e-05,1.483618678906434e-05,1.011455549135056,1.010135261349543,HH,4.943157316406187e-06,5.432420683728101,0.0,0.0,0.0,0.0,39.31941329596363,0.0,9646304449.017313,0.0,0.0,6108118324.057373,296725045.1273154,0.0,0.0,0.0,0.0,0.0,0.25,0.25,0.25,4.137101480705551e-13,An_up,RPA4175,91,9,-0.7108674866789133,0.7108674866789133,True,Tier4_ConditionalBackground_HH
RPA3619,Q6N3S4,Putative vanillate O-demethylase oxygenase iron-sulfur subunit OS=Rhodopseudomonas palustris (strain ATCC BAA-98 / CGA009) OX=258594 GN=vanA PE=4 SV=1,rpa:TX73_018755,K03862,"rpa00627,rpa01120","Aminobenzoate degradation, Microbial metabolism in diverse environments",Background / low-importance,Background,21,True,ANCHOR:Ac_ae,Regime-invariant importance,1000353624.108251,1602913489.1549,397793759.0616024,-1205119730.093297,5.110226822272284e+18,0.07104936896002417,4.747148431307249e+18,0.3119728646888973,0.6281977902611812,1.507390799614618e-05,1.54152336555457e-05,0.8835453531075212,0.9150849266839443,HH,4.431584163285476e-06,5.21001497050274,1821994001.085983,3182350070.569688,0.0,8558699818.581341,1.923131165446548,0.0,2442614093.571872,0.0,0.0,0.0,0.0,0.0,0.0,0.0,0.0,0.0,0.3125,0.25,0.25,0.6923112412793117,ns,RPA3619,92,1,-0.6150968944808747,0.6150968944808747,True,Tier4_ConditionalBackground_HH
RPA2302,Q6N7F5,Acyl-CoA synthetase OS=Rhodopseudomonas palustris (strain ATCC BAA-98 / CGA009) OX=258594 GN=RPA2302 PE=4 SV=1,rpa:TX73_011905,K01895,"rpa00010,rpa00620,rpa00630,rpa00640,rpa00680,rpa00720,rpa01100,rpa01110,rpa01120,rpa01200","Glycolysis / Gluconeogenesis, Pyruvate metabolism, Glyoxylate and dicarboxylate metabolism, Propanoate metabolism, Methane metabolism, Other carbon fixation pathways, Metabolic pathways, Biosynthesis of secondary metabolites, Microbial metabolism in diverse environments, Carbon metabolism",Background / low-importance,Background,50,True,Ac+KL_an,Regime-invariant importance,914391986.7874112,240060277.5761256,1588723695.998697,1348663418.422571,7.023131441713922e+18,0.06474651055894855,6.568408187666108e+18,0.3411044959925506,0.6281977902611812,2.118377234403566e-05,2.121171306637559e-05,1.960270479359118,1.94329617152689,HH,4.416104310955188e-06,6.150006013211374,0.0,0.0,0.0,752392242.3537854,29.1339276405315,10599000774.76443,0.0,2110788764.091213,0.0,0.0,1168089978.255219,0.0,0.0,0.0,0.0,0.0,0.3125,0.3125,0.3125,0.02962394251152339,An_up,RPA2302,93,7,0.7047771165023787,0.7047771165023787,True,Tier4_ConditionalBackground_HH
RPA0233,Q6ND76,Putative Citrate lyase beta chain (Acyl lyase subunit) (CitE) OS=Rhodopseudomonas palustris (strain ATCC BAA-98 / CGA009) OX=258594 GN=RPA0233 PE=3 SV=1,rpa:TX73_001205,K01644,rpa02020,Two-component system,Background / low-importance,Background,40,True,Ac+SF_an,Regime-invariant importance,956875245.0584885,1052520975.386101,861229514.7308758,-191291460.6552254,5.061315404204755e+18,0.001807456164913671,5.052167298474852e+18,0.8717499370651911,0.9234509022111597,5.158094817336596e-06,5.324317361396729e-06,0.1716571940612309,0.1800415938936736,HH,4.406100979249498e-06,2.098497984942818,0.0,0.0,0.0,0.0,14.36315699906553,0.0,586349061.3572919,0.0,1460134043.023678,6889836103.48385,0.0,0.0,0.0,6373684698.70784,0.0,0.0,0.3125,0.3125,0.3125,0.002731782300831567,An_up,RPA0233,94,16,-0.47243125291581767,0.47243125291581767,False,Tier4_ConditionalBackground_HH
RPA4230,Q6N220,Uncharacterized protein OS=Rhodopseudomonas palustris (strain ATCC BAA-98 / CGA009) OX=258594 GN=RPA4230 PE=4 SV=1,rpa:TX73_021920,,,,Background / low-importance,Background,40,True,Ac+SF_an,Regime-invariant importance,944416222.5462923,0.0,1888832445.092585,1888832445.092585,7.194479644011526e+18,0.1239731079301917,6.302557642602918e+18,0.187496089324424,0.6281977902611812,1.287786956115544e-05,1.277134795765523e-05,0.8452417533008473,0.829938334625122,HH,4.394270983909078e-06,3.966518424060574,0.0,0.0,0.0,0.0,17.58865420894888,0.0,0.0,0.0,0.0,5552590301.726653,0.0,9558069241.42537,0.0,0.0,0.0,0.0,0.1875,0.1875,0.1875,0.9929243738757091,ns,RPA4230,95,5,-0.12040674414776421,0.12040674414776421,False,Tier4_ConditionalBackground_HH
RPA0820,Q6NBK8,Putative glutathionine S-transferase OS=Rhodopseudomonas palustris (strain ATCC BAA-98 / CGA009) OX=258594 GN=gst2 PE=4 SV=1,rpa:TX73_004230,K00799,"rpa00480,rpa01100","Glutathione metabolism, Metabolic pathways",Background / low-importance,Background,40,True,Ac+SF_an,Regime-invariant importance,953688477.5067155,999934482.1019353,907442472.9114958,-92492009.19043946,6.809345630327156e+18,0.0003140820068665439,6.807206937386135e+18,0.9463675452096845,0.9667310597725203,9.717190726153018e-06,1.009927749868441e-05,0.5694585173096999,0.5967487619701636,HH,4.200389871857345e-06,3.5094261488677,0.0,0.0,0.0,0.0,0.0,0.0,7999475856.815482,0.0,0.0,7259539783.291966,0.0,0.0,0.0,0.0,0.0,0.0,0.125,0.125,0.125,0.03289772826857917,Ae_up,RPA0820,96,5,-0.12040674414776421,0.12040674414776421,False,Tier4_ConditionalBackground_HH
RPA4395,Q6N1L0,Transcriptional regulator XRE family OS=Rhodopseudomonas palustris (strain ATCC BAA-98 / CGA009) OX=258594 GN=RPA4395 PE=3 SV=1,rpa:TX73_022780,,,,Background / low-importance,Background,50,True,Ac+KL_an,Regime-invariant importance,930580286.0846719,133826548.1687487,1727334024.000595,1593507475.831846,6.612278149800445e+18,0.09600571913360209,5.97746163091745e+18,0.2458858487077848,0.6281977902611812,1.029076463893487e-05,1.025806247563282e-05,0.9725213314446182,0.960582557260031,HH,4.098613017574853e-06,3.572316372105025,0.0,0.0,0.0,0.0,0.0,9933032621.591085,0.0,0.0,0.0,257678608.3676682,0.0,3627960962.046008,0.0,0.0,1070612385.34999,0.0,0.25,0.25,0.25,6.194298943061716e-05,Ae_up,RPA4395,97,1,-0.6150968944808747,0.6150968944808747,True,Tier4_ConditionalBackground_HH
RPA1610,Q6N9D9,N-terminal of MaoC-like dehydratase domain-containing protein OS=Rhodopseudomonas palustris (strain ATCC BAA-98 / CGA009) OX=258594 GN=RPA1610 PE=4 SV=1,rpa:TX73_008270,K09709,"rpa00720,rpa01100,rpa01120,rpa01200","Other carbon fixation pathways, Metabolic pathways, Microbial metabolism in diverse environments, Carbon metabolism",Background / low-importance,Background,21,True,ANCHOR:Ac_ae,Regime-invariant importance,872344341.1533812,1299980844.45658,444707837.8501824,-855273006.6063979,7.242534803685736e+18,0.0252498584976523,7.05966182472835e+18,0.5497325432480957,0.7068549593867175,1.412196927153563e-05,1.39961643519858e-05,0.810634380775499,0.8062436259478676,HH,3.842120799165186e-06,6.750964588273392,0.0,0.0,0.0,10399846755.65264,0.0,0.0,0.0,3557662702.801459,0.0,0.0,0.0,0.0,0.0,0.0,0.0,0.0,0.125,0.125,0.125,0.8407614270387378,ns,RPA1610,98,5,-0.12040674414776421,0.12040674414776421,False,Tier4_ConditionalBackground_HH
RPA0051,Q6NDQ4,Ribosome hibernation promoting factor OS=Rhodopseudomonas palustris (strain ATCC BAA-98 / CGA009) OX=258594 GN=hpf PE=3 SV=1,rpa:TX73_000265,,,,Background / low-importance,Background,50,True,Ac+KL_an,Regime-invariant importance,804323864.5439348,422547774.9988473,1186099954.089022,763552179.0901752,6.074220814838331e+18,0.02399533816622009,5.928467832289993e+18,0.5596413786278609,0.7141061933234313,1.381182829609519e-05,1.354847342998269e-05,1.291802077522144,1.255783834184563,HH,3.542533955276515e-06,2.620412919919026,0.0,0.0,0.0,3380382199.990778,0.0,9488799632.71218,0.0,0.0,0.0,0.0,0.0,0.0,0.0,0.0,0.0,0.0,0.125,0.125,0.125,0.3256101859922025,ns,RPA0051,99,14,-0.36688938014314376,0.36688938014314376,False,Tier4_ConditionalBackground_HH
RPA4380,Q6N1M5,Ribonuclease T2 OS=Rhodopseudomonas palustris (strain ATCC BAA-98 / CGA009) OX=258594 GN=RPA4380 PE=3 SV=1,rpa:TX73_022705,,,,Background / low-importance,Background,41,True,ANCHOR:Ac_an,Regime-invariant importance,16.47728129936289,0.0,32.95456259872577,32.95456259872577,4344.012784293344,0.06249999999999996,4072.51198527501,0.3506166628202074,0.6281977902611812,2.781183338400589e-05,2.72690872782758e-05,2.121919111657635,2.10494422046204,HH,3.518212608121938e-06,4.682292987571952,0.0,0.0,0.0,0.0,263.6365007898062,0.0,0.0,0.0,0.0,0.0,0.0,0.0,0.0,0.0,0.0,0.0,0.0625,0.0625,0.0625,2.141906486843853e-06,An_up,RPA4380,100,17,0.34558391883036077,0.34558391883036077,False,Tier4_ConditionalBackground_HH
RPA4442,Q6N1G4,ErfK/YbiS/YcfS/YnhG OS=Rhodopseudomonas palustris (strain ATCC BAA-98 / CGA009) OX=258594 GN=RPA4442 PE=3 SV=1,rpa:TX73_023050,,,,Background / low-importance,Background,50,True,Ac+KL_an,Regime-invariant importance,767637990.3986224,0.0,1535275980.797245,1535275980.797245,7.894088271878915e+18,0.07464675640914521,7.30482018757568e+18,0.3075015446434901,0.6281977902611812,6.952106363454769e-06,7.745162399759804e-06,0.6697806232709751,0.7351361551318085,HH,3.380956062878084e-06,2.323274007777445,0.0,0.0,0.0,0.0,0.0,11260346964.70505,0.0,0.0,0.0,0.0,0.0,1021860881.67291,0.0,0.0,0.0,0.0,0.125,0.125,0.125,0.006012423847747028,Ae_up,RPA4442,101,10,-0.45471877783615555,0.45471877783615555,False,Tier4_ConditionalBackground_HH
RPA2057,Q6N847,Uncharacterized protein OS=Rhodopseudomonas palustris (strain ATCC BAA-98 / CGA009) OX=258594 GN=RPA2057 PE=4 SV=1,rpa:TX73_010605,,,,Background / low-importance,Background,9,True,Ac+pCA_ae,Regime-invariant importance,755460529.7949032,1432237328.559273,78683731.03053315,-1353553597.52874,3.375430346672236e+18,0.1356943525133936,2.917403511326488e+18,0.1669603274393757,0.6281977902611812,1.003526847729493e-05,1.026410235524022e-05,0.3931937467242512,0.4102732950288286,HH,3.327322110711095e-06,4.718819166016797,0.0,0.0,0.0,0.0,0.0,0.0,635674012.9487431,0.0,4962559948.33182,629469848.2442652,5859664667.193622,0.0,0.0,0.0,0.0,0.0,0.25,0.25,0.25,0.002004009571220384,Ae_up,RPA2057,102,1,-0.6150968944808747,0.6150968944808747,True,Tier4_ConditionalBackground_HH
RPA4791,Q6N0H1,Two-component transcriptional regulator winged helix family OS=Rhodopseudomonas palustris (strain ATCC BAA-98 / CGA009) OX=258594 GN=RPA4791 PE=4 SV=1,rpa:TX73_024900,,,,Background / low-importance,Background,21,True,ANCHOR:Ac_ae,Regime-invariant importance,680677608.6978997,865282255.2278484,496072962.1679511,-369209293.0598973,3.750277381085331e+18,0.009087027986869825,3.716198505564884e+18,0.7181875549007903,0.8262821103577971,8.183974806023826e-06,7.892170722402549e-06,0.3558310000644601,0.3380729702498506,HH,3.220555843680856e-06,2.75139104055896,0.0,3968583680.662764,0.0,6922258041.822787,16.68084546809527,0.0,0.0,0.0,0.0,0.0,0.0,0.0,0.0,0.0,0.0,0.0,0.1875,0.1875,0.1875,0.02975341714383015,Ae_up,RPA4791,103,1,-0.6150968944808747,0.6150968944808747,True,Tier4_ConditionalBackground_HH
RPA3548,Q6N3Z4,Possible serine protease/outer membrane autotransporter OS=Rhodopseudomonas palustris (strain ATCC BAA-98 / CGA009) OX=258594 GN=RPA3548 PE=4 SV=1,,,,,Background / low-importance,Background,9,True,Ac+pCA_ae,Regime-invariant importance,627547620.624959,1255095238.351819,2.898099138030642,-1255095235.45372,2.463696205575357e+18,0.1598476352820812,2.0698801930607e+18,0.1336292187565819,0.6281977902611812,2.254646935551575e-05,2.254493777337723e-05,1.032172466499029,1.041015168433262,HH,3.073346883228285e-06,7.262400476652211,0.0,0.0,0.0,1926363828.773192,23.18479310424514,0.0,0.0,0.0,0.0,0.0,5877074537.069482,0.0,0.0,2237323540.971876,0.0,0.0,0.25,0.25,0.25,6.861388815596421e-20,Ae_up,RPA3548,104,2,-0.7644137444796071,0.7644137444796071,True,Tier4_ConditionalBackground_HH
RPA2901,Q6N5R9,DUF4124 domain-containing protein OS=Rhodopseudomonas palustris (strain ATCC BAA-98 / CGA009) OX=258594 GN=RPA2901 PE=4 SV=1,rpa:TX73_015035,,,,Background / low-importance,Background,41,True,ANCHOR:Ac_an,Regime-invariant importance,247751694.8580988,399956536.6253418,95546853.0908559,-304409683.5344859,6.559966010771233e+17,0.03531468580683678,6.328302872197318e+17,0.4808282181688106,0.667755277580088,9.955340048605572e-06,1.001325033941194e-05,0.5660943480067306,0.5886761094101971,HH,2.974591072094559e-06,5.075711530959129,3199652293.002734,0.0,0.0,0.0,141.132382149008,764374683.594465,0.0,0.0,0.0,0.0,0.0,0.0,0.0,0.0,0.0,0.0,0.1875,0.1875,0.1875,1.690905060725438e-20,An_up,RPA2901,105,3,0.7011770108380053,0.7011770108380053,True,Tier4_ConditionalBackground_HH
RPA3592,Q6N3V1,TackOD1 domain-containing protein OS=Rhodopseudomonas palustris (strain ATCC BAA-98 / CGA009) OX=258594 GN=RPA3592 PE=4 SV=1,rpa:TX73_018615,,,,Background / low-importance,Background,9,True,Ac+pCA_ae,Regime-invariant importance,652971648.5153046,979103532.6344541,326839764.3961551,-652263768.238299,4.091199853389024e+18,0.02599775362990379,3.984837847549917e+18,0.5439882735881529,0.7049304796910284,6.508209220767682e-06,6.210770276306989e-06,0.2130578964375875,0.2020947646642823,HH,2.8969188971827e-06,2.300526413227058,0.0,0.0,0.0,0.0,1.573254550795589,0.0,0.0,2614718113.595986,0.0,0.0,7832828261.075633,0.0,0.0,0.0,0.0,0.0,0.1875,0.125,0.125,0.5143539394108578,ns,RPA3592,106,18,-0.23162940573209054,0.23162940573209054,False,Tier4_ConditionalBackground_HH
RPA2592,Q6N6M3,histidine kinase OS=Rhodopseudomonas palustris (strain ATCC BAA-98 / CGA009) OX=258594 GN=ntrB PE=4 SV=1,rpa:TX73_013415,K07708,rpa02020,Two-component system,Background / low-importance,Background,9,True,Ac+pCA_ae,Regime-invariant importance,645021704.7708468,720835791.6445694,569207617.8971243,-151628173.7474451,2.469138222998196e+18,0.002327846904219485,2.4633904472297e+18,0.8554635719920876,0.9161404524059914,1.593118342994129e-05,1.518415420983573e-05,0.6943130577330828,0.6629664236600802,HH,2.840909479089879e-06,3.728829272162721,0.0,0.0,0.0,0.0,0.0,2087970627.711642,0.0,0.0,0.0,0.0,5766686333.156555,0.0,0.0,0.0,0.0,2465690315.465352,0.1875,0.1875,0.1875,0.8586519414128778,ns,RPA2592,107,14,-0.36688938014314376,0.36688938014314376,False,Tier4_ConditionalBackground_HH
RPA0453,Q6NCL9,Possible NifU-like domain (Residues 119-187) OS=Rhodopseudomonas palustris (strain ATCC BAA-98 / CGA009) OX=258594 GN=RPA0453 PE=4 SV=1,rpa:TX73_002350,,,,Background / low-importance,Background,9,True,Ac+pCA_ae,Regime-invariant importance,620873903.1694326,1158065983.777577,83681822.56128828,-1074384161.216289,5.340793041795902e+18,0.05403229992433302,5.052217710327796e+18,0.3852786345438061,0.6281977902611812,7.66295763540046e-06,7.27144966858236e-06,0.2720338229554371,0.256571099879817,HH,2.81733894536274e-06,4.352339644626176,0.0,0.0,0.0,0.0,6.203486744013035,0.0,0.0,0.0,0.0,669454574.2868195,9264527870.220615,0.0,0.0,0.0,0.0,0.0,0.1875,0.1875,0.1875,3.737105390473984e-17,Ae_up,RPA0453,108,2,-0.7644137444796071,0.7644137444796071,True,Tier4_ConditionalBackground_HH
RPA2543,Q6N6S1,TrapT family dctP subunit C4-dicarboxylate periplasmic binding protein OS=Rhodopseudomonas palustris (strain ATCC BAA-98 / CGA009) OX=258594 GN=RPA2543 PE=3 SV=1,rpa:TX73_013140,K11688,rpa02020,Two-component system,Background / low-importance,Background,9,True,Ac+pCA_ae,Regime-invariant importance,505978115.3959929,812247775.5576488,199708455.2343369,-612539320.3233118,2.177790168498737e+18,0.04307169078653623,2.083989063763201e+18,0.4351694978219349,0.6399130932432725,2.808066332448936e-05,2.772455673922249e-05,1.314817770630932,1.307039625141922,HH,2.713164090780272e-06,8.46648596157869,0.0,0.0,0.0,0.0,36.31736831371632,0.0,0.0,1597667605.557327,0.0,0.0,5808155617.950667,0.0,0.0,689826586.5105226,0.0,0.0,0.25,0.25,0.25,0.01016915855399741,An_up,RPA2543,109,21,-0.22975749914286836,0.22975749914286836,False,Tier4_ConditionalBackground_HH
RPA0485,Q6NCI7,Possible urea/short-chain amide ABC transporter OS=Rhodopseudomonas palustris (strain ATCC BAA-98 / CGA009) OX=258594 GN=RPA0485 PE=4 SV=1,rpa:TX73_002515,K01999,"rpa02010,rpa02024","ABC transporters, Quorum sensing",Background / low-importance,Background,9,True,Ac+pCA_ae,Regime-invariant importance,605204729.2564102,872246864.3574648,338162594.1553557,-534084270.2021091,1.720308340857268e+18,0.04145274438638934,1.648996838937938e+18,0.4374507744351237,0.6404722884046419,8.892241007422323e-06,8.672140373844145e-06,0.3348164385445054,0.3285103653627035,HH,2.665541080893359e-06,4.277563806621761,0.0,0.0,0.0,0.0,0.0,0.0,3500611144.154771,0.0,0.0,0.0,3477363770.704947,0.0,2705300753.242846,0.0,0.0,0.0,0.1875,0.1875,0.1875,0.03224747296672634,An_up,RPA0485,110,12,-0.4180329012457563,0.4180329012457563,False,Tier4_ConditionalBackground_HH
RPA2749,Q6N669,DUF169 domain-containing protein OS=Rhodopseudomonas palustris (strain ATCC BAA-98 / CGA009) OX=258594 GN=RPA2749 PE=4 SV=1,rpa:TX73_014245,,,,Background / low-importance,Background,9,True,Ac+pCA_ae,Regime-invariant importance,574486283.7551166,603016460.6740035,545956106.8362297,-57060353.8377738,1.836258103225437e+18,0.0004432770064258531,1.835444132230414e+18,0.936552738314059,0.9609953470520745,8.709049757917618e-05,8.611684634034966e-05,4.328599478174236,4.306058900410109,HH,2.530245908092105e-06,8.75828262295274,0.0,0.0,0.0,0.0,0.0,2100162563.255797,0.0,2267486291.43404,0.0,0.0,4824131685.392028,0.0,0.0,0.0,0.0,0.0,0.1875,0.1875,0.1875,0.2127242641345146,ns,RPA2749,111,16,-0.47243125291581767,0.47243125291581767,False,Tier4_ConditionalBackground_HH
RPA2502,Q6N6W2,DUF3035 domain-containing protein OS=Rhodopseudomonas palustris (strain ATCC BAA-98 / CGA009) OX=258594 GN=RPA2502 PE=4 SV=1,rpa:TX73_012930,,,,Background / low-importance,Background,21,True,ANCHOR:Ac_ae,Regime-invariant importance,558365705.7608626,1005374414.962754,111356996.5589712,-894017418.4037827,2.426037124980824e+18,0.08236344944800486,2.226220338878482e+18,0.2821174319646415,0.6281977902611812,3.846063850812235e-05,3.863966519063109e-05,2.674783819630411,2.696377306692044,HH,2.459245037123656e-06,6.857128671159811,0.0,0.0,0.0,6051325464.932834,0.0,0.0,1991669854.769198,0.0,0.0,890855972.4717699,0.0,0.0,0.0,0.0,0.0,0.0,0.1875,0.1875,0.1875,0.9983421951430869,ns,RPA2502,112,15,0.10230004092856457,0.10230004092856457,False,Tier4_ConditionalBackground_HH
RPA3360,Q6N4H7,Putative capsule polysaccharide export outer membrane protein OS=Rhodopseudomonas palustris (strain ATCC BAA-98 / CGA009) OX=258594 GN=pssN PE=4 SV=1,,,,,Background / low-importance,Background,9,True,Ac+pCA_ae,Regime-invariant importance,543673140.9187347,848388836.4376438,238957445.3998255,-609431391.0378182,2.999335071850321e+18,0.03095741318367986,2.906483416754748e+18,0.5086119013771834,0.6852396341183262,4.498446583570871e-05,4.516473923364913e-05,2.178137782281214,2.202764794034266,HH,2.394533653888928e-06,7.906170277282978,0.0,0.0,0.0,0.0,0.0,1911659563.198604,0.0,0.0,0.0,0.0,6787110691.50115,0.0,0.0,0.0,0.0,0.0,0.125,0.125,0.125,5.339001040020385e-22,An_up,RPA3360,113,3,0.7011770108380053,0.7011770108380053,True,Tier4_ConditionalBackground_HH
RPA3972,Q6N2S6,Putative diheme cytochrome c-553 OS=Rhodopseudomonas palustris (strain ATCC BAA-98 / CGA009) OX=258594 GN=RPA3972 PE=4 SV=1,rpa:TX73_020580,,,,Background / low-importance,Background,9,True,Ac+pCA_ae,Regime-invariant importance,474203783.8860371,381417057.4771689,566990510.2949054,185573452.8177366,1.752490254233858e+18,0.004912653052919809,1.743880877636183e+18,0.7904742328640715,0.8764198286575515,3.873243320628156e-05,3.822693780595999e-05,1.858830639471626,1.846440348602326,HH,2.088565415237822e-06,6.851962192100876,0.0,0.0,0.0,0.0,0.0,0.0,0.0,0.0,0.0,0.0,3051336459.817351,0.0,4535924082.359243,0.0,0.0,0.0,0.125,0.125,0.125,0.002261074971343591,An_up,RPA3972,114,17,0.34558391883036077,0.34558391883036077,False,Tier4_ConditionalBackground_HH
RPA2540,Q6N6S4,3-hydroxy-3-methylglutaryl-CoA lyase OS=Rhodopseudomonas palustris (strain ATCC BAA-98 / CGA009) OX=258594 GN=hmgL PE=3 SV=1,rpa:TX73_013125,K01640,"rpa00280,rpa00650,rpa00907,rpa01100,rpa01120,rpa04146","Valine, leucine and isoleucine degradation, Butanoate metabolism, Pinene, camphor and geraniol degradation, Metabolic pathways, Microbial metabolism in diverse environments, Peroxisome",Background / low-importance,Background,21,True,ANCHOR:Ac_ae,Regime-invariant importance,366131749.0915951,732263498.0058957,0.1772945154558188,-732263497.8286012,2.144839321978083e+18,0.0624999999717528,2.010786864415038e+18,0.3506166629294876,0.6281977902611812,2.470850932700592e-05,2.430417266674973e-05,1.621479563475702,1.596858312744834,HH,1.631504859346967e-06,7.335625531912914,0.0,0.0,0.0,5858107984.047166,1.41835612364655,0.0,0.0,0.0,0.0,0.0,0.0,0.0,0.0,0.0,0.0,0.0,0.125,0.0625,0.0625,0.1020255226189616,ns,RPA2540,115,19,-0.0031207105759207127,0.0031207105759207127,False,Tier4_ConditionalBackground_HH
RPA1524,Q6N9L6,Chlorophyllide reductase subunit Z OS=Rhodopseudomonas palustris (strain ATCC BAA-98 / CGA009) OX=258594 GN=bchZ PE=3 SV=1,rpa:TX73_007835,K11335,"rpa00860,rpa01110","Porphyrin metabolism, Biosynthesis of secondary metabolites",Background / low-importance,Background,9,True,Ac+pCA_ae,Regime-invariant importance,228919550.7245978,457839096.7461416,4.703054019790816,-457839092.0430876,6.691442450729955e+17,0.07831518979139253,6.167400865222857e+17,0.2958423769272591,0.6281977902611812,6.518694254429067e-06,6.717360988991308e-06,0.2135933936653084,0.2281131880278832,HH,1.510340392646645e-06,3.785073293184969,0.0,0.0,0.0,0.0,37.62443215832653,0.0,387767488.6032044,0.0,0.0,0.0,3274945285.365929,0.0,0.0,0.0,0.0,0.0,0.1875,0.1875,0.1875,0.02992940857583793,Ae_up,RPA1524,116,6,-0.09203941687622337,0.09203941687622337,False,Tier4_ConditionalBackground_HH
RPA3151,Q6N532,Heat shock protein DnaJ N-terminal OS=Rhodopseudomonas palustris (strain ATCC BAA-98 / CGA009) OX=258594 GN=RPA3151 PE=4 SV=1,rpa:TX73_016290,,,,Background / low-importance,Background,9,True,Ac+pCA_ae,Regime-invariant importance,225772033.9382873,451544066.8418419,1.034732806677374,-451544065.8071091,5.695997815552356e+17,0.08948916852149585,5.186267707138319e+17,0.2635807600192589,0.6281977902611812,3.416792824413039e-05,3.463625886741003e-05,1.625709809144446,1.662023614448388,HH,1.104849458889021e-06,6.434706125327944,0.0,0.0,0.0,615584085.5804214,8.277862453418994,0.0,0.0,0.0,0.0,0.0,2996768449.154314,0.0,0.0,0.0,0.0,0.0,0.1875,0.1875,0.1875,0.002104240330466435,Ae_up,RPA3151,117,2,-0.7644137444796071,0.7644137444796071,True,Tier4_ConditionalBackground_HH
RPA1983,Q6N8C1,Glutathione reductase OS=Rhodopseudomonas palustris (strain ATCC BAA-98 / CGA009) OX=258594 GN=gor PE=3 SV=1,rpa:TX73_010220,K00383,"rpa00480,rpa01100","Glutathione metabolism, Metabolic pathways",Background / low-importance,Background,9,True,Ac+pCA_ae,Regime-invariant importance,240070516.3743269,480141032.7486537,0.0,-480141032.7486537,8.953890302151446e+17,0.06436738767995365,8.377551773829087e+17,0.3434910507327156,0.6281977902611812,3.206946495348815e-05,3.148871339969951e-05,1.518535973475074,1.500366149191799,HH,1.057357606067108e-06,8.683920482355749,0.0,0.0,0.0,52966217.0933457,0.0,0.0,0.0,0.0,0.0,0.0,3788162044.895884,0.0,0.0,0.0,0.0,0.0,0.125,0.125,0.125,1.673282936298492e-09,Ae_up,RPA1983,118,2,-0.7644137444796071,0.7644137444796071,True,Tier4_ConditionalBackground_HH
