protein,module,kME,abs_kME,r_mu,abs_r_mu,r_mu_p,in_GR_module,r_mu_q,hub_class
RPA0002,4,0.35116691098732844,0.35116691098732844,0.03741557623810032,0.03741557623810032,0.7417751355232689,False,0.7826570606060854,Other
RPA0004,1,-0.8101156935247134,0.8101156935247134,0.4779462454065909,0.4779462454065909,7.344323191297844e-06,True,2.9713307551721342e-05,Other
RPA0008,10,-0.3239801174574308,0.3239801174574308,0.0016509639380731522,0.0016509639380731522,0.9884037378510363,False,0.991072214465105,Other
RPA0009,6,-0.9608618334978158,0.9608618334978158,0.04304630992549845,0.04304630992549845,0.7045882799005387,False,0.7493816928839063,Other
RPA0010,9,0.2354434906024761,0.2354434906024761,-0.303102165269895,0.303102165269895,0.006276619679652569,True,0.012376101070476302,Other
RPA0016,7,-0.7790590407584195,0.7790590407584195,-0.43088537740290284,0.43088537740290284,6.611032844333795e-05,True,0.00021538049108645364,Other
RPA0018,3,-0.776705518764945,0.776705518764945,-0.5709373206332806,0.5709373206332806,3.204959445401991e-08,True,2.1255748893255348e-07,Other
RPA0021,4,0.563539031014792,0.563539031014792,0.16820634579928273,0.16820634579928273,0.13584234963810282,False,0.18630667893497557,Other
RPA0022,2,-0.6623356036561763,0.6623356036561763,0.5880229647812373,0.5880229647812373,9.74607224180495e-09,True,7.26845628635815e-08,Other
RPA0025,8,0.5944948888119523,0.5944948888119523,0.46104342234399065,0.46104342234399065,1.67875743469391e-05,False,6.247399912277737e-05,Other
RPA0027,2,-0.4515613391080548,0.4515613391080548,0.20700187495144984,0.20700187495144984,0.06542381985012562,True,0.10115906199973627,Other
RPA0028,6,-0.826362899674746,0.826362899674746,0.040599272110012206,0.040599272110012206,0.7206701729774722,False,0.7638610223853686,Other
RPA0030,16,0.8011010943821381,0.8011010943821381,-0.35721576697783786,0.35721576697783786,0.0011428157795469575,False,0.002770507705768538,Other
RPA0031,2,-0.8412505136813757,0.8412505136813757,0.7154290731896615,0.7154290731896615,8.889293196665321e-14,True,2.3249883755221833e-12,Other
RPA0035,3,-0.8322474938363542,0.8322474938363542,-0.6275362380020547,0.6275362380020547,4.686378861096249e-10,True,4.808069361909246e-09,Other
RPA0036,1,-0.5887787016358508,0.5887787016358508,0.33987808293541094,0.33987808293541094,0.0020389749945511513,True,0.004606297524186725,Other
RPA0037,4,0.8371079598336972,0.8371079598336972,0.10459082215388864,0.10459082215388864,0.3558502702859512,False,0.4296579661384989,Other
RPA0038,1,-0.2610606894253318,0.2610606894253318,0.07374582935293453,0.07374582935293453,0.5156226799222048,True,0.5867103655732441,Other
RPA0041,9,0.5313164501970089,0.5313164501970089,-0.26513878444427547,0.26513878444427547,0.017460819517612122,True,0.031139072864512746,Other
RPA0043,1,-0.660489303067866,0.660489303067866,0.3517692008559209,0.3517692008559209,0.001375586295258454,True,0.00322126576329754,Other
RPA0045,6,-0.7933582762043204,0.7933582762043204,0.25331557619810163,0.25331557619810163,0.023379286885481635,False,0.040051047736475456,Other
RPA0046,9,0.8843120834664201,0.8843120834664201,-0.6839058842983624,0.6839058842983624,2.7087052581101745e-12,True,4.6574682076949945e-11,Other
RPA0047,20,0.7255989906988345,0.7255989906988345,-0.19818223773610844,0.19818223773610844,0.07803180130483603,False,0.11657687451575262,Other
RPA0048,15,0.6220695565580134,0.6220695565580134,0.20263741837794502,0.20263741837794502,0.07143997159207871,False,0.10847426594152916,Other
RPA0049,6,-0.5580379661443216,0.5580379661443216,-0.001441704752362414,0.001441704752362414,0.9898734776028206,False,0.9920102794972682,Other
RPA0050,18,0.637701458786162,0.637701458786162,-0.13885192611300415,0.13885192611300415,0.2193180308321922,False,0.2836167014313238,Other
RPA0051,14,0.671411618374987,0.671411618374987,-0.0469892167921918,0.0469892167921918,0.67894849007613,False,0.7300563671519243,Other
RPA0052,20,0.842767061281369,0.842767061281369,-0.5002053466210545,0.5002053466210545,2.3072994098964368e-06,False,1.0349408222651407e-05,Other
RPA0053,10,-0.4899345661507263,0.4899345661507263,0.5944565589802531,0.5944565589802531,6.113641915363043e-09,False,4.7304304320121546e-08,Other
RPA0054,12,0.7940797805016013,0.7940797805016013,-0.32757734225319945,0.32757734225319945,0.003015717825421313,False,0.006459271051680943,Other
RPA0055,1,-0.4204230508020832,0.4204230508020832,0.44256700805854077,0.44256700805854077,3.947507736574712e-05,True,0.00013184391846797196,Other
RPA0058,17,-0.7756727638685799,0.7756727638685799,-0.25910364271475567,0.25910364271475567,0.02029739379979831,False,0.03545838220717353,Other
RPA0059,12,0.7723179625666295,0.7723179625666295,-0.4625969331482582,0.4625969331482582,1.5587517219393882e-05,False,5.87140354491165e-05,Other
RPA0060,15,0.7535169938986658,0.7535169938986658,0.5297579568152979,0.5297579568152979,4.347889655702594e-07,False,2.2937588325681017e-06,Other
RPA0061,16,0.6446849130958464,0.6446849130958464,-0.35639871003571977,0.35639871003571977,0.0011752879608748052,False,0.0028307519368930135,Other
RPA0063,8,0.7247873508678285,0.7247873508678285,0.05861594352506795,0.05861594352506795,0.6055261804024491,False,0.665362199412632,Other
RPA0064,6,-0.9672193424644182,0.9672193424644182,0.19500997842847131,0.19500997842847131,0.08301479339329562,False,0.12243281068819407,Other
RPA0065,1,-0.6517744441174741,0.6517744441174741,0.4957196487892529,0.4957196487892529,2.9328981152697948e-06,True,1.281503952954355e-05,Other
RPA0066,1,-0.7932038371946637,0.7932038371946637,0.5689305578111111,0.5689305578111111,3.669693102699548e-08,True,2.3995141168003734e-07,Other
RPA0067,11,0.48487349167661387,0.48487349167661387,-0.03336190378095184,0.03336190378095184,0.7689234344275647,False,0.8080876161471351,Other
RPA0068,17,-0.9228005943671069,0.9228005943671069,-0.3669462019070592,0.3669462019070592,0.0008139252613335244,False,0.0020466089247134383,Other
RPA0069,2,-0.7456464593518932,0.7456464593518932,0.5864855683660187,0.5864855683660187,1.0878668782205397e-08,True,7.953420444313159e-08,Other
RPA0070,11,0.32024062757948113,0.32024062757948113,-0.07338411829065294,0.07338411829065294,0.5176899752126977,False,0.588701949767287,Other
RPA0071,18,0.741027828473758,0.741027828473758,-0.021049669092287657,0.021049669092287657,0.8529691762840188,False,0.8775422495066054,Other
RPA0073,1,-0.8714885747870719,0.8714885747870719,0.737011971647245,0.737011971647245,6.492093844633023e-15,True,2.6790707265518944e-13,Other
RPA0075,7,-0.8481711781180599,0.8481711781180599,-0.5133656293192687,0.5133656293192687,1.1187605261677281e-06,True,5.438581929564061e-06,Other
RPA0076,4,0.7359810399304677,0.7359810399304677,0.2627268920995028,0.2627268920995028,0.018550670523353557,False,0.03274581289150908,Other
RPA0078,1,-0.5586779285018078,0.5586779285018078,0.4224607394767031,0.4224607394767031,9.47923099732471e-05,True,0.0002988613236338198,Other
RPA0080,12,0.7728339575855054,0.7728339575855054,-0.46062543991406013,0.46062543991406013,1.7124891803161192e-05,False,6.35634426771939e-05,Other
RPA0083,14,0.8231254430618431,0.8231254430618431,-0.34127536934531033,0.34127536934531033,0.00194835306873835,False,0.004412306888594044,Other
RPA0085,15,0.7143880270128485,0.7143880270128485,0.10985968638425675,0.10985968638425675,0.33200147302305555,False,0.40667990461993014,Other
RPA0089,17,-0.7342542627195267,0.7342542627195267,-0.19497423696228955,0.19497423696228955,0.08307234327793458,False,0.12243281068819407,Other
RPA0090,9,0.9052024245584676,0.9052024245584676,-0.6798771842448978,0.6798771842448978,4.065704976054782e-12,True,6.801814541021378e-11,Other
RPA0091,3,-0.8388451219180437,0.8388451219180437,-0.5349374741263179,0.5349374741263179,3.191795373833745e-07,True,1.7330888915816563e-06,Other
RPA0092,1,-0.2056132618556985,0.2056132618556985,0.01698607406506577,0.01698607406506577,0.8811214708702221,True,0.9020080327486232,Other
RPA0095,11,0.824339795724031,0.824339795724031,0.11344912840905036,0.11344912840905036,0.316348834780484,False,0.38956219243193546,Other
RPA0109,12,0.8286009239671942,0.8286009239671942,-0.4538003021929604,0.4538003021929604,2.3611308998781018e-05,False,8.497325738514797e-05,Other
RPA0118,16,0.7464974768130153,0.7464974768130153,-0.38081677052001756,0.38081677052001756,0.0004924904126330523,False,0.0013178021559936285,Other
RPA0119,16,0.8036363870476853,0.8036363870476853,-0.3845762046457144,0.3845762046457144,0.00042813911257663125,False,0.0011558774564408875,Other
RPA0122,3,-0.7323834473051556,0.7323834473051556,-0.22753517628674924,0.22753517628674924,0.04237538039245508,True,0.06836757722744491,Other
RPA0136,1,-0.659016789873386,0.659016789873386,0.3307294104148421,0.3307294104148421,0.0027320237322945003,True,0.005933763825579985,Other
RPA0139,15,0.7970039247028698,0.7970039247028698,0.06504465884325353,0.06504465884325353,0.5664900824245844,False,0.6306787068719744,Other
RPA0144,3,-0.4952844536249125,0.4952844536249125,-0.20461470356387418,0.20461470356387418,0.06866150788966077,True,0.10520166679133668,Other
RPA0147,1,-0.6787769354692172,0.6787769354692172,0.41916589827822764,0.41916589827822764,0.00010885967944673105,True,0.00033861377677149004,Other
RPA0157,7,-0.7719641992929749,0.7719641992929749,-0.7920329131834314,0.7920329131834314,2.1620795790734845e-18,True,4.461090864821623e-16,Other
RPA0158,5,0.7423007069086871,0.7423007069086871,0.08986944776622605,0.08986944776622605,0.42791072710398204,False,0.5032490311792873,Other
RPA0159,13,-0.9274595761325695,0.9274595761325695,0.6087117904144341,0.6087117904144341,2.0956835006559346e-09,True,1.760943104397317e-08,Other
RPA0162,14,0.8524481033202576,0.8524481033202576,-0.2811984753771133,0.2811984753771133,0.011512736551113038,False,0.02144348222208316,Other
RPA0164,13,-0.6548151964664356,0.6548151964664356,0.3255686018844963,0.3255686018844963,0.003209981689187167,True,0.0068047214575577275,Other
RPA0168,1,-0.6118000507494739,0.6118000507494739,0.19069525426201211,0.19069525426201211,0.09019445302431206,True,0.13105719817382433,Other
RPA0169,11,0.8547260156435933,0.8547260156435933,-0.033267187949090615,0.033267187949090615,0.769561244851169,False,0.8083004704121158,Other
RPA0170,11,0.7004304058382946,0.7004304058382946,0.45556445150073177,0.45556445150073177,2.1744489076117764e-05,False,7.917552198892292e-05,Other
RPA0171,2,-0.6071460107123133,0.6071460107123133,0.6276164155058899,0.6276164155058899,4.655572733633138e-10,True,4.802999203531521e-09,Other
RPA0173,6,-0.7309564779944211,0.7309564779944211,0.029226058626010874,0.029226058626010874,0.7969111950802386,False,0.8307793666570803,Other
RPA0174,4,0.4530299414268168,0.4530299414268168,0.1065896451771449,0.1065896451771449,0.3466809644518283,False,0.421452783942771,Other
RPA0175,2,-0.845956665323996,0.845956665323996,0.6006915243265312,0.6006915243265312,3.852420864246911e-09,True,3.083597217632118e-08,Other
RPA0176,4,0.8393278828748767,0.8393278828748767,-0.16060035136023365,0.16060035136023365,0.15470674622293137,False,0.20848361954715788,Other
RPA0178,6,-0.961676165972956,0.961676165972956,0.1928855434130468,0.1928855434130468,0.08649091230066473,False,0.12646742058451527,Other
RPA0179,14,0.7302379969905963,0.7302379969905963,-0.2582213164986994,0.2582213164986994,0.020743450135043695,False,0.03610176841684737,Other
RPA0180,3,-0.5321494557428548,0.5321494557428548,-0.227164986442015,0.227164986442015,0.04272145270470796,True,0.06868721876419279,Other
RPA0185,3,-0.9371387521606945,0.9371387521606945,-0.654584760588012,0.654584760588012,4.52643676724511e-11,True,5.919431744207161e-10,Other
RPA0186,2,-0.4521428348398103,0.4521428348398103,0.2959145281285266,0.2959145281285266,0.007697606035358637,True,0.014905583323942637,Other
RPA0188,4,0.7674071500849464,0.7674071500849464,0.28457225207288583,0.28457225207288583,0.01051662295332942,False,0.019746581217727738,Other
RPA0189,6,-0.8650760300135805,0.8650760300135805,0.19346716481782292,0.19346716481782292,0.0855279696160029,False,0.1252566558177582,Other
RPA0190,5,0.8715349782428418,0.8715349782428418,-0.2241300689239013,0.2241300689239013,0.045647926958063974,False,0.07276240374345476,Other
RPA0191,14,0.846457682695689,0.846457682695689,-0.14295541352734792,0.14295541352734792,0.20586524341085427,False,0.2680867861247941,Other
RPA0192,16,0.8761493187383449,0.8761493187383449,-0.5866141079310789,0.5866141079310789,1.0779367418698954e-08,False,7.911970472934371e-08,Other
RPA0193,1,-0.400407217773184,0.400407217773184,0.4238568829284203,0.4238568829284203,8.935554168525927e-05,True,0.00028461962420158913,Other
RPA0196,4,0.18841037567725946,0.18841037567725946,-0.07618891765782307,0.07618891765782307,0.5017704884916923,False,0.5741144775903096,Other
RPA0198,5,0.7283820515177872,0.7283820515177872,-0.16603953390479187,0.16603953390479187,0.1410295060183357,False,0.19313554032157035,Other
RPA0199,13,-0.6759820807340615,0.6759820807340615,0.0816715767221329,0.0816715767221329,0.47140165170027326,True,0.5457561516255658,Other
RPA0202,6,-0.8791847408283502,0.8791847408283502,0.08778417393420647,0.08778417393420647,0.4387506479303531,False,0.5140472849814613,Other
RPA0206,14,0.7900014673236389,0.7900014673236389,-0.07879541441733043,0.07879541441733043,0.4872076369639868,False,0.5605604596295684,Other
RPA0207,20,0.6068272633272007,0.6068272633272007,-0.3489107514068368,0.3489107514068368,0.0015141846110996722,False,0.003506035938668443,Other
RPA0209,14,0.6815047078840197,0.6815047078840197,-0.32658677178339146,0.32658677178339146,0.0031101605178606314,False,0.006630962206276915,Other
RPA0211,1,-0.7683069159440473,0.7683069159440473,0.33653355721396144,0.33653355721396144,0.0022714740536353977,True,0.005050779127169106,Other
RPA0215,2,-0.5874355897682766,0.5874355897682766,0.36722600802416244,0.36722600802416244,0.000805893830456274,True,0.0020333489716811153,Other
RPA0216,4,0.6877227379878323,0.6877227379878323,0.09898535117333013,0.09898535117333013,0.38235474865280045,False,0.4569065432742924,Other
RPA0217,1,-0.6690281194557706,0.6690281194557706,0.22987667969837622,0.22987667969837622,0.04023989427236058,True,0.06537662612753595,Other
RPA0218,5,0.52946841187144,0.52946841187144,-0.11861872531485645,0.11861872531485645,0.2946545040454729,False,0.36698418109486464,Other
RPA0221,1,-0.7902257236056225,0.7902257236056225,0.42555711525723317,0.42555711525723317,8.312487568368987e-05,True,0.00026614292093898634,Other
RPA0222,8,0.3803288821208417,0.3803288821208417,0.02520353220556562,0.02520353220556562,0.8243803787807157,False,0.8523799350756064,Other
RPA0224,7,-0.6329018207196434,0.6329018207196434,-0.292877493409359,0.292877493409359,0.008378375651767557,True,0.01612294672055166,Other
RPA0225,17,-0.7864522218408789,0.7864522218408789,-0.055612579733945004,0.055612579733945004,0.6241587132784312,False,0.6810004292350451,Other
RPA0227,14,0.9249013193719434,0.9249013193719434,-0.17323670881504913,0.17323670881504913,0.12435842371398004,False,0.172596108248775,Other
RPA0228,8,0.5771339439602539,0.5771339439602539,-0.0698309615781704,0.0698309615781704,0.5382185539137204,False,0.607212548370461,Other
RPA0230,12,0.4514389729217972,0.4514389729217972,-0.14442499565850198,0.14442499565850198,0.20119343627867844,False,0.2628782072942938,Other
RPA0232,16,0.865309355993699,0.865309355993699,-0.5240088227115041,0.5240088227115041,6.091048521134187e-07,False,3.1332623556083616e-06,Other
RPA0233,16,0.9096232369776382,0.9096232369776382,-0.3778786134794495,0.3778786134794495,0.0005488113517966547,False,0.0014476458526795281,Other
RPA0234,15,0.6073310831311556,0.6073310831311556,-0.09010444246018456,0.09010444246018456,0.4266988114876488,False,0.5021417572449708,Other
RPA0235,2,-0.8012685980515715,0.8012685980515715,0.5427465340761596,0.5427465340761596,1.983118805230412e-07,True,1.1227596406441692e-06,Other
RPA0236,2,-0.9234667980069406,0.9234667980069406,0.7857381465036125,0.7857381465036125,6.076624733674495e-18,True,9.40357677536128e-16,Other
RPA0240,18,0.8783235829792153,0.8783235829792153,-0.09731069855950356,0.09731069855950356,0.39049752680115657,False,0.4648422482498383,Other
RPA0241,5,0.6464596716242225,0.6464596716242225,-0.00563954175071759,0.00563954175071759,0.9604028146957738,False,0.9682236845222866,Other
RPA0242,4,0.43894365119384815,0.43894365119384815,0.2169835001076881,0.2169835001076881,0.05319732533901185,False,0.08343533205620354,Other
RPA0243,8,0.37617123815293846,0.37617123815293846,0.19793582342355076,0.19793582342355076,0.0784101088743025,False,0.11671678347606977,Other
RPA0244,2,-0.41087631567771454,0.41087631567771454,0.4558123720752396,0.4558123720752396,2.1493463392048826e-05,True,7.84152485639188e-05,Other
RPA0245,11,0.7670132102906007,0.7670132102906007,0.28900755497941955,0.28900755497941955,0.00932197610335538,False,0.0177730078274445,Other
RPA0248,2,-0.46017994889259217,0.46017994889259217,0.4605123510878388,0.4605123510878388,1.7217238377290537e-05,True,6.35634426771939e-05,Other
RPA0249,19,0.8430660082818319,0.8430660082818319,0.07111443055327858,0.07111443055327858,0.5307572675501192,False,0.5998881593673593,Other
RPA0250,6,-0.6216518797573536,0.6216518797573536,-0.1645713922350107,0.1645713922350107,0.14462804423268721,False,0.19690196344582123,Other
RPA0253,12,0.7911521901327123,0.7911521901327123,-0.34321594713604153,0.34321594713604153,0.001828509149769153,False,0.0041561095362562025,Other
RPA0254,11,0.6620036948846023,0.6620036948846023,0.26155383194304777,0.26155383194304777,0.019101501491100143,False,0.033622263762059686,Other
RPA0256,7,-0.9351043168016577,0.9351043168016577,-0.7217192969053536,0.7217192969053536,4.2524921691971376e-14,True,1.270231741115982e-12,Other
RPA0257,22,-0.8666040466751592,0.8666040466751592,-0.3142681975043752,0.3142681975043752,0.004525965793289413,False,0.009286981743799381,Other
RPA0258,6,-0.8431898428870339,0.8431898428870339,-0.13048242231791074,0.13048242231791074,0.24864684837408205,False,0.31778196657306973,Other
RPA0259,3,-0.9388018287627139,0.9388018287627139,-0.6511588468104769,0.6511588468104769,6.16549106386672e-11,True,7.733123529790123e-10,Other
RPA0262,3,-0.5646310150537754,0.5646310150537754,-0.3865793538166545,0.3865793538166545,0.0003970861314678391,True,0.0010812154635421955,Other
RPA0263,12,0.894794169570541,0.894794169570541,-0.4125370437388337,0.4125370437388337,0.00014318763799613305,False,0.00043376744495729046,Other
RPA0267,11,0.7863509821553305,0.7863509821553305,0.5563403754992496,0.5563403754992496,8.410147826955903e-08,False,5.188586217494057e-07,Other
RPA0268,9,0.5676634006072903,0.5676634006072903,-0.6662378687076133,0.6662378687076133,1.5349690399865883e-11,True,2.2987399252057217e-10,Other
RPA0269,19,0.6789980898841188,0.6789980898841188,0.004901963998249034,0.004901963998249034,0.9655782158059768,False,0.9718583993234141,Other
RPA0271,1,-0.7484009035858967,0.7484009035858967,0.390993489946012,0.390993489946012,0.0003358078245855328,True,0.0009285505930121493,Other
RPA0272,16,0.43768059761923866,0.43768059761923866,-0.13004456961498,0.13004456961498,0.25025188421559014,False,0.3196133074197736,Other
RPA0274,1,-0.486358780627307,0.486358780627307,0.3255729271674444,0.3255729271674444,0.0032095516544370273,True,0.0068047214575577275,Other
RPA0280,7,-0.5530883697283211,0.5530883697283211,-0.5060779740069452,0.5060779740069452,1.6766461771290684e-06,True,7.736087122874758e-06,Other
RPA0282,15,0.60708620240222,0.60708620240222,0.005865299787457562,0.005865299787457562,0.9588190433695234,False,0.9682038953437765,Other
RPA0283,5,0.6734329959962531,0.6734329959962531,-0.21293941703175337,0.21293941703175337,0.05790394065046908,False,0.0902834742131999,Other
RPA0287,6,-0.5430182480420489,0.5430182480420489,-0.059313568147531276,0.059313568147531276,0.6012334090141631,False,0.6610363768734759,Other
RPA0288,9,0.8521277691946284,0.8521277691946284,-0.5801288516661254,0.5801288516661254,1.703663539471382e-08,True,1.202928970645763e-07,Other
RPA0291,2,-0.9242842612670227,0.9242842612670227,0.7161210893625872,0.7161210893625872,8.204640091617598e-14,True,2.1765738071619826e-12,Other
RPA0292,9,0.6887449554534726,0.6887449554534726,-0.5737681075968082,0.5737681075968082,2.6436100058515334e-08,True,1.7786897756761947e-07,Other
RPA0293,16,0.6937429960518986,0.6937429960518986,-0.26979652501476437,0.26979652501476437,0.015511235080508164,False,0.028101818092198694,Other
RPA0295,11,0.7157355105453969,0.7157355105453969,-0.16418056227070468,0.16418056227070468,0.14559752978878143,False,0.19807663942693562,Other
RPA0296,14,0.8971103708629231,0.8971103708629231,-0.27306488895654013,0.27306488895654013,0.01425804033420093,False,0.026034592822626476,Other
RPA0298,2,-0.4805878853559865,0.4805878853559865,0.45983011975439325,0.45983011975439325,1.7784280391074035e-05,True,6.526760609925787e-05,Other
RPA0300,10,-0.19841107293971777,0.19841107293971777,0.09558878072933356,0.09558878072933356,0.3989769493195699,False,0.4734186548795152,Other
RPA0302,4,0.2568931318209984,0.2568931318209984,-0.20194736382625575,0.20194736382625575,0.07243063470049528,False,0.10961995814084738,Other
RPA0306,9,0.6236016193768024,0.6236016193768024,-0.4375055657178586,0.4375055657178586,4.9472043577361395e-05,True,0.0001631786588333217,Other
RPA0308,12,0.7293635619385607,0.7293635619385607,-0.4456851130149492,0.4456851130149492,3.4288674586531886e-05,False,0.00011769698467133035,Other
RPA0309,2,-0.7190908013462811,0.7190908013462811,0.5481126513137047,0.5481126513137047,1.4198982624026997e-07,True,8.291591777020169e-07,Other
RPA0311,2,-0.7735442727434757,0.7735442727434757,0.47230799822211134,0.47230799822211134,9.723772924771683e-06,True,3.801483436063371e-05,Other
RPA0312,16,0.8418345415626762,0.8418345415626762,-0.16235348815624673,0.16235348815624673,0.15019454466513196,False,0.2034475925777926,Other
RPA0313,4,0.8561550573529129,0.8561550573529129,0.12525225460106895,0.12525225460106895,0.2682832341947055,False,0.3386825057101075,Other
RPA0314,2,-0.8941533113426494,0.8941533113426494,0.7059370376649787,0.7059370376649787,2.607100004620028e-13,True,5.695746715975755e-12,Other
RPA0322,12,0.5537084153935422,0.5537084153935422,-0.2486891108026809,0.2486891108026809,0.026121086729116113,False,0.044217737516835574,Other
RPA0325,9,0.5430625091856757,0.5430625091856757,-0.5246077503925318,0.5246077503925318,5.882538325112124e-07,True,3.0344093527036707e-06,Other
RPA0326,9,0.587005796661779,0.587005796661779,-0.350183860602783,0.350183860602783,0.0014509681446440057,True,0.0033722751496920132,Other
RPA0327,17,-0.739368021586309,0.739368021586309,-0.08675958481599601,0.08675958481599601,0.4441329596259929,False,0.5193670692855598,Other
RPA0328,13,-0.8970004730444288,0.8970004730444288,0.5971023976441927,0.5971023976441927,5.031664220681644e-09,True,3.9425318387366305e-08,Other
RPA0329,5,0.6657051746930072,0.6657051746930072,-0.10266118367400812,0.10266118367400812,0.3648430712091308,False,0.4385201185989358,Other
RPA0330,1,-0.35582414613904545,0.35582414613904545,0.4681743038219081,0.4681743038219081,1.1907887554460868e-05,True,4.5593705543574914e-05,Other
RPA0331,1,-0.7819809529572946,0.7819809529572946,0.5092756190621321,0.5092756190621321,1.4055530515164675e-06,True,6.576682649395948e-06,Other
RPA0332,4,0.7608699811086366,0.7608699811086366,0.02888850880023297,0.02888850880023297,0.7992073078744648,False,0.8323768764570281,Other
RPA0333,14,0.7664086529366252,0.7664086529366252,-0.404125322509869,0.404125322509869,0.00020111222247063546,False,0.0005835396830124532,Other
RPA0334,4,0.773829867113335,0.773829867113335,0.05754785856041364,0.05754785856041364,0.6121244841169808,False,0.6704810709173333,Other
RPA0336,5,0.8210944725381528,0.8210944725381528,-0.18236458792599686,0.18236458792599686,0.10543535069023534,False,0.1503789909614186,Other
RPA0337,5,0.6744914451204395,0.6744914451204395,-0.23995255127456153,0.23995255127456153,0.03204490430190802,False,0.05332203162064802,Other
RPA0338,2,-0.8325730895460529,0.8325730895460529,0.7007919784435823,0.7007919784435823,4.589931923270327e-13,True,9.366487452212085e-12,Other
RPA0339,5,0.8596711351066761,0.8596711351066761,-0.20355287733650618,0.20355287733650618,0.07014254767722981,False,0.10702934349763005,Other
RPA0340,4,0.4290919007452223,0.4290919007452223,-0.23935925621952603,0.23935925621952603,0.0324851534745026,False,0.053957898034124624,Other
RPA0351,7,-0.6341974161142148,0.6341974161142148,-0.3978120424885269,0.3978120424885269,0.0002580070616764352,True,0.0007325980329252909,Other
RPA0352,21,0.4555135323014067,0.4555135323014067,-0.11439909420668795,0.11439909420668795,0.3122871028234928,False,0.3850711487006814,Other
RPA0354,12,0.4883595746829873,0.4883595746829873,-0.44322047495967165,0.44322047495967165,3.833119281599396e-05,False,0.00012871794766600503,Other
RPA0355,1,-0.41246076353249694,0.41246076353249694,0.20835772586148266,0.20835772586148266,0.06364058026559358,True,0.09848379796100606,Other
RPA0356,12,0.7989966362584735,0.7989966362584735,-0.3555458744445746,0.3555458744445746,0.0012100716682125119,False,0.0028994878553169475,Other
RPA0358,9,0.7703408725440457,0.7703408725440457,-0.6241369960872019,0.6241369960872019,6.187604922773204e-10,True,6.047569653468337e-09,Other
RPA0359,16,0.7141840314162539,0.7141840314162539,-0.5266805403325975,0.5266805403325975,5.211791456702607e-07,False,2.718622678397961e-06,Other
RPA0360,7,-0.45368422336702957,0.45368422336702957,-0.3338151312108465,0.3338151312108465,0.0024777018444628327,True,0.005445029514876218,Other
RPA0367,14,0.39705192706006986,0.39705192706006986,-0.3204956933034166,0.3204956933034166,0.0037512522007160922,False,0.007835855271912016,Other
RPA0371,12,0.6009316737978488,0.6009316737978488,-0.3599664323676991,0.3599664323676991,0.0010393839936292779,False,0.0025530900478433452,Other
RPA0373,10,-0.6556934009928546,0.6556934009928546,0.011582853839858279,0.011582853839858279,0.9187780441817576,False,0.9343761380315025,Other
RPA0375,15,0.666593135776458,0.666593135776458,0.10823607408334951,0.10823607408334951,0.3392400717321993,False,0.4142466353917863,Other
RPA0377,11,0.2746046702501184,0.2746046702501184,0.07467328694794859,0.07467328694794859,0.5103412249420456,False,0.5821275520377018,Other
RPA0379,7,-0.9496836984752257,0.9496836984752257,-0.6532831345237149,0.6532831345237149,5.0927213326739294e-11,True,6.567488551927422e-10,WGCNA Hub only
RPA0381,17,-0.8774243686457258,0.8774243686457258,-0.438761053468744,0.438761053468744,4.6793585885850005e-05,False,0.00015461866368331577,Other
RPA0382,3,-0.7215086137200106,0.7215086137200106,-0.5140802840413772,0.5140802840413772,1.0746987172291605e-06,True,5.2380984721641756e-06,Other
RPA0387,12,0.7866353679613042,0.7866353679613042,-0.339772347010587,0.339772347010587,0.002045984496654702,False,0.004616516658915895,Other
RPA0389,18,0.5677245214359218,0.5677245214359218,-0.1425028883546326,0.1425028883546326,0.20731926247613267,False,0.269791079480153,Other
RPA0392,6,-0.8880984184405563,0.8880984184405563,0.14339244716137112,0.14339244716137112,0.20446791070759396,False,0.2664539720589488,Other
RPA0395,2,-0.7733506826384173,0.7733506826384173,0.6761220909233634,0.6761220909233634,5.902537104085183e-12,True,9.61492228270718e-11,Other
RPA0397,7,-0.35182027054075726,0.35182027054075726,-0.1617131724888103,0.1617131724888103,0.15183103207616594,True,0.20535340609281877,Other
RPA0402,9,0.6517228587531523,0.6517228587531523,-0.6265204880363446,0.6265204880363446,5.0939349311293e-10,True,5.113209279517357e-09,Other
RPA0404,1,-0.5886263432513033,0.5886263432513033,0.33776817860382685,0.33776817860382685,0.0021830107395804147,True,0.004878280316968508,Other
RPA0408,11,0.8025712183444977,0.8025712183444977,0.14163593449495368,0.14163593449495368,0.2101252694865655,False,0.27286896883674977,Other
RPA0411,10,-0.6434424397946195,0.6434424397946195,0.3288622344898342,0.3288622344898342,0.0028970387528171947,False,0.006248317031337433,Other
RPA0413,14,0.4027549593273697,0.4027549593273697,-0.1778119842368586,0.1778119842368586,0.11457226023953573,False,0.16106032344043744,Other
RPA0416,5,0.58560181438819,0.58560181438819,-0.2059955838607564,0.2059955838607564,0.06677325874481062,False,0.10281753025631286,Other
RPA0417,2,-0.6969747513635478,0.6969747513635478,0.7026671758939103,0.7026671758939103,3.740077282814298e-13,True,7.983130476076037e-12,Other
RPA0422,6,-0.5691933694805134,0.5691933694805134,-0.042678917955351975,0.042678917955351975,0.7069947325627685,False,0.7515107145787413,Other
RPA0425,9,0.6506489824308239,0.6506489824308239,-0.5237151858728195,0.5237151858728195,6.195807829657252e-07,True,3.167089472836435e-06,Other
RPA0426,6,-0.7940422969087981,0.7940422969087981,-0.08377630126718191,0.08377630126718191,0.4600132169592603,False,0.5362489289977064,Other
RPA0427,2,-0.6227535094994556,0.6227535094994556,0.4830329974375803,0.4830329974375803,5.677070511346496e-06,True,2.33754322385154e-05,Other
RPA0428,1,-0.8126897710662713,0.8126897710662713,0.7163491848795012,0.7163491848795012,7.99031700208269e-14,True,2.166845402336676e-12,Other
RPA0429,4,0.8398315650881427,0.8398315650881427,0.049637018902888484,0.049637018902888484,0.6619305537584108,False,0.7171557983251861,Other
RPA0431,14,0.2562691937579735,0.2562691937579735,-0.33113698572219424,0.33113698572219424,0.002697143170492707,False,0.005871740759208625,Other
RPA0432,6,-0.9267850673051834,0.9267850673051834,0.2294594711561233,0.2294594711561233,0.040613703145794995,False,0.06592626463438925,Other
RPA0433,5,0.7351331965004113,0.7351331965004113,0.2422006881996837,0.2422006881996837,0.03042192674202761,False,0.050849251089059654,Other
RPA0434,4,0.7505849205696422,0.7505849205696422,0.1949777865443904,0.1949777865443904,0.08306662642528562,False,0.12243281068819407,Other
RPA0435,2,-0.8878839223186776,0.8878839223186776,0.6519406542318306,0.6519406542318306,5.747654703326605e-11,True,7.260812778284017e-10,Other
RPA0436,1,-0.7830519387914318,0.7830519387914318,0.4666637595086007,0.4666637595086007,1.2814705235073801e-05,True,4.876415496215584e-05,Other
RPA0437,9,0.43154796185472516,0.43154796185472516,-0.2546345554750833,0.2546345554750833,0.022644012953946562,True,0.039116215865561646,Other
RPA0438,4,0.8835292911279299,0.8835292911279299,-0.08210655542427812,0.08210655542427812,0.46903560583569054,False,0.5443744500230483,Other
RPA0439,4,0.8445084871973517,0.8445084871973517,0.2870820736816075,0.2870820736816075,0.009825180450405568,False,0.018617714384084837,Other
RPA0443,2,-0.8901861365381577,0.8901861365381577,0.7445785469008042,0.7445785469008042,2.4394768814247586e-15,True,1.3727601723653867e-13,Other
RPA0445,4,0.7470153087082192,0.7470153087082192,0.32242996512382316,0.32242996512382316,0.0035359528334349024,False,0.007444744230939471,Other
RPA0450,3,-0.8485607273281222,0.8485607273281222,-0.777515379456764,0.777515379456764,2.2270479704105583e-17,True,2.297571156140226e-15,Tier 1 only
RPA0452,3,-0.9440180289270674,0.9440180289270674,-0.7878641149820013,0.7878641149820013,4.303176907299372e-18,True,7.264545015322667e-16,WGCNA Hub only
RPA0453,2,-0.8290960910606286,0.8290960910606286,0.6056633277571539,0.6056633277571539,2.646616399558533e-09,True,2.194092256241159e-08,Other
RPA0455,2,-0.8446480371889764,0.8446480371889764,0.5897109827016958,0.5897109827016958,8.632140928608759e-09,True,6.542810491602639e-08,Other
RPA0460,2,-0.7817486418717766,0.7817486418717766,0.423004366846768,0.423004366846768,9.263993966815105e-05,True,0.0002940724238696692,Other
RPA0461,3,-0.3509337791295726,0.3509337791295726,-0.3766204866850285,0.3766204866850285,0.0005746793401730431,True,0.00150944771527771,Other
RPA0465,15,0.35613721675503396,0.35613721675503396,-0.35200545740436107,0.35200545740436107,0.0013646608666354532,False,0.003201097142772613,Other
RPA0466,2,-0.5343945496711755,0.5343945496711755,0.38069595474228235,0.38069595474228235,0.000494697941491352,True,0.001319905283548047,Other
RPA0467,9,0.811756444154712,0.811756444154712,-0.5753812816043704,0.5753812816043704,2.3669435981865218e-08,True,1.615961125673666e-07,Other
RPA0470,19,0.4971623275912235,0.4971623275912235,0.13698115762643492,0.13698115762643492,0.22565216225610144,False,0.2916047775292835,Other
RPA0477,3,-0.6690705858010426,0.6690705858010426,-0.4426642796258678,0.4426642796258678,3.930281622942548e-05,True,0.00013150509862710472,Tier 1 only
RPA0479,4,0.8545205082263964,0.8545205082263964,0.27806401321551555,0.27806401321551555,0.012510768734244003,False,0.02304811263838404,Other
RPA0480,4,0.6537639681094725,0.6537639681094725,-0.013983627354936856,0.013983627354936856,0.9020192887294668,False,0.9193467723219648,Other
RPA0481,1,-0.1186400572068198,0.1186400572068198,0.043347521484526426,0.043347521484526426,0.7026174748125957,True,0.7477138399581607,Other
RPA0482,1,-0.49456101493770055,0.49456101493770055,0.046451062612168,0.046451062612168,0.6824273724926427,True,0.7321605329584052,Other
RPA0483,5,0.5706690503802097,0.5706690503802097,0.031076838446128005,0.031076838446128005,0.7843527534138359,False,0.8196640760210991,Other
RPA0484,1,-0.6810586261928782,0.6810586261928782,0.41329270535420304,0.41329270535420304,0.000138822629720987,True,0.000422612497363726,Other
RPA0485,12,0.8495018822444982,0.8495018822444982,-0.21373215154353012,0.21373215154353012,0.05695552057474421,False,0.08887932916579831,Other
RPA0487,10,-0.30397003957873564,0.30397003957873564,0.29201627079886444,0.29201627079886444,0.00858079128178073,False,0.016461290713085552,Other
RPA0489,1,-0.8119416670025963,0.8119416670025963,0.4498440156607986,0.4498440156607986,2.8354771176471392e-05,True,9.991425061614304e-05,Other
RPA0491,18,0.8771266587415009,0.8771266587415009,-0.03967417469372832,0.03967417469372832,0.7267820485081368,False,0.7694608119039966,Other
RPA0493,13,-0.776124305929333,0.776124305929333,0.47276909626087893,0.47276909626087893,9.504907329808541e-06,True,3.723757998197144e-05,Other
RPA0496,1,-0.7449112455444549,0.7449112455444549,0.29811485329985987,0.29811485329985987,0.007235234839338148,True,0.014068933085498368,Other
RPA0498,10,-0.625096624547416,0.625096624547416,0.4743718927268219,0.4743718927268219,8.77948654362985e-06,False,3.476227401177107e-05,Other
RPA0500,2,-0.6989173310576977,0.6989173310576977,0.5703610102767227,0.5703610102767227,3.332354437000979e-08,True,2.2022000674415721e-07,Other
RPA0501,2,-0.8816982461527605,0.8816982461527605,0.6945368073576415,0.6945368073576415,8.985553717066118e-13,True,1.6854720457163418e-11,Other
RPA0503,10,-0.4073431460369153,0.4073431460369153,0.10006808896082076,0.10006808896082076,0.3771448437871486,False,0.4512615817736694,Other
RPA0504,15,0.6511232391934207,0.6511232391934207,-0.005399596841444285,0.005399596841444285,0.9620862797465296,False,0.9693945857239856,Other
RPA0508,4,0.6653056326564415,0.6653056326564415,0.02785535130892007,0.02785535130892007,0.8062456555391562,False,0.8382968546115415,Other
RPA0510,1,-0.4405954980690891,0.4405954980690891,0.3925647843863209,0.3925647843863209,0.00031617851851376965,True,0.0008815968601802856,Other
RPA0511,1,-0.8230995426536412,0.8230995426536412,0.550149702793495,0.550149702793495,1.2488536287795871e-07,True,7.385736269565903e-07,Other
RPA0513,13,-0.7756217590673324,0.7756217590673324,0.5228924054310302,0.5228924054310302,6.498489538474723e-07,True,3.306217828204811e-06,Other
RPA0524,14,0.8870751670760205,0.8870751670760205,-0.28547878341127886,0.28547878341127886,0.0102621320655614,False,0.01936664557494667,Other
RPA0525,15,0.7785000662162984,0.7785000662162984,0.06421311283780334,0.06421311283780334,0.5714720928651367,False,0.6343237755233465,Other
RPA0526,1,-0.7774709312860977,0.7774709312860977,0.7087828695990589,0.7087828695990589,1.8967554527455524e-13,True,4.410085877051421e-12,Other
RPA0531,4,0.8908285404551866,0.8908285404551866,0.2579064186210591,0.2579064186210591,0.020904661558649156,False,0.03634827388989839,Other
RPA0532,8,0.5400056265610842,0.5400056265610842,0.22163228710547628,0.22163228710547628,0.048178972649444145,False,0.07601389312660813,Other
RPA0537,7,-0.8853065643908262,0.8853065643908262,-0.6529436875456682,0.6529436875456682,5.2512137008230396e-11,True,6.725175063743714e-10,Other
RPA0538,8,0.46372537612295495,0.46372537612295495,0.031925708513175166,0.031925708513175166,0.7786109147341113,False,0.8164203662683481,Other
RPA0543,20,0.862092420001057,0.862092420001057,-0.5787750412353496,0.5787750412353496,1.872136079379553e-08,False,1.3020811608269026e-07,Other
RPA0547,2,-0.6821641515866319,0.6821641515866319,0.6993749219932803,0.6993749219932803,5.352445955154533e-13,True,1.057392780715103e-11,Other
RPA0557,1,-0.8137769103017539,0.8137769103017539,0.41153939786508287,0.41153939786508287,0.00014914461543079444,True,0.0004488841991166698,Other
RPA0558,2,-0.5013893983402855,0.5013893983402855,0.3836778463817744,0.3836778463817744,0.00044277469466835615,True,0.001191641460868315,Other
RPA0559,4,0.5957985251141604,0.5957985251141604,0.1295411226777531,0.1295411226777531,0.2521061205126793,False,0.3212961064614824,Other
RPA0561,2,-0.8750181525660068,0.8750181525660068,0.6939747171107301,0.6939747171107301,9.536709006027267e-13,True,1.753432537048776e-11,Other
RPA0562,2,-0.6732314854933534,0.6732314854933534,0.5044704691895253,0.5044704691895253,1.830855367839883e-06,True,8.394538838496356e-06,Other
RPA0566,10,-0.7958353095118983,0.7958353095118983,0.17007969360186315,0.17007969360186315,0.1314752969019248,False,0.18085157507175878,Other
RPA0568,8,0.8785250276880346,0.8785250276880346,0.35807134692710024,0.35807134692710024,0.0011096860714740362,False,0.002711430308851691,Other
RPA0569,22,-0.7132144775908134,0.7132144775908134,-0.19587764065870483,0.19587764065870483,0.08162740185240715,False,0.12087885585320579,Other
RPA0571,4,0.7841771237878583,0.7841771237878583,0.17707394310444455,0.17707394310444455,0.1161093573411663,False,0.16297435871696586,Other
RPA0580,5,0.7342443074434888,0.7342443074434888,0.02662734284236498,0.02662734284236498,0.8146314345999892,False,0.8446513534629704,Other
RPA0582,2,-0.7733489815355558,0.7733489815355558,0.5661164873516525,0.5661164873516525,4.430348849436585e-08,True,2.8666055098967725e-07,Other
RPA0584,1,-0.7796049363946512,0.7796049363946512,0.28012908235851625,0.28012908235851625,0.011845158724925083,True,0.02197448526691896,Other
RPA0586,5,0.7882389258657235,0.7882389258657235,-0.19227617902647598,0.19227617902647598,0.08750897548089706,False,0.1278553638615467,Other
RPA0590,11,0.7563787529593005,0.7563787529593005,-0.03242513670578777,0.03242513670578777,0.7752382415290789,False,0.8138029477215939,Other
RPA0592,9,0.7162373233267365,0.7162373233267365,-0.4536629175717774,0.4536629175717774,2.376279263447179e-05,True,8.535300952072364e-05,Other
RPA0595,4,0.5993382794976139,0.5993382794976139,0.06549488393356126,0.06549488393356126,0.563801218657589,False,0.6280821118600958,Tier 1 only
RPA0596,11,0.5732866950026002,0.5732866950026002,0.059918723015181016,0.059918723015181016,0.5975205934626232,False,0.6577331013989871,Other
RPA0598,1,-0.7663933115319697,0.7663933115319697,0.5496298345341474,0.5496298345341474,1.2905457264872003e-07,True,7.608074330434067e-07,Other
RPA0599,16,0.7914229986539364,0.7914229986539364,-0.4619746672463805,0.4619746672463805,1.6058242546521927e-05,False,6.0242740219982264e-05,Other
RPA0600,1,-0.649451319596849,0.649451319596849,0.39097710251060747,0.39097710251060747,0.0003360183082951881,True,0.0009285505930121493,Other
RPA0603,11,0.2437527949635489,0.2437527949635489,0.17052654256944022,0.17052654256944022,0.1304495653923011,False,0.18009852713196217,Other
RPA0604,3,-0.8899511873975654,0.8899511873975654,-0.741841603041496,0.741841603041496,3.489479114544336e-15,True,1.661528901463803e-13,Other
RPA0606,11,0.8057922406091997,0.8057922406091997,0.01957320543495281,0.01957320543495281,0.8631786984240565,False,0.8860822791450929,Other
RPA0607,1,-0.48368268887236654,0.48368268887236654,0.07424888952773759,0.07424888952773759,0.512754530110151,True,0.584162676327945,Other
RPA0608,1,-0.828926538314674,0.828926538314674,0.6181221469087016,0.6181221469087016,1.0035446704265832e-09,True,9.18020912799096e-09,Other
RPA0610,2,-0.48372216153268616,0.48372216153268616,0.03803085005671536,0.03803085005671536,0.7376810023874025,True,0.7792227653204815,Other
RPA0612,5,0.7389998733458303,0.7389998733458303,-0.11959890782683197,0.11959890782683197,0.29065416752235906,False,0.36346450443705103,Other
RPA0613,5,0.6825482082251896,0.6825482082251896,0.024784064687786198,0.024784064687786198,0.8272576509030684,False,0.8548789414173611,Other
RPA0615,1,-0.3933412825031064,0.3933412825031064,0.29834575419316134,0.29834575419316134,0.007188160638141693,True,0.013992048537766378,Other
RPA0616,2,-0.6612537967777681,0.6612537967777681,0.4073495285044003,0.4073495285044003,0.00017674595816028128,True,0.0005185106545081237,Other
RPA0617,5,0.7219612643676856,0.7219612643676856,-0.10438573891171483,0.10438573891171483,0.3567994670667264,False,0.43052411328324297,Other
RPA0618,1,-0.9013194172829848,0.9013194172829848,0.6607049849031024,0.6607049849031024,2.5803010438222585e-11,True,3.6300144230135863e-10,Other
RPA0621,3,-0.7829700756775526,0.7829700756775526,-0.577699498447278,0.577699498447278,2.0171629154236505e-08,True,1.3977132589334773e-07,Other
RPA0622,9,0.7779915958443392,0.7779915958443392,-0.6010863040670145,0.6010863040670145,3.740153497802487e-09,True,3.046256598868079e-08,Other
RPA0624,4,0.6354537393041857,0.6354537393041857,0.20256763480100054,0.20256763480100054,0.07153965742136728,False,0.10853688221526066,Other
RPA0626,1,-0.7974694746226927,0.7974694746226927,0.39742765463235047,0.39742765463235047,0.00026190861277489483,True,0.0007425409067526407,Other
RPA0629,14,0.8620631124916125,0.8620631124916125,-0.22323696223224218,0.22323696223224218,0.04654000530055644,False,0.07386734174626779,Other
RPA0631,2,-0.528432241825924,0.528432241825924,0.5895301538997427,0.5895301538997427,8.745399202262875e-09,True,6.601709885610634e-08,Other
RPA0632,18,0.6918779493046667,0.6918779493046667,-0.18335081352532573,0.18335081352532573,0.10353286574439977,False,0.14800656788864539,Other
RPA0653,3,-0.6326379264159667,0.6326379264159667,-0.5742620572209456,0.5742620572209456,2.5557858358282262e-08,True,1.7384960795359032e-07,Other
RPA0654,12,0.6441570135299087,0.6441570135299087,-0.32359495809774086,0.32359495809774086,0.0034116646688944663,False,0.007191215993345089,Other
RPA0655,3,-0.4789708643129965,0.4789708643129965,-0.14397811468768723,0.14397811468768723,0.20260597534030395,True,0.26421298890937106,Other
RPA0658,20,0.6176466594916937,0.6176466594916937,-0.09257092364394089,0.09257092364394089,0.41409756573123746,False,0.4891725060832748,Other
RPA0661,6,-0.5749711049692138,0.5749711049692138,-0.07859402900600784,0.07859402900600784,0.4883247669247707,False,0.5614978898943029,Other
RPA0662,1,0.02778315069850242,0.02778315069850242,0.0008748979218679183,0.0008748979218679183,0.9938546219388094,True,0.9943901039549402,Other
RPA0677,12,0.5525577546785239,0.5525577546785239,-0.39737571837775254,0.39737571837775254,0.0002624399065930673,False,0.0007429129672916554,Other
RPA0684,19,0.8583047063207521,0.8583047063207521,-0.11884678354789638,0.11884678354789638,0.2937205349133209,False,0.366066465324857,Other
RPA0703,10,-0.1979628828207899,0.1979628828207899,0.17044160328010363,0.17044160328010363,0.13064407143404383,False,0.1801084191930359,Other
RPA0707,8,0.6320419428506251,0.6320419428506251,0.06604503861829844,0.06604503861829844,0.560523758151184,False,0.6262891810389584,Other
RPA0715,11,0.8448608195273081,0.8448608195273081,0.4509657882660697,0.4509657882660697,2.692666949200804e-05,False,9.579085296294815e-05,Other
RPA0718,2,-0.583311084562298,0.583311084562298,0.496943603050764,0.496943603050764,2.747979594114727e-06,True,1.2092412574102009e-05,Other
RPA0720,16,0.7519025130541528,0.7519025130541528,-0.303967929526736,0.303967929526736,0.006122151979436295,False,0.012146192548945726,Other
RPA0732,13,-0.6875522947198149,0.6875522947198149,0.25242944684970237,0.25242944684970237,0.023884596873827404,True,0.040841341063257354,Other
RPA0734,2,-0.8683601449100198,0.8683601449100198,0.565046223411136,0.565046223411136,4.757207740907612e-08,True,3.046253370643254e-07,Other
RPA0741,4,0.7976226552109548,0.7976226552109548,0.07681880614195519,0.07681880614195519,0.49823064165807884,False,0.5707676135466085,Other
RPA0747,1,-0.757848016445855,0.757848016445855,0.2917682579522699,0.2917682579522699,0.00863987180636527,True,0.016557525226439947,Tier 1 only
RPA0750,21,0.8741471392975736,0.8741471392975736,-0.30309439099344704,0.30309439099344704,0.0062780221908393516,False,0.012376101070476302,Other
RPA0751,2,-0.7866260879854954,0.7866260879854954,0.6744301603457417,0.6744301603457417,6.969730317998917e-12,True,1.1157576897003438e-10,Other
RPA0753,6,-0.49346949764010534,0.49346949764010534,-0.05751127333128085,0.05751127333128085,0.6123510480752813,False,0.6704810709173333,Other
RPA0761,1,-0.41666178313114954,0.41666178313114954,0.2539940152185993,0.2539940152185993,0.022998587560406875,True,0.03954479361081071,Other
RPA0776,8,0.718005951035656,0.718005951035656,0.0685392168218962,0.0685392168218962,0.5457796926905384,False,0.613135444238554,Other
RPA0778,3,-0.9043740478397485,0.9043740478397485,-0.7721650535597409,0.7721650535597409,5.035504178865417e-17,True,4.250423300069582e-15,Other
RPA0782,22,-0.7200031422170077,0.7200031422170077,-0.19886091793730684,0.19886091793730684,0.07699738764768499,False,0.11530979746915404,Other
RPA0784,7,-0.5908959540651908,0.5908959540651908,-0.6720847523032669,0.6720847523032669,8.759717108286163e-12,True,1.3558621520243693e-10,Other
RPA0787,7,-0.9109439634851932,0.9109439634851932,-0.7437120663999849,0.7437120663999849,2.7335493181139276e-15,True,1.4930003187463422e-13,Other
RPA0794,3,-0.8815158235585315,0.8815158235585315,-0.810446656306071,0.810446656306071,8.475274940214492e-20,True,2.6230975939963853e-17,Other
RPA0802,7,-0.6220917576415645,0.6220917576415645,-0.43452867670891193,0.43452867670891193,5.640270718989802e-05,True,0.00018570891356673867,Other
RPA0806,12,0.8246041626670972,0.8246041626670972,-0.10822403947025579,0.10822403947025579,0.33929409393156,False,0.4142466353917863,Other
RPA0816,7,-0.5505343280191798,0.5505343280191798,-0.4966824298757557,0.4966824298757557,2.786492915512884e-06,True,1.223290152271259e-05,Other
RPA0817,4,0.7937947330001038,0.7937947330001038,-0.027508430384962996,0.027508430384962996,0.8086125273663257,False,0.8402873325793323,Other
RPA0818,1,-0.8469206670619931,0.8469206670619931,0.5024210839423706,0.5024210839423706,2.0468658092823684e-06,True,9.270804409359411e-06,Other
RPA0820,5,0.8220151455176297,0.8220151455176297,0.011480559788368025,0.011480559788368025,0.9194929536558759,False,0.9345913601198476,Other
RPA0823,3,-0.5669310420617475,0.5669310420617475,-0.33915576730998515,0.33915576730998515,0.0020872926212186383,True,0.004696402433208863,Other
RPA0825,11,0.724720643111674,0.724720643111674,0.22582994159574313,0.22582994159574313,0.04398904066967409,False,0.0704811462671137,Other
RPA0826,1,-0.7037025730034046,0.7037025730034046,0.5806362145829889,0.5806362145829889,1.64432548831269e-08,True,1.1744278583833329e-07,Other
RPA0829,8,0.7919065674244273,0.7919065674244273,0.10046995413173042,0.10046995413173042,0.37522212842700486,False,0.44954031773480513,Other
RPA0831,2,-0.9035414407134839,0.9035414407134839,0.7762108159545086,0.7762108159545086,2.7228216046897475e-17,True,2.5831946887993044e-15,Other
RPA0840,4,0.6372951593797621,0.6372951593797621,0.08825576629470439,0.08825576629470439,0.43628571288830864,False,0.5124494426524916,Other
RPA0842,10,-0.24344780556188977,0.24344780556188977,0.27514472595430417,0.27514472595430417,0.01350700252863825,False,0.024736196938541646,Other
RPA0843,1,-0.78257637859914,0.78257637859914,0.6609378401994597,0.6609378401994597,2.525062681649554e-11,True,3.579420915895589e-10,Other
RPA0844,1,-0.8933706854869359,0.8933706854869359,0.5395908039784891,0.5395908039784891,2.407144623984735e-07,True,1.3264295450266032e-06,Other
RPA0847,1,-0.8378282473738712,0.8378282473738712,0.5110174527051666,0.5110174527051666,1.275839986553115e-06,True,6.106275399559625e-06,Other
RPA0848,5,0.6925912887631781,0.6925912887631781,-0.12481078495265088,0.12481078495265088,0.269987220390134,False,0.34037085421892654,Other
RPA0849,22,-0.8661548950625907,0.8661548950625907,-0.26940776128400024,0.26940776128400024,0.015666442849844718,False,0.02827267674651277,Other
RPA0850,13,-0.8230791949087737,0.8230791949087737,0.4708555579529116,0.4708555579529116,1.0444435616148304e-05,True,4.0322904239474846e-05,Other
RPA0852,7,-0.7342226173855416,0.7342226173855416,-0.3791706775916684,0.3791706775916684,0.0005233564799309872,True,0.0013864093912009175,Other
RPA0854,7,-0.8930901419932338,0.8930901419932338,-0.5092698766986561,0.5092698766986561,1.4060005448627848e-06,True,6.576682649395948e-06,Other
RPA0855,1,-0.43650013237333685,0.43650013237333685,0.24678345163397575,0.24678345163397575,0.027327210974750858,True,0.04604957421062826,Other
RPA0856,13,-0.453219680538008,0.453219680538008,0.3524378777678855,0.3524378777678855,0.0013448671180483866,True,0.00316529561244088,Other
RPA0860,21,0.829250966202882,0.829250966202882,-0.3034112975810262,0.3034112975810262,0.006221074600608604,False,0.012303019737305833,Other
RPA0862,14,0.6215650941941624,0.6215650941941624,-0.35313469068193926,0.35313469068193926,0.001313516852770375,False,0.0031033089002475652,Other
RPA0865,5,0.5577150900499315,0.5577150900499315,-0.3457006566634015,0.3457006566634015,0.0016847721978398352,False,0.0038624962609735483,Other
RPA0866,2,-0.556617982212742,0.556617982212742,0.29292520057337595,0.29292520057337595,0.008367286350798824,True,0.016118309910200638,Other
RPA0867,5,0.5812732239874301,0.5812732239874301,-0.3266357552787794,0.3266357552787794,0.0031054289257063518,False,0.006628484500042179,Other
RPA0870,3,-0.7074203048222986,0.7074203048222986,-0.497057693119831,0.497057693119831,2.7313132035797493e-06,True,1.2047621422915902e-05,Other
RPA0872,1,-0.6653462128424001,0.6653462128424001,0.3310056092835413,0.3310056092835413,0.002708342623813508,True,0.0058892180941705905,Other
RPA0873,12,0.7737325242199656,0.7737325242199656,-0.2714038052348973,0.2714038052348973,0.0148835537679871,False,0.027017360065642274,Other
RPA0875,16,0.7645811605710349,0.7645811605710349,-0.21442161247711178,0.21442161247711178,0.05614099547921889,False,0.08782967868989847,Other
RPA0876,4,0.6646284729887105,0.6646284729887105,0.2573445696969388,0.2573445696969388,0.021194959179562396,False,0.036818558649623356,Other
RPA0880,15,0.818571147088089,0.818571147088089,0.11195442087350314,0.11195442087350314,0.3228082092608722,False,0.396464844310476,Other
RPA0884,21,0.7075588489761517,0.7075588489761517,-0.02729820847697126,0.02729820847697126,0.8100476061855993,False,0.841307832598802,Other
RPA0885,10,-0.775418273249299,0.775418273249299,0.3365016472536507,0.3365016472536507,0.0022738025580578206,False,0.005050779127169106,Other
RPA0887,16,0.7646154416498279,0.7646154416498279,-0.6174504907902617,0.6174504907902617,1.0585529328625065e-09,False,9.496293702056398e-09,Other
RPA0889,8,0.5182416585312932,0.5182416585312932,0.4757690827929352,0.4757690827929352,8.189767339106536e-06,False,3.2636047100259305e-05,Other
RPA0890,15,0.4767029964102207,0.4767029964102207,-0.3311974727866717,0.3311974727866717,0.002692000790946806,False,0.005867424259141101,Other
RPA0891,2,-0.5630770175656221,0.5630770175656221,0.5766151020713214,0.5766151020713214,2.174169150952039e-08,True,1.500904131344958e-07,Other
RPA0892,1,-0.6556811843306335,0.6556811843306335,0.5760270170056501,0.5760270170056501,2.2641106605063617e-08,True,1.5572049987260421e-07,Other
RPA0897,11,0.49237606387125005,0.49237606387125005,-0.22531457916154415,0.22531457916154415,0.044486620330878655,False,0.07121694306417385,Other
RPA0906,13,-0.6248829336192165,0.6248829336192165,0.08213531781161228,0.08213531781161228,0.4688793816115618,True,0.5443744500230483,Other
RPA0907,1,-0.7157869078671828,0.7157869078671828,0.35763416403242354,0.35763416403242354,0.0011265042522054722,True,0.0027417016990112213,Other
RPA0909,10,-0.5507344757509522,0.5507344757509522,0.19031527347484783,0.19031527347484783,0.0908495124508713,False,0.13180276923536563,Other
RPA0910,10,-0.7645838584792988,0.7645838584792988,0.12620303236392127,0.12620303236392127,0.26463806550767877,False,0.33453566211556124,Other
RPA0912,21,0.44567883372108225,0.44567883372108225,-0.06450820737508062,0.06450820737508062,0.5697017659811435,False,0.6334947182197506,Other
RPA0913,13,-0.8916161819500126,0.8916161819500126,0.46572066529617157,0.46572066529617157,1.3413202245830624e-05,True,5.0729768982703606e-05,Other
RPA0914,1,-0.7050097084182075,0.7050097084182075,0.2846288367124055,0.2846288367124055,0.010500578353877691,True,0.019736410934363232,Other
RPA0915,14,0.8269125521311765,0.8269125521311765,-0.22365449366368195,0.22365449366368195,0.04612117974593431,False,0.0733091122665315,Other
RPA0916,1,-0.4846584296903756,0.4846584296903756,0.6151593735641041,0.6151593735641041,1.2686984273270428e-09,True,1.1165748718228998e-08,Other
RPA0917,1,-0.6268868779760949,0.6268868779760949,0.26561590618092445,0.26561590618092445,0.0172518743544465,True,0.03092348520869416,Other
RPA0918,2,-0.8977463336197258,0.8977463336197258,0.707647196706312,0.707647196706312,2.1544571497733705e-13,True,4.939292502628579e-12,Other
RPA0921,4,0.23656471300932844,0.23656471300932844,-0.26537258063007524,0.26537258063007524,0.01735816325318681,False,0.030994335731892222,Other
RPA0922,2,-0.8578170774693576,0.8578170774693576,0.6189444021793021,0.6189444021793021,9.399171789503281e-10,True,8.640723768865146e-09,Other
RPA0932,7,-0.8673793312903664,0.8673793312903664,-0.6351415744628877,0.6351415744628877,2.485673417592538e-10,True,2.699354114894353e-09,Other
RPA0933,7,-0.7675577225191713,0.7675577225191713,-0.4662404790166641,0.4662404790166641,1.3080165024839617e-05,True,4.96725285299124e-05,Other
RPA0934,7,-0.8938037051673875,0.8938037051673875,-0.6164985197931672,0.6164985197931672,1.141477102809912e-09,True,1.0190975864990417e-08,Other
RPA0936,2,-0.4642422012754289,0.4642422012754289,0.2685957735352522,0.2685957735352522,0.015994942280072078,True,0.028753734573178945,Other
RPA0937,5,0.8339708068455398,0.8339708068455398,-0.20292409321529079,0.20292409321529079,0.07103162723845326,False,0.10794249736645474,Other
RPA0938,4,0.517181472531759,0.517181472531759,0.08748345650275301,0.08748345650275301,0.44032653649313636,False,0.5155651817577265,Other
RPA0939,1,-0.7339257612188872,0.7339257612188872,0.4074153656820694,0.4074153656820694,0.0001762780516439934,True,0.0005179562371881262,Other
RPA0940,4,0.948089643812393,0.948089643812393,0.3297807767326136,0.3297807767326136,0.002814778012068584,False,0.006092124438707879,Other
RPA0941,1,-0.4353949814212127,0.4353949814212127,0.35122895724609615,0.35122895724609615,0.0014008670908747711,True,0.003272214072647107,Other
RPA0943,9,0.7337079035500249,0.7337079035500249,-0.7230372530275184,0.7230372530275184,3.63446116394167e-14,True,1.1248657302399468e-12,Other
RPA0944,16,0.8364741817509223,0.8364741817509223,-0.4997322813588463,0.4997322813588463,2.36680262025726e-06,False,1.051471881774577e-05,Other
RPA0945,2,-0.47665914486005445,0.47665914486005445,0.26959008321562977,0.26959008321562977,0.015593487677607397,True,0.02820965241672543,Other
RPA0947,15,0.881441543346801,0.881441543346801,0.07487090917843639,0.07487090917843639,0.5092194514628258,False,0.5815624362647401,Other
RPA0951,14,0.5162601830518085,0.5162601830518085,-0.3863968818402161,0.3863968818402161,0.00039982694321577365,False,0.0010870843829453758,Other
RPA0952,6,-0.7043852753092329,0.7043852753092329,0.31909853549478023,0.31909853549478023,0.003913955965756305,False,0.008120911987049674,Other
RPA0953,1,-0.5342919444774737,0.5342919444774737,0.5151090616416598,0.5151090616416598,1.0141361434910903e-06,True,5.008645793784454e-06,Other
RPA0954,18,0.6365938037247383,0.6365938037247383,-0.1499309505472267,0.1499309505472267,0.1843649442395228,False,0.2438502147099671,Other
RPA0956,1,-0.11222191119515951,0.11222191119515951,-0.10460922911475887,0.10460922911475887,0.35576515288960814,True,0.4296579661384989,Other
RPA0958,3,-0.5162939711533613,0.5162939711533613,-0.5537434232116242,0.5537434232116242,9.937058471029301e-08,True,5.991271941786173e-07,Other
RPA0974,3,-0.5794028791196175,0.5794028791196175,-0.45065763094552747,0.45065763094552747,2.7312147002776026e-05,True,9.690286516247626e-05,Other
RPA0981,11,0.38883961842932024,0.38883961842932024,0.3903662257781151,0.3903662257781151,0.0003439514231153227,False,0.0009490606132617447,Other
RPA0983,2,-0.6194104663549271,0.6194104663549271,0.28661827115225397,0.28661827115225397,0.0099498796000811,True,0.018815607349644197,Other
RPA0984,3,-0.7292965183625411,0.7292965183625411,-0.30720136124479097,0.30720136124479097,0.005574519244603494,True,0.011143037930278458,Other
RPA0985,5,0.604043308620448,0.604043308620448,-0.23798692137300725,0.23798692137300725,0.033522979681387455,False,0.05548322038176159,Other
RPA0994,10,-0.7095898307463198,0.7095898307463198,0.21824051596826155,0.21824051596826155,0.05179991468152922,False,0.08144999285656203,Other
RPA0997,2,-0.6896085034191577,0.6896085034191577,0.5407631010920053,0.5407631010920053,2.240480035318399e-07,True,1.2494208485244043e-06,Other
RPA0999,8,0.4988803071722229,0.4988803071722229,-0.10651210097940698,0.10651210097940698,0.3470339125674846,False,0.421479382366134,Other
RPA1001,7,-0.5127678931328101,0.5127678931328101,-0.26957093014877387,0.26957093014877387,0.01560113787397793,True,0.02820965241672543,Other
RPA1004,1,-0.28252352880197407,0.28252352880197407,0.22091030665688607,0.22091030665688607,0.04893173801920055,True,0.0771360250438501,Other
RPA1007,3,-0.4861858897046717,0.4861858897046717,-0.383747132347404,0.383747132347404,0.0004416298371446265,True,0.0011902853520719468,Other
RPA1009,19,0.8221854348421436,0.8221854348421436,0.1474990928915974,0.1474990928915974,0.19166717335880026,False,0.25212381410537654,Other
RPA1011,1,-0.001973337478954347,0.001973337478954347,-0.033387789880390144,0.033387789880390144,0.7687491457318449,True,0.8080876161471351,Other
RPA1013,3,-0.6405218345613957,0.6405218345613957,-0.5867019848117294,0.5867019848117294,1.0711977012269914e-08,True,7.893706869756043e-08,Other
RPA1015,20,0.48982196464152844,0.48982196464152844,0.009842721259138272,0.009842721259138272,0.9309477355013215,False,0.9446830299595377,Other
RPA1016,7,-0.8240622411853966,0.8240622411853966,-0.6539273998930485,0.6539273998930485,4.8044290399354565e-11,True,6.239038270741358e-10,Other
RPA1022,1,-0.8050004650477607,0.8050004650477607,0.4141363052110128,0.4141363052110128,0.0001340950201240319,True,0.0004102379775458439,Other
RPA1025,17,-0.8371001532115039,0.8371001532115039,-0.4038114421254439,0.4038114421254439,0.00020364253149672987,False,0.0005890407803573635,Other
RPA1027,9,0.7154187721040991,0.7154187721040991,-0.6333703108725022,0.6333703108725022,2.8857380867349634e-10,True,3.097581287321865e-09,Other
RPA1028,10,-0.6225768007569601,0.6225768007569601,0.048949599523416515,0.048949599523416515,0.6663327350049447,False,0.7206638840443694,Other
RPA1036,9,0.5802043423626781,0.5802043423626781,-0.1719032018306509,0.1719032018306509,0.12732773531591873,True,0.1761904653365582,Other
RPA1037,1,-0.6915430308507088,0.6915430308507088,0.22663160395442045,0.22663160395442045,0.043224203537343964,True,0.06943542038827659,Other
RPA1038,22,-0.7471941116964134,0.7471941116964134,-0.06756969989917745,0.06756969989917745,0.5514884213360267,False,0.618426327548914,Other
RPA1040,11,0.5841458541950566,0.5841458541950566,0.2051873859804671,0.2051873859804671,0.06787325103012234,False,0.10407979121629825,Other
RPA1047,22,-0.7326689649759422,0.7326689649759422,-0.28147580858855037,0.28147580858855037,0.011427864379957454,False,0.02130677123853513,Other
RPA1048,1,-0.7126828115857913,0.7126828115857913,0.41616464356363486,0.41616464356363486,0.00012333008689443015,True,0.00038043849063614085,Other
RPA1053,9,0.5933869580394928,0.5933869580394928,-0.3706811289599975,0.3706811289599975,0.0007124904648749282,True,0.001812458620921564,Other
RPA1056,6,-0.8463217752644446,0.8463217752644446,-0.13979093160004918,0.13979093160004918,0.21618633289408767,False,0.28034777945832456,Other
RPA1057,3,-0.5992222776915325,0.5992222776915325,-0.43029063557067143,0.43029063557067143,6.783496904693295e-05,True,0.00022061214977259978,Other
RPA1060,2,-0.51958213511786,0.51958213511786,0.4944828776407458,0.4944828776407458,3.1315967429030934e-06,True,1.3587325120493096e-05,Other
RPA1067,5,0.3934372672055356,0.3934372672055356,0.043691791685517956,0.043691791685517956,0.700367339181358,False,0.7466028409068781,Other
RPA1068,9,0.31200424664103626,0.31200424664103626,-0.4710573459980043,0.4710573459980043,1.0341406648709355e-05,True,4.0008316972194315e-05,Other
RPA1069,3,-0.9208999974465557,0.9208999974465557,-0.7540070724174757,0.7540070724174757,6.859631544535516e-16,True,4.1091405736136955e-14,Other
RPA1076,2,-0.5794012191995285,0.5794012191995285,0.4858944991785047,0.4858944991785047,4.902602954625713e-06,True,2.0412855799865358e-05,Other
RPA1081,5,0.45744008435825645,0.45744008435825645,0.06735156275799069,0.06735156275799069,0.5527768150880658,False,0.6194595644347186,Other
RPA1082,19,0.6515562130435288,0.6515562130435288,-0.09822431310754787,0.09822431310754787,0.386042463661146,False,0.46101662702170293,Other
RPA1092,2,-0.9055273244064057,0.9055273244064057,0.7301553729444497,0.7301553729444497,1.5318213652740998e-14,True,5.577631912380399e-13,Other
RPA1094,6,-0.3702356369124945,0.3702356369124945,-0.2646355081440935,0.2646355081440935,0.017683572677559538,False,0.03139425856809566,Other
RPA1097,1,-0.9232345498425281,0.9232345498425281,0.736181473472358,0.736181473472358,7.213666051654632e-15,True,2.8501655016856704e-13,Other
RPA1100,12,0.7413409793794798,0.7413409793794798,-0.3552058817273262,0.3552058817273262,0.0012241966013017379,False,0.002925782610833111,Other
RPA1101,10,-0.48065455525642414,0.48065455525642414,-0.07264818167120288,0.07264818167120288,0.5219090342224086,False,0.5916880809224743,Other
RPA1102,14,0.7931945239566213,0.7931945239566213,-0.25102288021100344,0.25102288021100344,0.024705748223160236,False,0.042167807399272575,Other
RPA1106,2,-0.6952304352823961,0.6952304352823961,0.5145242559633897,0.5145242559633897,1.0481557808532661e-06,True,5.1356867679274805e-06,Other
RPA1110,1,-0.3043186230406042,0.3043186230406042,0.14748620438254695,0.14748620438254695,0.1917064219261129,True,0.25212381410537654,Other
RPA1114,3,-0.7263339458670106,0.7263339458670106,-0.6991272848283303,0.6991272848283303,5.497644979153951e-13,True,1.0746449185567251e-11,Other
RPA1118,13,-0.7516522387624616,0.7516522387624616,0.5022771779508425,0.5022771779508425,2.062902303203903e-06,True,9.320704567030773e-06,Other
RPA1119,11,0.6291267219569905,0.6291267219569905,0.3643558789581984,0.3643558789581984,0.0008918083676965253,False,0.00221402157595247,Other
RPA1120,12,0.7094516591523176,0.7094516591523176,-0.4273744595478517,0.4273744595478517,7.69118289497831e-05,False,0.0002479605318745612,Other
RPA1123,21,0.6678601077012671,0.6678601077012671,-0.3716015159839342,0.3716015159839342,0.000689331396413554,False,0.0017719723157357515,Other
RPA1124,1,-0.8296835684146862,0.8296835684146862,0.5619747939785826,0.5619747939785826,5.8272624046449375e-08,True,3.6932512919541463e-07,Other
RPA1126,14,0.8805703143420281,0.8805703143420281,-0.344572210630512,0.344572210630512,0.0017487377856702001,False,0.003994349407121232,Other
RPA1130,13,-0.208810796302776,0.208810796302776,-0.07806121211722157,0.07806121211722157,0.4912869417537194,True,0.5642203043046465,Other
RPA1131,13,-0.570032161672974,0.570032161672974,0.19965630160591447,0.19965630160591447,0.07579907916856926,True,0.11379581839519383,Other
RPA1134,10,-0.5375719283952562,0.5375719283952562,0.29936714832478506,0.29936714832478506,0.0069831452875327585,False,0.013650211367314032,Other
RPA1137,1,-0.6152657426681654,0.6152657426681654,0.42100794024972427,0.42100794024972427,0.00010077362329144932,True,0.0003158135509929067,Other
RPA1139,11,0.5068339929026175,0.5068339929026175,-0.0521621061247701,0.0521621061247701,0.6458591675608548,False,0.7026130487173446,Other
RPA1140,14,0.8939200012762614,0.8939200012762614,-0.1695300845148603,0.1695300845148603,0.13274530585964467,False,0.18246338488627695,Other
RPA1141,1,-0.8351792602500833,0.8351792602500833,0.7289919456794904,0.7289919456794904,1.7674411987534047e-14,True,6.311804434778986e-13,Other
RPA1142,14,0.686105099343354,0.686105099343354,-0.30600026687777004,0.30600026687777004,0.005772664992558453,False,0.01152670848514091,Other
RPA1144,2,-0.5390858556636493,0.5390858556636493,0.3878756717977897,0.3878756717977897,0.0003781049214942925,True,0.0010340807646758486,Other
RPA1146,15,0.6753846498124336,0.6753846498124336,-0.13250572634954252,0.13250572634954252,0.24132179217906763,False,0.30905832281139906,Other
RPA1149,1,-0.5104606356512302,0.5104606356512302,0.17673962715911534,0.17673962715911534,0.11681083540988241,True,0.163790576521445,Other
RPA1150,11,0.6459148058818464,0.6459148058818464,0.12510194359298726,0.12510194359298726,0.26886258988493833,False,0.33918330802739843,Other
RPA1151,5,0.8457750827087294,0.8457750827087294,-0.1460258386496172,0.1460258386496172,0.1961911992031249,False,0.2574749518870692,Other
RPA1155,4,0.7258681452482585,0.7258681452482585,-0.17822249107644936,0.17822249107644936,0.11372413169477055,False,0.16022048368319777,Other
RPA1157,2,-0.6801597193894882,0.6801597193894882,0.47651967908787496,0.47651967908787496,7.888494854235381e-06,True,3.1639168346252926e-05,Other
RPA1163,1,-0.259988826926823,0.259988826926823,0.3373940322722823,0.3373940322722823,0.0022094863862442016,True,0.004925589698986173,Other
RPA1167,9,0.8001357237202952,0.8001357237202952,-0.5361371656662779,0.5361371656662779,2.9690696222073765e-07,True,1.62163596718797e-06,Other
RPA1168,4,0.620596717399926,0.620596717399926,0.10656677012450147,0.10656677012450147,0.3467850586238848,False,0.421452783942771,Other
RPA1169,2,-0.6935710762446723,0.6935710762446723,0.5561039546139007,0.5561039546139007,8.539358559423094e-08,True,5.250857233393605e-07,Other
RPA1174,3,-0.8719148903870151,0.8719148903870151,-0.6510132336708743,0.6510132336708743,6.246464886744849e-11,True,7.733123529790123e-10,Other
RPA1175,1,-0.5247992921045099,0.5247992921045099,0.11563075306120035,0.11563075306120035,0.3070713417839849,True,0.3799010537594003,Other
RPA1177,15,0.6331380664302287,0.6331380664302287,0.1656409006052179,0.1656409006052179,0.14199984594296744,False,0.19405136900990558,Other
RPA1178,6,-0.8927389486029681,0.8927389486029681,-0.03137000727750581,0.03137000727750581,0.7823684125573327,False,0.8185116293627982,Other
RPA1181,2,-0.6889060294516525,0.6889060294516525,0.4618481498290209,0.4618481498290209,1.6155559876543022e-05,True,6.04856344571379e-05,Other
RPA1182,2,-0.49288252726735277,0.49288252726735277,0.20434710989468047,0.20434710989468047,0.06903235213577141,True,0.10568266934552968,Other
RPA1183,11,0.44241926072741394,0.44241926072741394,0.04125384049579339,0.04125384049579339,0.7163561326473219,False,0.7601561933291867,Other
RPA1184,2,-0.29130127105871806,0.29130127105871806,0.30196976858240826,0.30196976858240826,0.0064838460946351,True,0.012754769277264173,Other
RPA1186,2,-0.5596889182274756,0.5596889182274756,0.5161911161094787,0.5161911161094787,9.539201647357095e-07,True,4.736443170893616e-06,Other
RPA1190,16,0.3426258142766958,0.3426258142766958,-0.399001104827767,0.399001104827767,0.0002462738071597964,False,0.0007014270857296655,Other
RPA1193,7,-0.7789221574770335,0.7789221574770335,-0.5419697532220907,0.5419697532220907,2.0803814023627632e-07,True,1.1706873527841367e-06,Other
RPA1194,2,-0.8523124751880946,0.8523124751880946,0.5849346175378921,0.5849346175378921,1.2147641983594936e-08,True,8.846341632759137e-08,Other
RPA1195,9,0.7582775318590653,0.7582775318590653,-0.6579224466055309,0.6579224466055309,3.3368703436018486e-11,True,4.4902668319337924e-10,Other
RPA1197,1,-0.7512556153051244,0.7512556153051244,0.443524206737302,0.443524206737302,3.781008389834052e-05,True,0.00012742890344685724,Other
RPA1198,2,-0.8514398998815211,0.8514398998815211,0.7406609632415238,0.7406609632415238,4.066510390915697e-15,True,1.841831657544012e-13,Other
RPA1199,18,0.6988714648894656,0.6988714648894656,-0.1552072564790647,0.1552072564790647,0.1692201462538013,False,0.22672569379026625,Other
RPA1200,8,0.5284738740359456,0.5284738740359456,-0.13646936164505752,0.13646936164505752,0.22740711382385065,False,0.2934642184648302,Other
RPA1201,13,-0.6543292941252643,0.6543292941252643,0.3201805113848188,0.3201805113848188,0.0037874202349742923,True,0.007902516153199169,Other
RPA1204,17,-0.8684906125684554,0.8684906125684554,-0.34166359980159816,0.34166359980159816,0.0019238262185797554,False,0.00436208215861124,Other
RPA1205,15,0.4715560729182672,0.4715560729182672,0.0018292566970707358,0.0018292566970707358,0.9871515222166367,False,0.9903513650763341,Other
RPA1210,3,-0.6471331846902318,0.6471331846902318,-0.6510346777691042,0.6510346777691042,6.234476385070602e-11,True,7.733123529790123e-10,Other
RPA1212,20,0.6902750294090498,0.6902750294090498,-0.2530737821733934,0.2530737821733934,0.02351625746286038,False,0.04024856231201081,Other
RPA1217,5,0.5872483946827618,0.5872483946827618,-0.11905844359107287,0.11905844359107287,0.29285546565119214,False,0.3652334450733806,Other
RPA1218,9,0.6702101960077211,0.6702101960077211,-0.3725950209868861,0.3725950209868861,0.0006651041120798578,True,0.0017178001893355993,Other
RPA1220,7,-0.4459764229712362,0.4459764229712362,-0.17334165578080912,0.17334165578080912,0.12412700661510062,True,0.17240377807347934,Other
RPA1223,3,-0.9098300515599606,0.9098300515599606,-0.6137246383674655,0.6137246383674655,1.4199949183236153e-09,True,1.221629535991181e-08,Other
RPA1226,17,-0.7913253264581919,0.7913253264581919,-0.18191746322377225,0.18191746322377225,0.10630679097478109,False,0.15138934880381016,Other
RPA1228,3,-0.8818311966005102,0.8818311966005102,-0.5248724833710556,0.5248724833710556,5.792540405222243e-07,True,2.996308504874013e-06,Other
RPA1235,8,0.13749105795919397,0.13749105795919397,0.19142342699336884,0.19142342699336884,0.08894955539403714,False,0.12945088116514653,Other
RPA1236,4,0.7663702410514722,0.7663702410514722,0.06665972846564096,0.06665972846564096,0.5568725791853418,False,0.6233347676595418,Other
RPA1237,4,0.7357710001564869,0.7357710001564869,0.2389156506774671,0.2389156506774671,0.032817636617331496,False,0.054412813569986236,Other
RPA1240,7,-0.8384933906998984,0.8384933906998984,-0.5340085571117132,0.5340085571117132,3.3750167918316796e-07,True,1.8166394731685304e-06,Other
RPA1243,1,-0.4496519494044108,0.4496519494044108,0.22898094617657916,0.22898094617657916,0.04104599942725358,True,0.0664537235714123,Other
RPA1244,1,-0.6785043752004989,0.6785043752004989,0.2690209813428412,0.2690209813428412,0.015822186245974118,True,0.02847073629726157,Other
RPA1245,19,0.766884188501497,0.766884188501497,-0.10575281807642746,0.10575281807642746,0.35050168401669585,False,0.424297761822112,Other
RPA1246,1,-0.6010415874916641,0.6010415874916641,0.38063613630745363,0.38063613630745363,0.0004957942805116301,True,0.0013209325378911007,Other
RPA1259,2,-0.5064757322336944,0.5064757322336944,0.34857547851918125,0.34857547851918125,0.0015312413142850086,True,0.0035367103490388818,Other
RPA1260,7,-0.8785868897460809,0.8785868897460809,-0.5558518433019767,0.5558518433019767,8.679219441637881e-08,True,5.319244390469156e-07,Other
RPA1261,2,-0.4524710910785986,0.4524710910785986,0.5463416040367364,0.5463416040367364,1.586440362446311e-07,True,9.149129667896894e-07,Other
RPA1262,11,0.7012964447547089,0.7012964447547089,0.06487045015782728,0.06487045015782728,0.567532118931383,False,0.6314602425737438,Other
RPA1263,2,-0.22828616364629845,0.22828616364629845,0.30374226305458507,0.30374226305458507,0.006162087936756096,True,0.012199357461147196,Other
RPA1265,1,-0.515931244408212,0.515931244408212,0.4321799259257142,0.4321799259257142,6.249609132103847e-05,True,0.00020468296575514713,Other
RPA1267,2,-0.6762179087238844,0.6762179087238844,0.5709827561841918,0.5709827561841918,3.195115234191725e-08,True,2.1255748893255348e-07,Other
RPA1268,2,-0.40498896702462034,0.40498896702462034,0.18098301540250214,0.18098301540250214,0.10814608920004536,True,0.15342038781091233,Other
RPA1276,4,0.8697367769080553,0.8697367769080553,0.1247580733100266,0.1247580733100266,0.27019116233921603,False,0.34039687141378844,Other
RPA1277,10,-0.5528414391195149,0.5528414391195149,0.16938759138781395,0.16938759138781395,0.13307608738084317,False,0.1827827620312321,Other
RPA1278,1,-0.7176016395067703,0.7176016395067703,0.3514685396511436,0.3514685396511436,0.0013896044053672311,True,0.003249994182326131,Other
RPA1281,2,-0.8561570300696102,0.8561570300696102,0.7426885779816718,0.7426885779816718,3.1250714134922776e-15,True,1.6120160041264332e-13,Other
RPA1284,13,-0.7488577174459037,0.7488577174459037,0.23306728084678602,0.23306728084678602,0.037474759681788594,True,0.06115169484102058,Other
RPA1285,2,-0.6199635989590417,0.6199635989590417,0.5480628046419005,0.5480628046419005,1.4243499067686774e-07,True,8.291591777020169e-07,Other
RPA1287,1,-0.6444233135334643,0.6444233135334643,0.6140951060956352,0.6140951060956352,1.3793560015620496e-09,True,1.1972207246510643e-08,Other
RPA1288,6,-0.7787446353404679,0.7787446353404679,0.053713749295851154,0.053713749295851154,0.6360626710004537,False,0.6923613013176099,Other
RPA1291,20,0.7756024728277859,0.7756024728277859,-0.3998921840651827,0.3998921840651827,0.00023780483811380876,False,0.0006783465197808646,Other
RPA1297,9,0.7130006032586764,0.7130006032586764,-0.5348748282716643,0.5348748282716643,3.203849619324963e-07,True,1.7345623157686463e-06,Other
RPA1298,3,-0.6479966790054925,0.6479966790054925,-0.19219627605789136,0.19219627605789136,0.0876431692720516,True,0.1279262475985076,Other
RPA1301,20,0.4052886951475075,0.4052886951475075,-0.5130294613993964,0.5130294613993964,1.1400711320364633e-06,False,5.5277078125109985e-06,Other
RPA1303,9,0.9179350549144318,0.9179350549144318,-0.6836815440387585,0.6836815440387585,2.771131546918137e-12,True,4.7210929198412664e-11,Other
RPA1304,15,0.5146981664160589,0.5146981664160589,-0.06269230232364795,0.06269230232364795,0.5806361601665263,False,0.6429584671611445,Other
RPA1307,17,-0.902232119844843,0.902232119844843,-0.5399523604261072,0.5399523604261072,2.3545297164368438e-07,False,1.3051825920666325e-06,Other
RPA1356,15,0.6662350085286188,0.6662350085286188,-0.0766616087079531,0.0766616087079531,0.4991128380839983,False,0.5714257338606565,Other
RPA1357,7,-0.9203935380072065,0.9203935380072065,-0.742867328095604,0.742867328095604,3.0530005070070854e-15,True,1.6120160041264332e-13,Other
RPA1362,10,-0.5282940753458438,0.5282940753458438,0.1268210205136106,0.1268210205136106,0.26228680549121675,False,0.33201540408806374,Other
RPA1365,6,-0.5996194403294399,0.5996194403294399,-0.008281553975725314,0.008281553975725314,0.9418793977474531,False,0.9542116975542937,Other
RPA1414,5,0.7037175881877149,0.7037175881877149,-0.2476771285339246,0.2476771285339246,0.02675584514648403,False,0.04516873130638258,Other
RPA1415,1,-0.2518065351355212,0.2518065351355212,0.34887253545044494,0.34887253545044494,0.0015161201096763172,True,0.003506145757993675,Other
RPA1416,4,0.6884136531836373,0.6884136531836373,0.41225228510186485,0.41225228510186485,0.00014486513826284528,False,0.00043742205163268893,Other
RPA1417,5,0.6287159787301781,0.6287159787301781,0.07790515358833684,0.07790515358833684,0.4921563312522809,False,0.5647271952712314,Other
RPA1423,3,-0.7676057462643062,0.7676057462643062,-0.6498509992355098,0.6498509992355098,6.930329174979267e-11,True,8.411517175121895e-10,Other
RPA1424,3,-0.8363147823235484,0.8363147823235484,-0.7730788010383054,0.7730788010383054,4.387482576525391e-17,True,3.879788164098881e-15,Other
RPA1428,9,0.5489505254282108,0.5489505254282108,-0.33677530726391397,0.33677530726391397,0.0022539027573618047,True,0.005018582038873946,Other
RPA1430,1,-0.40488618302333124,0.40488618302333124,0.258338942815886,0.258338942815886,0.020683504771252328,True,0.036065040713817435,Other
RPA1441,3,-0.6824934383481498,0.6824934383481498,-0.4466793778574324,0.4466793778574324,3.277321892046589e-05,True,0.00011354452898377827,Other
RPA1442,7,-0.9238192352155754,0.9238192352155754,-0.7781431861641446,0.7781431861641446,2.020749172894319e-17,True,2.20737130239103e-15,Other
RPA1446,1,-0.633867040589547,0.633867040589547,0.46245845364723875,0.46245845364723875,1.5691143234333854e-05,True,5.898472264404447e-05,Other
RPA1449,1,-0.664822873795537,0.664822873795537,0.29576800552468663,0.29576800552468663,0.007729298101089589,True,0.014942598239996557,Other
RPA1451,4,0.7484433800719188,0.7484433800719188,0.2522637448327523,0.2522637448327523,0.02398011105690429,False,0.04096694225636731,Other
RPA1463,1,-0.7342397648846789,0.7342397648846789,0.4914331096500013,0.4914331096500013,3.677008811618371e-06,True,1.580603093327619e-05,Other
RPA1484,18,0.6443436352794902,0.6443436352794902,-0.27932607422105005,0.27932607422105005,0.012100231704353015,False,0.02240292151045219,Other
RPA1488,1,-0.5375089763246559,0.5375089763246559,0.296865648996411,0.296865648996411,0.007494646145214553,True,0.01454290270811225,Other
RPA1489,1,-0.3247809784165078,0.3247809784165078,-0.04704469849313279,0.04704469849313279,0.6785902097559662,True,0.7300563671519243,Other
RPA1494,3,-0.8682413392705004,0.8682413392705004,-0.7188450051665839,0.7188450051665839,5.970951885049042e-14,True,1.6889428153543195e-12,Other
RPA1495,3,-0.9703629584577445,0.9703629584577445,-0.7392184738439485,0.7392184738439485,4.897088687790233e-15,True,2.1652127841015388e-13,WGCNA Hub only
RPA1497,18,0.8413810099773088,0.8413810099773088,-0.26050827482758876,0.26050827482758876,0.01960422033979441,False,0.03437680563833637,Other
RPA1499,19,0.6602968329330965,0.6602968329330965,-0.19211498560541518,0.19211498560541518,0.08777986027834506,False,0.1279491369991262,Other
RPA1506,7,-0.9660041007529947,0.9660041007529947,-0.7146892033573037,0.7146892033573037,9.682075852383674e-14,True,2.4971687302606223e-12,WGCNA Hub only
RPA1507,3,-0.48189855256802405,0.48189855256802405,-0.1814093327665371,0.1814093327665371,0.10730391710081437,True,0.15251054872184774,Other
RPA1510,9,0.7993466668828622,0.7993466668828622,-0.3669778439242073,0.3669778439242073,0.0008130133854234399,True,0.0020466089247134383,Other
RPA1512,17,-0.8590749121803215,0.8590749121803215,-0.25864404187274176,0.25864404187274176,0.020528708344747185,False,0.035828770109206313,Other
RPA1513,7,-0.8468420501069046,0.8468420501069046,-0.5386460705017935,0.5386460705017935,2.549931318420526e-07,True,1.4009533900316324e-06,Other
RPA1514,4,0.8684123320989882,0.8684123320989882,0.4408285086503573,0.4408285086503573,4.267481254742966e-05,False,0.00014176587996525382,Other
RPA1515,9,0.8621279383016973,0.8621279383016973,-0.7371679417383541,0.7371679417383541,6.364578161215154e-15,True,2.6790707265518944e-13,Other
RPA1518,1,-0.6172630661616597,0.6172630661616597,0.4127582330720527,0.4127582330720527,0.00014189701823766286,True,0.0004305600700446731,Other
RPA1519,3,-0.8831828823386407,0.8831828823386407,-0.6016605614854934,0.6016605614854934,3.582404082807182e-09,True,2.9435948591915653e-08,Other
RPA1521,4,0.4044952838404793,0.4044952838404793,0.09261540533109437,0.09261540533109437,0.4138723095818685,False,0.4891725060832748,Other
RPA1522,7,-0.8257497243484887,0.8257497243484887,-0.518391003277108,0.518391003277108,8.417458119267229e-07,True,4.213266772905457e-06,Other
RPA1524,6,-0.8931243393064413,0.8931243393064413,0.09794031241202047,0.09794031241202047,0.3874240664672988,False,0.46207224883094017,Other
RPA1525,3,-0.8276074808559559,0.8276074808559559,-0.3343418970800863,0.3343418970800863,0.0024364745836362497,True,0.0053735549902761475,Other
RPA1527,3,-0.6392061882800125,0.6392061882800125,-0.44863561153719955,0.44863561153719955,2.997195127444991e-05,True,0.00010521344710142435,Other
RPA1528,7,-0.3675041808932867,0.3675041808932867,-0.170171277723369,0.170171277723369,0.13126456973047199,True,0.18069555670087953,Other
RPA1532,7,-0.6699619618886506,0.6699619618886506,-0.2988253404473643,0.2988253404473643,0.0070912470239409275,True,0.013817886383481954,Other
RPA1535,17,-0.9481818808962222,0.9481818808962222,-0.3661669477329055,0.3661669477329055,0.0008366778982994972,False,0.0020911317054403316,Other
RPA1539,2,-0.5846651562835936,0.5846651562835936,0.4610764511669825,0.4610764511669825,1.676118603476663e-05,True,6.247399912277737e-05,Other
RPA1542,15,0.7581067085141504,0.7581067085141504,0.3344675337120808,0.3344675337120808,0.0024267330240432716,False,0.005358434275443942,Other
RPA1543,14,0.4771108426987945,0.4771108426987945,-0.16138526025157696,0.16138526025157696,0.15267423182290613,False,0.2060700828292176,Other
RPA1544,15,0.5200530575738656,0.5200530575738656,-0.13486966054505334,0.13486966054505334,0.2329539334398813,False,0.29937401688433185,Other
RPA1545,7,-0.8148566929844963,0.8148566929844963,-0.4404650887238369,0.4404650887238369,4.337347359147861e-05,True,0.0001438295365345996,Other
RPA1546,7,-0.7615531700681311,0.7615531700681311,-0.3105597496630086,0.3105597496630086,0.0050520486111748425,True,0.01017533001187818,Other
RPA1548,9,0.9581925790634285,0.9581925790634285,-0.6860551468977631,0.6860551468977631,2.175268600505227e-12,True,3.8471178963221016e-11,WGCNA Hub only
RPA1549,9,0.6982731023014657,0.6982731023014657,-0.3456419971558445,0.3456419971558445,0.0016880445648915089,True,0.0038652265807688434,Other
RPA1550,11,0.6761614578476927,0.6761614578476927,-0.313418902924583,0.313418902924583,0.004641950334806272,False,0.009483060254934266,Other
RPA1552,7,-0.5158215944172917,0.5158215944172917,-0.3524929876651721,0.3524929876651721,0.001342363246395016,True,0.0031634118636491683,Other
RPA1553,6,-0.7447877397692608,0.7447877397692608,0.0442641707009592,0.0442641707009592,0.6966320035093939,False,0.7434745002970946,Other
RPA1554,2,-0.632991122623279,0.632991122623279,0.47608237033345113,0.47608237033345113,8.062732972373367e-06,True,3.219891425741364e-05,Other
RPA1559,2,-0.32643230109383004,0.32643230109383004,-0.04360548253163008,0.04360548253163008,0.7009312109557301,True,0.7467752488495644,Other
RPA1560,1,-0.22358849046215662,0.22358849046215662,-0.12949903332117604,0.12949903332117604,0.2522615633930217,True,0.3212961064614824,Other
RPA1561,1,-0.31983266218663403,0.31983266218663403,0.005079548526914508,0.005079548526914508,0.9643320109065744,True,0.9711304469921413,Other
RPA1568,1,-0.5489694834525165,0.5489694834525165,0.30078930221617384,0.30078930221617384,0.006706270799119216,True,0.013150522570184144,Other
RPA1569,2,-0.5103960975073264,0.5103960975073264,0.21424956049918725,0.21424956049918725,0.05634336065923964,True,0.08807207133350843,Other
RPA1570,1,-0.7419990843050314,0.7419990843050314,0.2612243670818414,0.2612243670818414,0.019258706769835744,True,0.03382439086464292,Other
RPA1572,1,-0.6525587957165265,0.6525587957165265,0.4036222754650387,0.4036222754650387,0.00020518160224640354,True,0.0005925695728951344,Other
RPA1573,3,-0.7436498319816429,0.7436498319816429,-0.44388214360895484,0.44388214360895484,3.720444138287337e-05,True,0.00012600224848221495,Other
RPA1575,12,0.8216914587823263,0.8216914587823263,-0.4501672099066536,0.4501672099066536,2.7936243669320013e-05,False,9.881448475033764e-05,Other
RPA1576,13,-0.8293746504688138,0.8293746504688138,0.561719282556292,0.561719282556292,5.925902072367823e-08,True,3.742993247750696e-07,Other
RPA1577,11,0.703143656068585,0.703143656068585,0.09238390863031076,0.09238390863031076,0.41504539134216234,False,0.4899804778909062,Other
RPA1578,1,-0.6225685465155787,0.6225685465155787,0.20404830493651738,0.20404830493651738,0.06944835548909938,True,0.10623195728439666,Other
RPA1579,2,-0.7247539591184705,0.7247539591184705,0.39379576945302863,0.39379576945302863,0.0003015424202722666,True,0.0008445916658304662,Other
RPA1586,2,-0.8039690012279097,0.8039690012279097,0.619224909781483,0.619224909781483,9.191071405125596e-10,True,8.518030437091734e-09,Other
RPA1589,1,-0.5310630956945663,0.5310630956945663,0.3338694761457073,0.3338694761457073,0.0024734197824850005,True,0.005445029514876218,Other
RPA1591,1,-0.1648397756176087,0.1648397756176087,0.3180354180122646,0.3180354180122646,0.004041939329030666,True,0.008367760684514992,Other
RPA1594,22,-0.8293217295613445,0.8293217295613445,-0.35654557149160704,0.35654557149160704,0.001169390346250875,False,0.002820205029854383,Other
RPA1597,1,-0.5195633514395208,0.5195633514395208,0.33913087425004074,0.33913087425004074,0.0020889759880616697,True,0.004696402433208863,Other
RPA1599,1,-0.7657128726622233,0.7657128726622233,0.5001506692695667,0.5001506692695667,2.314104171981759e-06,True,1.0354919150289462e-05,Other
RPA1600,2,-0.8552850334325532,0.8552850334325532,0.7424442083112419,0.7424442083112419,3.2262603604498038e-15,True,1.619233916041969e-13,Other
RPA1608,21,0.8780713023176283,0.8780713023176283,-0.02917975264065159,0.02917975264065159,0.7972260804431432,False,0.8307793666570803,Other
RPA1610,5,0.767551011713273,0.767551011713273,-0.11451175625404883,0.11451175625404883,0.3118076432557892,False,0.3847354109807313,Other
RPA1611,5,0.737305836517245,0.737305836517245,-0.17086574559053425,0.17086574559053425,0.12967500639906193,False,0.17917149321656103,Other
RPA1612,11,0.4397970608059098,0.4397970608059098,-0.05831131780353915,0.05831131780353915,0.6074048804455744,False,0.6666376258790967,Other
RPA1613,17,-0.8428729064190157,0.8428729064190157,-0.44334218555250815,0.44334218555250815,3.8121578053380664e-05,False,0.00012824596095131866,Other
RPA1614,12,0.6826323773731383,0.6826323773731383,-0.39187893944059904,0.39187893944059904,0.00032461312428063815,False,0.0009010561611197984,Other
RPA1615,14,0.7823419814204856,0.7823419814204856,-0.3260552671334487,0.3260552671334487,0.0031619174564995376,False,0.006725865654890769,Other
RPA1616,3,-0.595368934657296,0.595368934657296,-0.3630689023266461,0.3630689023266461,0.0009329698194473477,True,0.0023038895674384638,Other
RPA1617,1,-0.6605937769888943,0.6605937769888943,0.4473863216745817,0.4473863216745817,3.173390006737124e-05,True,0.00011035552888597077,Other
RPA1618,1,-0.8790480997083513,0.8790480997083513,0.5142038447524698,0.5142038447524698,1.0672486237514635e-06,True,5.21547551133281e-06,Other
RPA1620,3,-0.7478873085019275,0.7478873085019275,-0.5315165813287911,0.5315165813287911,3.916958409186425e-07,True,2.0841810217361576e-06,Other
RPA1622,4,0.5922157390522977,0.5922157390522977,0.3923560727250638,0.3923560727250638,0.00031872373933797,False,0.000886032910105704,Other
RPA1624,1,-0.5152804741774808,0.5152804741774808,0.22384706832717643,0.22384706832717643,0.04592905967121554,True,0.07308505896267975,Other
RPA1626,4,0.8178162900570085,0.8178162900570085,-0.12286602573583894,0.12286602573583894,0.2775801467304363,False,0.34899548576738,Other
RPA1629,2,-0.665625231543529,0.665625231543529,0.44985048170221487,0.44985048170221487,2.83463408506982e-05,True,9.991425061614304e-05,Other
RPA1630,7,-0.719447693699844,0.719447693699844,-0.410661056286168,0.410661056286168,0.00015457772243495613,True,0.0004629852105834089,Other
RPA1632,14,0.6729019101271583,0.6729019101271583,-0.45469896471229176,0.45469896471229176,2.264242552311983e-05,False,8.19629321567905e-05,Other
RPA1634,1,-0.8050673599387146,0.8050673599387146,0.2428804070192731,0.2428804070192731,0.029945072519900223,True,0.05009786611040354,Other
RPA1635,9,0.7842997474096685,0.7842997474096685,-0.3796759398039737,0.3796759398039737,0.0005136992695007397,True,0.0013647203769139823,Other
RPA1636,1,-0.8167313758450672,0.8167313758450672,0.3528645126307178,0.3528645126307178,0.0013255930675241051,True,0.003127860643446332,Other
RPA1637,19,0.857108380832567,0.857108380832567,0.19809027842045623,0.19809027842045623,0.07817281104265834,False,0.11659992779615787,Other
RPA1640,18,0.6559814907910011,0.6559814907910011,-0.084366716485066,0.084366716485066,0.4568458840523798,False,0.5328912102294405,Other
RPA1645,15,0.6207388710988262,0.6207388710988262,0.15375503192880324,0.15375503192880324,0.1732941083026991,False,0.23118330396416106,Other
RPA1648,3,-0.9395797726274487,0.9395797726274487,-0.6946062249100993,0.6946062249100993,8.919650857233979e-13,True,1.6854720457163418e-11,WGCNA Hub only
RPA1651,4,0.6604202058829777,0.6604202058829777,0.18101632179617624,0.18101632179617624,0.10808010963200457,False,0.15342038781091233,Other
RPA1653,5,0.42863988314159823,0.42863988314159823,-0.0025635069478280523,0.0025635069478280523,0.9819949728402579,False,0.9857106294942481,Other
RPA1655,8,0.8147951964372531,0.8147951964372531,0.16490856789311353,0.16490856789311353,0.14379555705798425,False,0.19620010981386976,Other
RPA1659,3,-0.9526082683222392,0.9526082683222392,-0.6391086546198095,0.6391086546198095,1.7732404865825945e-10,True,1.9718009482538193e-09,WGCNA Hub only
RPA1661,3,-0.808295212867977,0.808295212867977,-0.6150386587906183,0.6150386587906183,1.280809646896172e-09,True,1.1219167520217884e-08,Tier 1 only
RPA1662,10,-0.5239015405130458,0.5239015405130458,0.17586160598999914,0.17586160598999914,0.11866868440896114,False,0.1659395684845187,Other
RPA1664,12,0.3703595821926822,0.3703595821926822,-0.16272770466332132,0.16272770466332132,0.14924426719571918,False,0.2024445611266987,Other
RPA1666,7,-0.9697968195105164,0.9697968195105164,-0.6471212908500862,0.6471212908500862,8.830084513059887e-11,True,1.0378143633387474e-09,WGCNA Hub only
RPA1668,3,-0.7795492052825312,0.7795492052825312,-0.3570570969903124,0.3570570969903124,0.0011490574222438386,True,0.0027820073443374296,Other
RPA1669,3,-0.655553515796737,0.655553515796737,-0.3052232566919412,0.3052232566919412,0.00590414259720572,True,0.011738750324422937,Other
RPA1670,12,0.4397151069755028,0.4397151069755028,-0.12828233765832728,0.12828233765832728,0.2567833566682706,False,0.32616052895552566,Other
RPA1673,4,0.24875992847408823,0.24875992847408823,-0.057562345925578434,0.057562345925578434,0.61203477722894,False,0.6704810709173333,Other
RPA1675,10,-0.4414808120909731,0.4414808120909731,0.3540752932789467,0.3540752932789467,0.001272247022420821,False,0.003025048297868713,Other
RPA1676,3,-0.9682570272522737,0.9682570272522737,-0.7663217350101059,0.7663217350101059,1.1972627482549143e-16,True,8.551218936574522e-15,WGCNA Hub only
RPA1678,14,0.5953434844280392,0.5953434844280392,-0.3338317006108998,0.3338317006108998,0.002476395568771066,False,0.005445029514876218,Other
RPA1682,17,-0.8062647723011309,0.8062647723011309,-0.3759642728102415,0.3759642728102415,0.0005886088321610708,False,0.0015414774196996102,Other
RPA1683,9,0.6500493807236494,0.6500493807236494,-0.22990640952663233,0.22990640952663233,0.040213366625838784,True,0.06537662612753595,Other
RPA1684,4,0.6448235994004834,0.6448235994004834,0.23814223247980526,0.23814223247980526,0.03340414761500661,False,0.055335862730657694,Other
RPA1685,2,-0.7911514141267251,0.7911514141267251,0.7517696514265357,0.7517696514265357,9.316989750983616e-16,True,5.40676561486768e-14,Other
RPA1686,10,-0.6567002921344021,0.6567002921344021,0.37336486410948333,0.37336486410948333,0.0006468675974290272,False,0.00167536001175133,Other
RPA1687,2,-0.6329339519254056,0.6329339519254056,0.44718298668409545,0.44718298668409545,3.202964480951461e-05,True,0.00011117579516124976,Other
RPA1690,1,-0.36966589446187936,0.36966589446187936,0.2807069402143603,0.2807069402143603,0.011664508984235794,True,0.021682675859585457,Other
RPA1693,10,-0.6128472904916401,0.6128472904916401,0.14613383902863816,0.14613383902863816,0.19585697180542058,False,0.2572181022932575,Other
RPA1696,13,-0.13920208217304958,0.13920208217304958,0.00418611203494508,0.00418611203494508,0.970602534535951,True,0.9763861899421783,Other
RPA1703,4,0.7510321947164914,0.7510321947164914,0.19439645698680555,0.19439645698680555,0.0840070730789003,False,0.12361421133717738,Other
RPA1710,1,-0.5894690897586292,0.5894690897586292,0.4281798519240471,0.4281798519240471,7.42985032543059e-05,True,0.00024036989641680498,Other
RPA1712,1,-0.8343408152003773,0.8343408152003773,0.5653717166917896,0.5653717166917896,4.6554529121294034e-08,True,2.9914104006312463e-07,Other
RPA1718,1,-0.6462952652673655,0.6462952652673655,0.4481272782243867,0.4481272782243867,3.067758764302558e-05,True,0.00010688232692889025,Other
RPA1722,13,-0.5120519252385751,0.5120519252385751,0.19809478050059887,0.19809478050059887,0.07816590285388743,True,0.11659992779615787,Other
RPA1725,1,-0.7723049873156549,0.7723049873156549,0.7090540039333297,0.7090540039333297,1.8397699708652024e-13,True,4.3800677383290776e-12,Other
RPA1730,4,0.6830610052656167,0.6830610052656167,0.31996337156147037,0.31996337156147037,0.003812518105090531,False,0.00794595524259609,Other
RPA1731,10,-0.7913847915552641,0.7913847915552641,0.23672234199393985,0.23672234199393985,0.034503798651178426,False,0.05685319795495859,Other
RPA1732,8,0.40368738393125364,0.40368738393125364,0.06594899571316797,0.06594899571316797,0.5610952661487644,False,0.6265507572088126,Other
RPA1734,8,0.6777450753972702,0.6777450753972702,0.07522346391457335,0.07522346391457335,0.507221376107835,False,0.5796369818044613,Other
RPA1737,3,-0.6418246759580166,0.6418246759580166,-0.2853499916083317,0.2853499916083317,0.01029795704269833,True,0.019414524089635326,Other
RPA1741,8,0.6864400539297248,0.6864400539297248,0.4895204178541574,0.4895204178541574,4.063356967709854e-06,False,1.7266942537842557e-05,Other
RPA1743,3,-0.8361750181074667,0.8361750181074667,-0.6112348474196924,0.6112348474196924,1.724307773297449e-09,True,1.4755942557665267e-08,Other
RPA1745,8,0.26748166140932345,0.26748166140932345,-0.07283124494950757,0.07283124494950757,0.5208579310500961,False,0.5912183239364477,Other
RPA1748,21,0.9199696647816655,0.9199696647816655,-0.3119616612611765,0.3119616612611765,0.004847118704527151,False,0.009815811814947567,Other
RPA1753,8,0.3521374041893576,0.3521374041893576,0.07964296140994115,0.07964296140994115,0.4825209752834455,False,0.5562020180641579,Other
RPA1757,5,0.9271688737096012,0.9271688737096012,0.04629213915804638,0.04629213915804638,0.6834559995873618,False,0.7322655466534114,Other
RPA1758,10,-0.6209141733224849,0.6209141733224849,0.4854721967565958,0.4854721967565958,5.010295585632211e-06,False,2.0814583674539186e-05,Other
RPA1759,8,0.4868989987038362,0.4868989987038362,0.198731977623485,0.198731977623485,0.07719306479861292,False,0.11550968680985027,Other
RPA1760,1,-0.6597001736401223,0.6597001736401223,0.48157370848727965,0.48157370848727965,6.1148862342463396e-06,True,2.4956799421968028e-05,Other
RPA1761,2,-0.5781699800391601,0.5781699800391601,0.5236813921038967,0.5236813921038967,6.207972903136576e-07,True,3.167089472836435e-06,Other
RPA1763,1,-0.8217303201215407,0.8217303201215407,0.644905831223355,0.644905831223355,1.0729512284642405e-10,True,1.22992001929512e-09,Other
RPA1765,5,0.7764939028477513,0.7764939028477513,-0.13536176786958107,0.13536176786958107,0.23123766665084547,False,0.29737420150319943,Other
RPA1772,2,-0.2183375386146148,0.2183375386146148,0.1837043578426562,0.1837043578426562,0.10285741169280066,True,0.1471542476991763,Other
RPA1775,1,-0.4404951265627426,0.4404951265627426,0.4602887611689849,0.4602887611689849,1.7401189166536783e-05,True,6.411509579813255e-05,Other
RPA1777,8,0.8740263414615796,0.8740263414615796,0.3651415641756573,0.3651415641756573,0.0008674982298257242,False,0.002162341225216604,Other
RPA1779,14,0.7466291767573455,0.7466291767573455,-0.4120099380708241,0.4120099380708241,0.00014630706581414199,False,0.0004410588006767235,Other
RPA1781,8,0.5590126212246925,0.5590126212246925,0.06904591657764551,0.06904591657764551,0.5428076124644527,False,0.6105352733776431,Other
RPA1782,8,0.7769254647339037,0.7769254647339037,0.03497115821212482,0.03497115821212482,0.7581105738060253,False,0.7984953259112401,Other
RPA1786,10,-0.46356847220772496,0.46356847220772496,0.12972208043546782,0.12972208043546782,0.25143855997800996,False,0.32068777876316246,Other
RPA1788,5,0.7063299526203486,0.7063299526203486,-0.06808984574968395,0.06808984574968395,0.5484221121142467,False,0.6155777173454519,Other
RPA1789,8,0.7827213832740173,0.7827213832740173,0.19542976035141296,0.19542976035141296,0.08234124075734586,False,0.12174178669298667,Other
RPA1791,9,0.4954300917209722,0.4954300917209722,-0.25546962912446075,0.25546962912446075,0.02218875722053717,True,0.0384012322073975,Other
RPA1797,1,-0.6902403821536435,0.6902403821536435,0.5397249086425752,0.5397249086425752,2.3875006771477926e-07,True,1.319520463530789e-06,Other
RPA1798,9,0.6524699677745149,0.6524699677745149,-0.36368153374465295,0.36368153374465295,0.0009131654797846618,True,0.002260997727946823,Other
RPA1807,11,0.13706935328914935,0.13706935328914935,-0.26753820956965113,0.26753820956965113,0.016431683409773096,False,0.029481774001882743,Other
RPA1811,6,-0.9331253107121482,0.9331253107121482,0.2271927591349397,0.2271927591349397,0.042695408328713165,False,0.06868721876419279,Other
RPA1820,11,0.28431395276397176,0.28431395276397176,0.26253351023608934,0.26253351023608934,0.018640526949021723,False,0.03287318000411523,Other
RPA1822,3,-0.4617765313633351,0.4617765313633351,-0.06924186008943889,0.06924186008943889,0.5416604171920767,True,0.6099838658130299,Other
RPA1826,3,-0.5935066662067434,0.5935066662067434,-0.312459703487197,0.312459703487197,0.004776110904336456,True,0.009725041611132454,Other
RPA1829,5,0.4912504303068593,0.4912504303068593,0.21734226949107152,0.21734226949107152,0.05279537219321466,False,0.08287489954589992,Other
RPA1834,1,-0.7020543393824431,0.7020543393824431,0.5580667603422533,0.5580667603422533,7.521343292759009e-08,True,4.671282439683438e-07,Other
RPA1835,10,-0.8013415843393408,0.8013415843393408,0.4233008377837408,0.4233008377837408,9.148528709082734e-05,False,0.0002909044146021685,Tier 1 only
RPA1836,5,0.7963713271177664,0.7963713271177664,-0.11388774892854381,0.11388774892854381,0.31446923594621595,False,0.38750455949045987,Other
RPA1838,13,-0.6704940281193787,0.6704940281193787,0.3770749728302131,0.3770749728302131,0.0005652090477188402,True,0.0014866759229658444,Other
RPA1839,12,0.6762408742999575,0.6762408742999575,-0.3177940995674601,0.3177940995674601,0.004071504038293615,False,0.008419580177184012,Other
RPA1840,16,0.8658925071735596,0.8658925071735596,-0.35239477028283744,0.35239477028283744,0.001346828614047852,False,0.0031658996661859,Other
RPA1841,1,-0.34961872959831825,0.34961872959831825,0.26511166888154225,0.26511166888154225,0.017472759248692668,True,0.031139072864512746,Other
RPA1842,1,-0.8404231349459402,0.8404231349459402,0.4999196395688124,0.4999196395688124,2.3430656005769664e-06,True,1.0434227386742031e-05,Other
RPA1843,11,0.5633956870906152,0.5633956870906152,0.04413483013335129,0.04413483013335129,0.6974754510510763,False,0.743947106606461,Other
RPA1844,4,0.8256847797729382,0.8256847797729382,-0.1744910044511011,0.1744910044511011,0.12161411034378398,False,0.16954113184215872,Other
RPA1845,6,-0.7754565346097927,0.7754565346097927,0.2403407169932659,0.2403407169932659,0.03175959170763082,False,0.052942156015323545,Other
RPA1846,10,-0.5411899400863788,0.5411899400863788,0.6464832088728867,0.6464832088728867,9.341270133378692e-11,False,1.0841711648552646e-09,Other
RPA1848,1,-0.5627979694388114,0.5627979694388114,0.07269817770625575,0.07269817770625575,0.5216218634637019,True,0.5916880809224743,Other
RPA1852,10,-0.3151712768254362,0.3151712768254362,0.2738601389044409,0.2738601389044409,0.013966711768370667,False,0.025552890397895888,Other
RPA1853,14,0.4690120938617689,0.4690120938617689,-0.4173647766868282,0.4173647766868282,0.00011734269509542985,False,0.00036439027557226295,Other
RPA1856,7,-0.7884831189218249,0.7884831189218249,-0.39520475398312166,0.39520475398312166,0.00028555494819790543,True,0.0008022322826074287,Other
RPA1862,7,-0.562231593778025,0.562231593778025,-0.39993227256752467,0.39993227256752467,0.00023743020385005547,True,0.0006783198285377739,Other
RPA1864,1,-0.6778212542462667,0.6778212542462667,0.283769128897481,0.283769128897481,0.010746665220331731,True,0.020137797491580248,Other
RPA1866,10,-0.43727560256655407,0.43727560256655407,0.3352467292484695,0.3352467292484695,0.0023670927967448362,False,0.005239203007813064,Other
RPA1867,15,0.586241943551267,0.586241943551267,-0.06928295991212713,0.06928295991212713,0.5414199397085204,False,0.6099838658130299,Other
RPA1870,9,0.6538297152943959,0.6538297152943959,-0.33534858478274177,0.33534858478274177,0.002359394733639089,True,0.005228396205689485,Other
RPA1876,1,-0.655218783007093,0.655218783007093,0.7243937354821954,0.7243937354821954,3.089109005962553e-14,True,9.89047486909045e-13,Other
RPA1879,3,-0.7321651158542737,0.7321651158542737,-0.623849166431351,0.623849166431351,6.333950635174642e-10,True,6.158191795559849e-09,Other
RPA1881,8,0.4508795984719572,0.4508795984719572,-0.02865053884653009,0.02865053884653009,0.8008270742418019,False,0.8335963435353285,Other
RPA1889,3,-0.6142019085494672,0.6142019085494672,-0.5421705644386839,0.5421705644386839,2.0548130513327516e-07,True,1.1598139320136536e-06,Other
RPA1893,19,0.7371949934757134,0.7371949934757134,-0.1783442690672889,0.1783442690672889,0.11347346678703078,False,0.16000017298672448,Other
RPA1908,9,0.5676713234953861,0.5676713234953861,-0.10726549493601598,0.10726549493601598,0.34361427918486875,True,0.41842079766970575,Other
RPA1909,12,0.6006297296561409,0.6006297296561409,-0.24404214775381097,0.24404214775381097,0.029144644815706503,False,0.04889033913529085,Other
RPA1915,4,0.7066419300141654,0.7066419300141654,-0.17526159147841192,0.17526159147841192,0.1199512949405335,False,0.16748086819892535,Other
RPA1917,15,0.6391326441071274,0.6391326441071274,-0.21469288470257794,0.21469288470257794,0.05582313463278996,False,0.08740603795370233,Other
RPA1919,15,0.5090332434844393,0.5090332434844393,-0.22313056405695797,0.22313056405695797,0.046647233678380945,False,0.07397430652498156,Other
RPA1920,11,0.8387210226411066,0.8387210226411066,0.3548215981885856,0.3548215981885856,0.0012403412135934934,False,0.0029567569109667743,Other
RPA1929,11,0.6823374531180364,0.6823374531180364,-0.19520718980303178,0.19520718980303178,0.08269781866640967,False,0.12217171779118756,Other
RPA1932,1,-0.867101675374966,0.867101675374966,0.40958932540305515,0.40958932540305515,0.000161454318072945,True,0.00047971306985833417,Other
RPA1933,6,-0.6728237742664154,0.6728237742664154,0.04773083232227897,0.04773083232227897,0.6741653197367232,False,0.7270180015976162,Other
RPA1942,5,0.842525767007885,0.842525767007885,-0.2885514550428523,0.2885514550428523,0.009439089567700216,False,0.01795941529428207,Other
RPA1945,2,-0.7321272285852426,0.7321272285852426,0.48854258166471926,0.48854258166471926,4.275302616887266e-06,True,1.808482223134317e-05,Other
RPA1949,13,-0.2864652154270473,0.2864652154270473,0.13260817627154117,0.13260817627154117,0.24095489373426063,True,0.3088014062557088,Other
RPA1955,2,-0.6759369585397572,0.6759369585397572,0.5129236992408529,0.5129236992408529,1.1468544819312047e-06,True,5.546116596214185e-06,Other
RPA1957,4,0.42803738220376236,0.42803738220376236,0.13103274455413993,0.13103274455413993,0.24663956560483138,False,0.31543365931692274,Other
RPA1958,4,0.21293871699077815,0.21293871699077815,-0.11607903791017297,0.11607903791017297,0.3051870951722688,False,0.3778216238232688,Other
RPA1960,8,0.44231055207003167,0.44231055207003167,-0.07132778267748989,0.07132778267748989,0.5295219807818659,False,0.5988564666942295,Other
RPA1962,1,-0.5096575190524363,0.5096575190524363,0.2711030516384588,0.2711030516384588,0.014999307782929015,True,0.027200893118065606,Other
RPA1966,12,0.3480174314199608,0.3480174314199608,-0.16319765197060732,0.16319765197060732,0.14805727537597,False,0.20110762818327466,Other
RPA1969,2,-0.5252658967405666,0.5252658967405666,0.3010082697386261,0.3010082697386261,0.006664511706225137,True,0.0130824505691967,Other
RPA1970,10,-0.6119163830019859,0.6119163830019859,0.19588463585365473,0.19588463585365473,0.08161629197318167,False,0.12087885585320579,Other
RPA1973,5,0.8006651501570471,0.8006651501570471,-0.05658467156931494,0.05658467156931494,0.6181013534685874,False,0.6759801021149393,Other
RPA1974,4,0.7380452755181374,0.7380452755181374,0.5469416277911906,0.5469416277911906,1.5280452518365802e-07,False,8.839813185858347e-07,Other
RPA1975,14,0.46179947729317683,0.46179947729317683,-0.47185396947723357,0.47185396947723357,9.943887338684387e-06,False,3.871236643173356e-05,Other
RPA1977,5,0.6554486907811388,0.6554486907811388,0.1764697095178214,0.1764697095178214,0.11737956734063623,False,0.1643845072032892,Other
RPA1979,2,-0.32064344015892693,0.32064344015892693,0.25695995219247797,0.25695995219247797,0.021395663856707325,True,0.03706319755774767,Other
RPA1980,2,-0.751213616238944,0.751213616238944,0.3958443415410984,0.3958443415410984,0.0002785578560965707,True,0.0007837605132898967,Other
RPA1981,5,0.6768482118900065,0.6768482118900065,-0.41297375114206114,0.41297375114206114,0.00014064982968061137,False,0.0004274741959359989,Other
RPA1983,2,-0.6817417102717667,0.6817417102717667,0.6062054957096168,0.6062054957096168,2.5394605044961427e-09,True,2.1146987250445457e-08,Other
RPA1984,2,-0.5201662060096452,0.5201662060096452,0.4012416305865822,0.4012416305865822,0.00022548842651571595,True,0.0006468303116889898,Other
RPA1986,18,0.7286416950704113,0.7286416950704113,-0.278716635697099,0.278716635697099,0.012296991212679312,False,0.022721903166114908,Other
RPA1992,8,0.4958969285060004,0.4958969285060004,0.09070050506669147,0.09070050506669147,0.4236336111413492,False,0.49885073930848794,Other
RPA1994,1,-0.7380012760259425,0.7380012760259425,0.36662170067456956,0.36662170067456956,0.0008233307493784856,True,0.0020633268577541805,Other
RPA1995,1,-0.6414353796162572,0.6414353796162572,0.38991912921489014,0.38991912921489014,0.0003498660897830973,True,0.0009639485589424505,Other
RPA1997,7,-0.682908000740198,0.682908000740198,-0.30903862918443414,0.30903862918443414,0.00528305825240007,True,0.010594642737264503,Other
RPA2000,3,-0.7629754219890628,0.7629754219890628,-0.5166938847793807,0.5166938847793807,9.271043734788287e-07,True,4.615637591287359e-06,Other
RPA2002,7,-0.942798401832039,0.942798401832039,-0.6659360437316081,0.6659360437316081,1.5795288696790634e-11,True,2.3465480887952165e-10,WGCNA Hub only
RPA2005,13,-0.7364931971153463,0.7364931971153463,0.37103477314044964,0.37103477314044964,0.000703509386749998,True,0.001794528751641135,Other
RPA2006,3,-0.9217954952567874,0.9217954952567874,-0.7216074886381731,0.7216074886381731,4.309348394739196e-14,True,1.270231741115982e-12,Other
RPA2008,8,0.4297748911712817,0.4297748911712817,0.24417307272349092,0.24417307272349092,0.029055581481103546,False,0.04878500434937548,Other
RPA2010,2,-0.6833820100793042,0.6833820100793042,0.564298695916575,0.564298695916575,4.9989567218946295e-08,True,3.1900558874770884e-07,Other
RPA2014,12,0.7055990513715551,0.7055990513715551,-0.2632375802767933,0.2632375802767933,0.018315159910658026,False,0.032422547144034274,Other
RPA2017,1,-0.5461357997551141,0.5461357997551141,0.33279995211886454,0.33279995211886454,0.0025589240190838185,True,0.00560368148990407,Other
RPA2019,4,0.7557648235898804,0.7557648235898804,0.19589212457838767,0.19589212457838767,0.08160439959553627,False,0.12087885585320579,Other
RPA2020,14,0.8989802636426406,0.8989802636426406,-0.24188969540777405,0.24188969540777405,0.03064222611103308,False,0.05117141536707593,Other
RPA2022,1,-0.43085847424979534,0.43085847424979534,0.1975281157453364,0.1975281157453364,0.07903925520736897,True,0.11751472931952296,Other
RPA2028,7,-0.6986090475492766,0.6986090475492766,-0.4067298862563817,0.4067298862563817,0.00018120621442552906,True,0.0005307570034514313,Other
RPA2031,11,0.6704050964644229,0.6704050964644229,-0.10203973165062828,0.10203973165062828,0.3677686374917761,False,0.44146500311714815,Other
RPA2032,14,0.7732413228343427,0.7732413228343427,0.06647085893711813,0.06647085893711813,0.557993229689025,False,0.6242129081521202,Other
RPA2033,2,-0.14642029387528088,0.14642029387528088,-0.01642252020741215,0.01642252020741215,0.8850382117813891,True,0.9040241800209239,Other
RPA2035,4,0.46512168077206956,0.46512168077206956,0.08256169164171798,0.08256169164171798,0.4665668271153716,False,0.5425263606469913,Other
RPA2037,9,0.5687401223184327,0.5687401223184327,-0.20654600609366347,0.20654600609366347,0.06603238365807623,True,0.10187397966541009,Other
RPA2043,1,-0.2012477382039178,0.2012477382039178,0.1932074097901799,0.1932074097901799,0.08595696925240852,True,0.12578573041900915,Other
RPA2044,5,0.505448981465377,0.505448981465377,-0.04490392778076439,0.04490392778076439,0.6924654842301697,False,0.7394527913832233,Other
RPA2045,4,0.7631467485328125,0.7631467485328125,0.02710451492094182,0.02710451492094182,0.8113704089459856,False,0.8422106480786447,Other
RPA2046,4,0.7512112296719993,0.7512112296719993,0.31822155979656735,0.31822155979656735,0.004019265190056995,False,0.00833010653787482,Other
RPA2047,7,-0.7873564906807831,0.7873564906807831,-0.7102041561116703,0.7102041561116703,1.615839719006078e-13,True,3.931600974963104e-12,Other
RPA2050,20,0.7434967160003554,0.7434967160003554,-0.41512246380784906,0.41512246380784906,0.00012875722474066522,False,0.00039586451381360153,Other
RPA2057,1,-0.6151399121102388,0.6151399121102388,0.34417271008543265,0.34417271008543265,0.0017719028362755118,True,0.004042289394304208,Other
RPA2061,7,-0.6343123315892711,0.6343123315892711,-0.5401972973572136,0.5401972973572136,2.3195065676715619e-07,True,1.28961787310362e-06,Other
RPA2065,1,-0.05143914070455391,0.05143914070455391,-0.1581729048896371,0.1581729048896371,0.16112012521390928,True,0.21634133949546605,Other
RPA2070,9,0.19187104358755674,0.19187104358755674,-0.156706049793105,0.156706049793105,0.16508986860834016,True,0.221511478327809,Other
RPA2081,9,0.48243043214917436,0.48243043214917436,-0.2764741790644967,0.2764741790644967,0.013045099068804935,True,0.023961176034392448,Other
RPA2082,9,0.7814712801807517,0.7814712801807517,-0.5718443307645151,0.5718443307645151,3.013797326212776e-08,True,2.0131732499198296e-07,Other
RPA2084,16,0.7238481305915273,0.7238481305915273,-0.34175939727675253,0.34175939727675253,0.0019178170382826317,False,0.004353772909646512,Other
RPA2088,7,-0.7977565158628492,0.7977565158628492,-0.514589723456538,0.514589723456538,1.0442945259051793e-06,True,5.130304059804016e-06,Other
RPA2090,1,-0.274042617661764,0.274042617661764,0.23441185482440136,0.23441185482440136,0.0363579357573245,True,0.0594337030821757,Other
RPA2105,8,0.7324264118541913,0.7324264118541913,-0.09741044985707004,0.09741044985707004,0.390009624633915,False,0.4645592514080693,Other
RPA2108,1,-0.5527723961058215,0.5527723961058215,0.3055645810806364,0.3055645810806364,0.005846064785734377,True,0.01164822135955873,Other
RPA2117,3,-0.9513018648113731,0.9513018648113731,-0.6625600532367223,0.6625600532367223,2.1705419325202414e-11,True,3.124570828441929e-10,WGCNA Hub only
RPA2120,9,0.5776088845755996,0.5776088845755996,-0.15316106315032152,0.15316106315032152,0.17498093481064617,True,0.2332660415961019,Other
RPA2121,3,-0.7992455054349921,0.7992455054349921,-0.33918039651674015,0.33918039651674015,0.0020856282979044923,True,0.004696402433208863,Other
RPA2123,9,0.9277041271930979,0.9277041271930979,-0.6590361874231008,0.6590361874231008,3.011501609079754e-11,True,4.173401856762017e-10,Other
RPA2124,3,-0.7218373709554251,0.7218373709554251,-0.5543510662814808,0.5543510662814808,9.557844881033123e-08,True,5.819317358714266e-07,Other
RPA2125,7,-0.33833829897941203,0.33833829897941203,0.023940212973179605,0.023940212973179605,0.833052776497542,True,0.8599105091472681,Other
RPA2126,9,0.8636661564742849,0.8636661564742849,-0.4929719433534081,0.4929719433534081,3.391525874296147e-06,True,1.464665941527429e-05,Other
RPA2135,2,-0.4360972708194785,0.4360972708194785,0.3217528730715927,0.3217528730715927,0.0036100306106087218,True,0.007557865663923784,Other
RPA2136,21,0.8037467500336145,0.8037467500336145,0.016705270205042706,0.016705270205042706,0.8830727280483323,False,0.9030099427234323,Other
RPA2141,8,0.6490118816451639,0.6490118816451639,0.1631606930664442,0.1631606930664442,0.14815036906554643,False,0.20110762818327466,Other
RPA2142,10,-0.36746039720963225,0.36746039720963225,0.09551179660855552,0.09551179660855552,0.39935857077473247,False,0.4735688799033705,Other
RPA2153,4,0.9097639518084834,0.9097639518084834,0.07924333497413415,0.07924333497413415,0.4847277820117289,False,0.5583991880867125,Other
RPA2155,14,0.3993087886895092,0.3993087886895092,-0.15209644778460837,0.15209644778460837,0.1780343785783828,False,0.23665700860419245,Other
RPA2158,10,-0.7879523636189201,0.7879523636189201,0.0880399038254076,0.0880399038254076,0.4374130175654832,False,0.513439557168512,Other
RPA2161,8,0.3257272151275763,0.3257272151275763,0.280423163742637,0.280423163742637,0.011752921377045077,False,0.021825174997172705,Other
RPA2163,2,-0.5588373940013731,0.5588373940013731,0.4109695325448471,0.4109695325448471,0.0001526491272073214,True,0.0004579473816219642,Other
RPA2164,18,0.8954402711333709,0.8954402711333709,-0.05171701376556995,0.05171701376556995,0.648680564815778,False,0.7052692089361239,Other
RPA2165,2,-0.8784153572996682,0.8784153572996682,0.7815055515243694,0.7815055515243694,1.1941237059366607e-17,True,1.5839198013745563e-15,Other
RPA2170,10,-0.7368542025796163,0.7368542025796163,0.14831013054576,0.14831013054576,0.18920901621030972,False,0.24936915763133083,Other
RPA2172,20,0.7400627435968354,0.7400627435968354,-0.3554551739972942,0.3554551739972942,0.001213825292512811,False,0.0029047339796343945,Other
RPA2174,10,-0.5463153891965938,0.5463153891965938,0.3519926778097775,0.3519926778097775,0.0013652498314894504,False,0.003201097142772613,Other
RPA2177,3,-0.7261321277113586,0.7261321277113586,-0.29021254951792913,0.29021254951792913,0.009018662877467817,True,0.017247844452582633,Other
RPA2178,4,0.7332215824960694,0.7332215824960694,0.13926013120145236,0.13926013120145236,0.21795271523793602,False,0.28224420655289206,Other
RPA2179,12,0.8883168875116734,0.8883168875116734,-0.2487872539848302,0.2487872539848302,0.02606021179247574,False,0.04415493914108344,Other
RPA2181,4,0.7157738326095939,0.7157738326095939,-0.2228583441928014,0.2228583441928014,0.04692250602797309,False,0.07434734956821333,Other
RPA2183,5,0.8492753577374643,0.8492753577374643,-0.09309581587607171,0.09309581587607171,0.41144403585059586,False,0.4866570538691443,Other
RPA2185,12,0.3881997293107218,0.3881997293107218,-0.17671280005372667,0.17671280005372667,0.11686726650022328,False,0.163790576521445,Other
RPA2186,1,-0.7051710614273567,0.7051710614273567,0.3499952499052963,0.3499952499052963,0.0014601805671161307,True,0.003389444141418318,Other
RPA2189,10,-0.15972579605080617,0.15972579605080617,-0.01685828419096841,0.01685828419096841,0.8820093734523259,False,0.9024195077140326,Other
RPA2190,2,-0.5451156317061641,0.5451156317061641,0.4314938000660232,0.4314938000660232,6.438818407517036e-05,True,0.00021013859020666318,Other
RPA2191,1,-0.6092729409615778,0.6092729409615778,0.5032138199275191,0.5032138199275191,1.9606093111326046e-06,True,8.945581058410925e-06,Other
RPA2192,10,-0.6685026856670282,0.6685026856670282,0.558331403743903,0.558331403743903,7.393244730836906e-08,False,4.6226449377657024e-07,Other
RPA2197,10,-0.7090519807043336,0.7090519807043336,0.4901142655706895,0.4901142655706895,3.939501251166923e-06,False,1.6817594996360865e-05,Other
RPA2200,5,0.41899615034403936,0.41899615034403936,0.04199895263509762,0.04199895263509762,0.7114561382503726,False,0.7553882497032257,Other
RPA2201,4,0.5803820626483467,0.5803820626483467,0.1795603739267225,0.1795603739267225,0.11099361893057524,False,0.15686084501832437,Other
RPA2202,1,-0.5412625774122277,0.5412625774122277,0.17818457164222162,0.17818457164222162,0.11380227139371991,True,0.16022048368319777,Other
RPA2203,16,0.7452488542327868,0.7452488542327868,-0.42072811194468723,0.42072811194468723,0.00010196507881502954,False,0.00031823386783110896,Other
RPA2217,13,-0.7748582779489791,0.7748582779489791,0.6242727082748813,0.6242727082748813,6.119729721170008e-10,True,6.012877297467039e-09,Other
RPA2221,4,0.1699450880775236,0.1699450880775236,0.21506651192043777,0.21506651192043777,0.055387748311007325,False,0.08679750937851527,Other
RPA2229,12,0.5679196354883507,0.5679196354883507,-0.17949417361400508,0.17949417361400508,0.11112752389057239,False,0.15693065541048892,Other
RPA2242,2,-0.6846837160894133,0.6846837160894133,0.5225344218719989,0.5225344218719989,6.634498121474971e-07,True,3.366192079666399e-06,Other
RPA2272,2,-0.8224596700953701,0.8224596700953701,0.6664458596336724,0.6664458596336724,1.5049672362599356e-11,True,2.2721334615729273e-10,Other
RPA2276,10,-0.5115481080905337,0.5115481080905337,0.23478644009715244,0.23478644009715244,0.0360518003577089,False,0.05898519230331755,Other
RPA2279,3,-0.8363341777272753,0.8363341777272753,-0.4220830571298696,0.4220830571298696,9.63148136567207e-05,True,0.0003026338561091884,Other
RPA2280,13,-0.47718648434154504,0.47718648434154504,0.3021259401145089,0.3021259401145089,0.006454912921193674,True,0.012711318446083406,Other
RPA2282,19,0.7200711256851848,0.7200711256851848,-0.10401509460525306,0.10401509460525306,0.358518901875338,False,0.4320373788335514,Other
RPA2283,8,0.5341197672083358,0.5341197672083358,0.015563616800617533,0.015563616800617533,0.8910129249995441,False,0.9096267189247682,Other
RPA2285,11,0.8137031241697613,0.8137031241697613,0.2599732636638865,0.2599732636638865,0.019865815082311816,False,0.03476985731183133,Other
RPA2290,1,-0.7756751778871611,0.7756751778871611,0.529030346449339,0.529030346449339,4.5389800075600973e-07,True,2.381041207355678e-06,Other
RPA2293,15,0.7570325124068775,0.7570325124068775,0.1944436484288888,0.1944436484288888,0.08393041524482037,False,0.12359935060240397,Other
RPA2294,1,-0.513374462622743,0.513374462622743,0.4902817563481509,0.4902817563481509,3.9052152641388226e-06,True,1.6709642270750675e-05,Other
RPA2298,2,-0.6330033646525958,0.6330033646525958,0.506193100691563,0.506193100691563,1.6660852594573332e-06,True,7.715512036938325e-06,Other
RPA2302,7,-0.3357423180446104,0.3357423180446104,-0.2509026880047491,0.2509026880047491,0.024777015093188914,True,0.042250612514280826,Other
RPA2303,14,0.3897840188620165,0.3897840188620165,-0.11800465349918231,0.11800465349918231,0.2971790113162341,False,0.36938515663604193,Other
RPA2304,8,0.814633703519107,0.814633703519107,0.2654747053767712,0.2654747053767712,0.017313484984387676,False,0.030944313393655356,Other
RPA2305,3,-0.5055738463400596,0.5055738463400596,-0.33833843217687054,0.33833843217687054,0.002143206235257806,True,0.004806683549364426,Other
RPA2307,2,-0.608724829039534,0.608724829039534,0.4834066046018954,0.4834066046018954,5.569807880837576e-06,True,2.298474052158973e-05,Other
RPA2311,5,0.7318097849787409,0.7318097849787409,0.06171632040330155,0.06171632040330155,0.5865525304845085,False,0.6475696844911659,Other
RPA2314,21,0.8145844264960893,0.8145844264960893,0.0956639815912454,0.0956639815912454,0.39860437564943907,False,0.4734186548795152,Other
RPA2316,4,0.8781128696438328,0.8781128696438328,0.1362456006064401,0.1362456006064401,0.22817738133503565,False,0.2942537480133064,Other
RPA2317,2,-0.8737515297462785,0.8737515297462785,0.6782842641376492,0.6782842641376492,4.765471880792491e-12,True,7.901322573778263e-11,Other
RPA2319,10,-0.47070518852454957,0.47070518852454957,0.350479168416302,0.350479168416302,0.0014366497149721344,False,0.0033431811036381625,Other
RPA2325,17,-0.7095854189500124,0.7095854189500124,0.14104148916327364,0.14104148916327364,0.2120647793918595,False,0.2751951749340902,Other
RPA2331,5,0.7479769350428842,0.7479769350428842,0.07293303062547121,0.07293303062547121,0.5202739662178734,False,0.5909166698878231,Other
RPA2334,3,-0.9320732600570649,0.9320732600570649,-0.6008659172459121,0.6008659172459121,3.8024362482867435e-09,True,3.0700973001189254e-08,Other
RPA2335,16,0.8045983425827651,0.8045983425827651,-0.3587585072392046,0.3587585072392046,0.0010837110842580294,False,0.0026584563850292745,Other
RPA2343,3,-0.6268142825901375,0.6268142825901375,-0.3196363879722847,0.3196363879722847,0.0038505917609841325,True,0.008007333594790072,Other
RPA2344,12,0.6711052931380271,0.6711052931380271,-0.35724244072523803,0.35724244072523803,0.00114176952955977,False,0.002770507705768538,Other
RPA2345,1,-0.6364526208542788,0.6364526208542788,0.3620261532991409,0.3620261532991409,0.0009675775114697147,True,0.002383012518301406,Other
RPA2350,1,-0.31955783831110046,0.31955783831110046,0.18462239757938534,0.18462239757938534,0.10111952253956556,True,0.14505398808033404,Other
RPA2353,9,0.4507570866481203,0.4507570866481203,-0.06166033871940044,0.06166033871940044,0.5868927189007174,True,0.6475696844911659,Other
RPA2357,1,-0.5403980252375595,0.5403980252375595,0.25403741512601,0.25403741512601,0.022974414856332483,True,0.0395398409529281,Other
RPA2385,7,-0.64914496400725,0.64914496400725,-0.44652868772806686,0.44652868772806686,3.299881733948995e-05,True,0.00011411322867678368,Other
RPA2388,3,-0.6701955297904465,0.6701955297904465,-0.37128235609411875,0.37128235609411875,0.000697283333799438,True,0.0017810937425936126,Other
RPA2415,9,0.7662604128763784,0.7662604128763784,-0.5224338141402599,0.5224338141402599,6.673203362936524e-07,True,3.3766045354150203e-06,Other
RPA2420,22,-0.9158665275498398,0.9158665275498398,-0.3792616244198438,0.3792616244198438,0.0005216060392630906,False,0.0013837463070165133,Other
RPA2421,2,-0.8042673356183373,0.8042673356183373,0.5808366030885836,0.5808366030885836,1.6214356705922605e-08,True,1.1625505947064971e-07,Other
RPA2424,3,-0.9375823095618956,0.9375823095618956,-0.725711259027232,0.725711259027232,2.6354378656503876e-14,True,8.59326119008046e-13,Other
RPA2425,4,0.8419783286406757,0.8419783286406757,-0.048069993378757364,0.048069993378757364,0.6719821272171288,False,0.7255062850245396,Other
RPA2426,1,-0.7647310615275491,0.7647310615275491,0.35735920122233367,0.35735920122233367,0.0011371999300273238,True,0.0027641103011266234,Other
RPA2427,10,-0.5666323437842062,0.5666323437842062,0.2816681853156387,0.2816681853156387,0.011369311779318169,False,0.021240253495164826,Other
RPA2432,21,0.7322997137113323,0.7322997137113323,-0.35359908142988294,0.35359908142988294,0.0012929922511629424,False,0.0030665218523749475,Other
RPA2433,13,-0.9144518371102494,0.9144518371102494,0.5099978832869596,0.5099978832869596,1.3503262455138458e-06,True,6.396826117140846e-06,Other
RPA2434,1,-0.6577931459241311,0.6577931459241311,0.41458671496329774,0.41458671496329774,0.00013163221746976015,True,0.00040403475676255307,Other
RPA2435,2,-0.24340318024485721,0.24340318024485721,0.14961288551236454,0.14961288551236454,0.1853083594381682,True,0.2449235754282408,Tier 1 only
RPA2436,9,0.7021763308239674,0.7021763308239674,-0.5872098099137255,0.5872098099137255,1.0330332637232186e-08,True,7.673371082936067e-08,Other
RPA2437,15,0.3492735735463006,0.3492735735463006,0.014088763381018672,0.014088763381018672,0.9012863034018604,False,0.9191041545399532,Other
RPA2438,10,-0.7530605678189009,0.7530605678189009,0.39240822039968026,0.39240822039968026,0.00031808604674162736,False,0.0008855858902536762,Other
RPA2442,1,-0.6743952486373403,0.6743952486373403,0.11491185102185592,0.11491185102185592,0.31010879456831897,True,0.3834034830315368,Tier 1 only
RPA2445,15,0.7387854200394495,0.7387854200394495,-0.08135190570836665,0.08135190570836665,0.4731445932718527,False,0.5470918491318995,Other
RPA2446,6,-0.8510418851950645,0.8510418851950645,0.021352372592733343,0.021352372592733343,0.8508789506143564,False,0.8758770572565742,Other
RPA2450,6,-0.830926852782454,0.830926852782454,0.050024775702042897,0.050024775702042897,0.6594524222644095,False,0.715305577187505,Other
RPA2455,2,-0.6543518323318449,0.6543518323318449,0.4990582020171011,0.4990582020171011,2.454089294531699e-06,True,1.085058052367944e-05,Other
RPA2460,6,-0.7256791014630364,0.7256791014630364,-0.0772617326423021,0.0772617326423021,0.4957493070819713,False,0.5682755945995189,Tier 1 only
RPA2461,2,-0.5219518165213406,0.5219518165213406,0.6209585148786093,0.6209585148786093,7.999425357339418e-10,True,7.579047392132296e-09,Other
RPA2462,1,-0.7747651452723896,0.7747651452723896,0.30174187484877524,0.30174187484877524,0.006526272155847896,True,0.012824642744348722,Other
RPA2463,2,-0.7670519702234263,0.7670519702234263,0.6525020493868554,0.6525020493868554,5.464510168430594e-11,True,6.950407796421654e-10,Tier 1 only
RPA2464,2,-0.45730218022465574,0.45730218022465574,0.382529709979092,0.382529709979092,0.00046214583585740864,True,0.0012419751334112993,Other
RPA2465,4,0.9281816081284705,0.9281816081284705,0.3474936976523346,0.3474936976523346,0.0015874656141498479,False,0.0036529413202927726,Other
RPA2466,1,-0.7733955523342346,0.7733955523342346,0.43877424097314033,0.43877424097314033,4.676618113824557e-05,True,0.00015461866368331577,Other
RPA2467,5,0.6707192621708757,0.6707192621708757,-0.19718449176940994,0.19718449176940994,0.07957263307039131,False,0.11821310368937332,Other
RPA2468,1,-0.8541426244037387,0.8541426244037387,0.6981367794288462,0.6981367794288462,6.117226936396743e-13,True,1.1833010855092448e-11,Other
RPA2471,1,-0.4868380033617278,0.4868380033617278,0.4012166055225665,0.4012166055225665,0.0002257113850158672,True,0.0006468303116889898,Other
RPA2473,10,-0.682544687222312,0.682544687222312,0.6945772545090982,0.6945772545090982,8.947097733868068e-13,False,1.6854720457163418e-11,Other
RPA2477,1,-0.24558828471613703,0.24558828471613703,0.2250259234315482,0.2250259234315482,0.04476734443028458,True,0.07155846763814354,Other
RPA2486,1,-0.408579879239465,0.408579879239465,0.3093699998965759,0.3093699998965759,0.00523195148939238,True,0.010503496125190973,Other
RPA2488,2,-0.43102782165079967,0.43102782165079967,0.003793967954823489,0.003793967954823489,0.9733553566196859,True,0.9780957236162102,Other
RPA2491,5,0.8248659617019356,0.8248659617019356,-0.07007103992733303,0.07007103992733303,0.5368189739987981,False,0.60600172323147,Other
RPA2496,3,-0.509827111209528,0.509827111209528,-0.1612487295915475,0.1612487295915475,0.15302633777712002,True,0.20636885203493963,Other
RPA2500,1,-0.09512021152261295,0.09512021152261295,-0.22173867004093395,0.22173867004093395,0.04806886432310571,True,0.07590466075510825,Other
RPA2501,6,-0.7681086372118504,0.7681086372118504,0.17222721698484555,0.17222721698484555,0.12660132597490822,False,0.17531593015317268,Tier 1 only
RPA2502,15,0.7849148684623815,0.7849148684623815,0.19410611195061173,0.19410611195061173,0.08447993347884589,False,0.12411331999226013,Other
RPA2503,6,-0.7989790948213513,0.7989790948213513,0.15162300139715357,0.15162300139715357,0.1794047021200579,False,0.2379675227406768,Other
RPA2504,6,-0.7579327509219622,0.7579327509219622,-0.164793795835954,0.164793795835954,0.1440785239382727,False,0.19638969984171878,Other
RPA2505,1,-0.2623407453612496,0.2623407453612496,-0.11946105808962862,0.11946105808962862,0.29121458645518905,True,0.3639202470035573,Other
RPA2507,13,-0.7756725714035093,0.7756725714035093,0.6504543152507585,0.6504543152507585,6.566841992267505e-11,True,8.075910979894541e-10,Other
RPA2511,12,0.8408522400276013,0.8408522400276013,-0.4294866296220609,0.4294866296220609,7.023283350911327e-05,False,0.00022761321435675976,Other
RPA2513,2,-0.7169227657952075,0.7169227657952075,0.33007714139828226,0.33007714139828226,0.0027886866929877226,True,0.006049756061773599,Other
RPA2516,19,0.8460548123491464,0.8460548123491464,0.18139076601977897,0.18139076601977897,0.10734048851882337,False,0.15251054872184774,Other
RPA2521,5,0.22931420557855003,0.22931420557855003,0.049390720880105196,0.049390720880105196,0.6635065203447547,False,0.7180254127507048,Other
RPA2523,8,0.7703885611746704,0.7703885611746704,0.18621807925256592,0.18621807925256592,0.09815350412618488,False,0.1415147959334824,Other
RPA2524,9,0.7205305533127206,0.7205305533127206,-0.48868391356044777,0.48868391356044777,4.244039820096965e-06,True,1.7993566086575492e-05,Other
RPA2537,10,-0.7139895382371308,0.7139895382371308,0.6288524692229314,0.6288524692229314,4.2044775841768236e-10,False,4.3618518848136095e-09,Other
RPA2540,19,0.9591850578721763,0.9591850578721763,-0.058155128901066125,0.058155128901066125,0.6083691231653062,False,0.6673015131234339,Other
RPA2543,21,0.8479049897390336,0.8479049897390336,-0.2292658781864051,0.2292658781864051,0.04078813571620977,False,0.06609386389616191,Other
RPA2546,21,0.8070711905536516,0.8070711905536516,-0.11454578272453503,0.11454578272453503,0.31166292930305217,False,0.3847354109807313,Other
RPA2547,3,-0.8533818501691481,0.8533818501691481,-0.641704240045925,0.641704240045925,1.417911504987005e-10,True,1.605525405341993e-09,Other
RPA2552,2,-0.8965474442878618,0.8965474442878618,0.6843704800053698,0.6843704800053698,2.583693518581631e-12,True,4.4840363215010175e-11,Other
RPA2553,15,0.855627929247121,0.855627929247121,0.08183904276114995,0.08183904276114995,0.47048996485159744,False,0.5457213396186236,Other
RPA2560,7,-0.5640258950227452,0.5640258950227452,-0.6274661199458986,0.6274661199458986,4.713479652313116e-10,True,4.809303139750251e-09,Other
RPA2568,4,0.46685839135386903,0.46685839135386903,-0.09431050481740318,0.09431050481740318,0.4053414029904652,False,0.48035672326311035,Other
RPA2569,1,0.0009091608158044578,0.0009091608158044578,-0.13450610278372216,0.13450610278372216,0.23422754976333265,True,0.3008026002147363,Other
RPA2572,5,0.4978890615741817,0.4978890615741817,-0.261323216269698,0.261323216269698,0.019211424535945026,False,0.03378372666974423,Other
RPA2573,7,-0.5436702229747303,0.5436702229747303,-0.2571126782171307,0.2571126782171307,0.02131577352234263,True,0.036993823767280616,Other
RPA2576,1,-0.5301006408408053,0.5301006408408053,0.5473583117167156,0.5473583117167156,1.4886982581579586e-07,True,8.639102079372904e-07,Other
RPA2579,21,0.7921170628526403,0.7921170628526403,-0.20306310403664934,0.20306310403664934,0.07083429461618644,False,0.10773078222953171,Other
RPA2580,5,0.8392263089485825,0.8392263089485825,0.05046690865897728,0.05046690865897728,0.6566312427151125,False,0.7128190284772686,Other
RPA2582,1,-0.9113370208366969,0.9113370208366969,0.6466542869879477,0.6466542869879477,9.201499298784349e-11,True,1.0746656728202852e-09,Other
RPA2583,22,-0.7915467881325349,0.7915467881325349,-0.35051268232848853,0.35051268232848853,0.0014350328394560834,False,0.0033431811036381625,Other
RPA2584,1,-0.554248981502728,0.554248981502728,0.6251866757816649,0.6251866757816649,5.680819448094384e-10,True,5.641327120380359e-09,Other
RPA2587,11,0.3500874339304886,0.3500874339304886,0.18460351112486126,0.18460351112486126,0.10115504284546718,False,0.14505398808033404,Other
RPA2590,14,0.7783899413097306,0.7783899413097306,-0.2729625381154124,0.2729625381154124,0.014295914262449694,False,0.02607810686185568,Other
RPA2592,14,0.7239128984034555,0.7239128984034555,-0.3292079673510008,0.3292079673510008,0.0028658272164051313,False,0.006188187373098056,Other
RPA2593,7,-0.8494670867987116,0.8494670867987116,-0.6268248857725215,0.6268248857725215,4.968371154023654e-10,True,5.041674990722364e-09,Other
RPA2594,1,-0.6040018210122553,0.6040018210122553,0.4000118055136006,0.4000118055136006,0.00023668856075504012,True,0.0006772429234547142,Other
RPA2595,3,-0.7986236528081099,0.7986236528081099,-0.6762648640274403,0.6762648640274403,5.820044486817235e-12,True,9.564444789397881e-11,Other
RPA2596,1,-0.46480949052148984,0.46480949052148984,0.18021650261953723,0.18021650261953723,0.1096731967704175,True,0.1554680354218819,Other
RPA2597,9,0.504680337781854,0.504680337781854,-0.15528183474510232,0.15528183474510232,0.1690128482551518,True,0.22661145069300861,Other
RPA2601,16,0.7864506433407524,0.7864506433407524,-0.22743552493245267,0.22743552493245267,0.04246831003354571,False,0.06839865718325619,Other
RPA2602,17,-0.8281065984911986,0.8281065984911986,-0.32781078946759995,0.32781078946759995,0.0029938375278390863,False,0.006434671631015259,Other
RPA2604,13,-0.8995784901011328,0.8995784901011328,0.6162661860515033,0.6162661860515033,1.1626380339925634e-09,True,1.0281042043448525e-08,Other
RPA2606,3,-0.6869039534967161,0.6869039534967161,-0.5058438581214756,0.5058438581214756,1.6983171854911572e-06,True,7.806373795685839e-06,Other
RPA2607,2,-0.27882750478605844,0.27882750478605844,0.020007077796863226,0.020007077796863226,0.8601761333376217,True,0.8834884289867054,Other
RPA2612,12,0.5556127122513708,0.5556127122513708,-0.006615645443458787,0.006615645443458787,0.9535562862493974,False,0.9639379551252755,Other
RPA2619,6,-0.5987068872774355,0.5987068872774355,-0.08594095564915069,0.08594095564915069,0.4484597643258677,False,0.5240967793285943,Other
RPA2620,2,-0.9395755673433626,0.9395755673433626,0.8053402624617201,0.8053402624617201,2.1537715700493164e-19,True,5.713648293687972e-17,WGCNA Hub only
RPA2621,13,-0.9075747677714632,0.9075747677714632,0.6408136601726196,0.6408136601726196,1.5313533074592842e-10,True,1.7130861999710186e-09,Other
RPA2624,10,-0.6859134181554056,0.6859134181554056,0.6580582139513318,0.6580582139513318,3.2954734624623176e-11,False,4.4669300874397985e-10,Other
RPA2628,1,-0.306281970443226,0.306281970443226,0.22438099058525193,0.22438099058525193,0.045399852050306194,True,0.07242914541015344,Other
RPA2642,18,0.8414241565170587,0.8414241565170587,-0.30978333865193763,0.30978333865193763,0.005168817086432817,False,0.010399234376495927,Other
RPA2646,1,-0.22033438197616012,0.22033438197616012,0.22936420387772527,0.22936420387772527,0.040699463927575945,True,0.06600777686769305,Other
RPA2647,4,0.8563020782346425,0.8563020782346425,0.13586223511842238,0.13586223511842238,0.2295012981283982,False,0.29555056215286785,Other
RPA2648,13,-0.6889322608710626,0.6889322608710626,0.37143260760081803,0.37143260760081803,0.0006935294307584066,True,0.0017787686718898407,Other
RPA2651,2,-0.6305104950097796,0.6305104950097796,0.5494413713211455,0.5494413713211455,1.3059833829175788e-07,True,7.674718804044126e-07,Other
RPA2652,13,-0.3719635027327647,0.3719635027327647,0.4496526069611242,0.4496526069611242,2.8605387906476947e-05,True,0.00010060644951198425,Other
RPA2654,3,-0.8904540441784953,0.8904540441784953,-0.6379387049960125,0.6379387049960125,1.9599468572041752e-10,True,2.1664412582310437e-09,Other
RPA2656,1,-0.7383218628002983,0.7383218628002983,0.5121106431995923,0.5121106431995923,1.200287950557304e-06,True,5.789440842038736e-06,Other
RPA2658,1,-0.5734834793091682,0.5734834793091682,0.1254549594018032,0.1254549594018032,0.2675032656061112,True,0.3379275947146589,Other
RPA2659,6,-0.8115132980792182,0.8115132980792182,-0.12766413765726914,0.12766413765726914,0.259101881266551,False,0.3288805150457862,Other
RPA2660,18,0.7031987466423489,0.7031987466423489,-0.16230720690758962,0.16230720690758962,0.15031238396162167,False,0.2034475925777926,Other
RPA2661,11,0.5325613680529082,0.5325613680529082,0.30957334916349477,0.30957334916349477,0.005200806547659938,False,0.010452270301952928,Other
RPA2667,1,-0.8630802456535268,0.8630802456535268,0.5738087860197605,0.5738087860197605,2.6362702883636676e-08,True,1.7786897756761947e-07,Other
RPA2669,11,0.8496511722882131,0.8496511722882131,0.0028882346785730068,0.0028882346785730068,0.9797146725693708,False,0.9839535678536082,Other
RPA2671,18,0.4529373506622503,0.4529373506622503,-0.1798329868843544,0.1798329868843544,0.11044351406766309,False,0.15620228912692335,Tier 1 only
RPA2674,1,-0.7124123939092286,0.7124123939092286,0.44855980949082286,0.44855980949082286,3.0076206587466363e-05,True,0.00010525754109810163,Other
RPA2675,19,0.8535055876184001,0.8535055876184001,-0.08027157824593179,0.08027157824593179,0.4790605073718123,False,0.552899541447766,Other
RPA2681,10,-0.27561021057900165,0.27561021057900165,-0.0508965675630979,0.0508965675630979,0.6538942491654436,False,0.7105217207140017,Other
RPA2682,4,0.5246917013839183,0.5246917013839183,0.08876696556511923,0.08876696556511923,0.43362262141968844,False,0.5096438025166844,Other
RPA2683,2,-0.21002080895379227,0.21002080895379227,0.3541734729010119,0.3541734729010119,0.0012680076658680966,True,0.003018833635278276,Other
RPA2684,16,0.9121320815010074,0.9121320815010074,-0.40504161568055774,0.40504161568055774,0.0001938903594076463,False,0.0005661232663836466,Other
RPA2685,15,0.6656894117898619,0.6656894117898619,0.026766073076090524,0.026766073076090524,0.8136830155416038,False,0.8441393071847811,Other
RPA2687,2,-0.9153850386325562,0.9153850386325562,0.7162837067456462,0.7162837067456462,8.051283401250977e-14,True,2.166845402336676e-12,Other
RPA2688,9,0.28758977003370545,0.28758977003370545,0.04712034304512109,0.04712034304512109,0.6781018399593801,True,0.7300563671519243,Other
RPA2689,8,0.7857463754993848,0.7857463754993848,0.38580949333394865,0.38580949333394865,0.00040876788549101,False,0.0011065334742810576,Other
RPA2691,4,0.8019207866346241,0.8019207866346241,0.24452822308849054,0.24452822308849054,0.028815141936397826,False,0.0484689479854083,Other
RPA2692,2,-0.9076527062665576,0.9076527062665576,0.7340651805910132,0.7340651805910132,9.419320614499238e-15,True,3.6440996627343926e-13,Other
RPA2693,5,0.6745029591704949,0.6745029591704949,-0.21035155025134025,0.21035155025134025,0.061089986494303,False,0.09509145424972394,Other
RPA2694,4,0.8178402861317197,0.8178402861317197,0.16137765654226413,0.16137765654226413,0.15269382551050265,False,0.2060700828292176,Other
RPA2695,10,-0.5589422297566061,0.5589422297566061,0.21962393644709952,0.21962393644709952,0.05029693968730027,False,0.07922087955836862,Other
RPA2697,2,-0.8620696215380412,0.8620696215380412,0.7760704662751781,0.7760704662751781,2.782115981474749e-17,True,2.5831946887993044e-15,Other
RPA2701,12,0.7247490607874696,0.7247490607874696,-0.35836117997537004,0.35836117997537004,0.0010986621849244282,False,0.0026880311955265654,Other
RPA2702,4,0.33803747297177067,0.33803747297177067,-0.006849742892358568,0.006849742892358568,0.9519147746935227,False,0.9628026887831544,Other
RPA2703,17,-0.7627429182672397,0.7627429182672397,-0.10970169725335038,0.10970169725335038,0.33270151044477025,False,0.4072687573473555,Other
RPA2712,7,-0.6918172007805558,0.6918172007805558,-0.2536794289754971,0.2536794289754971,0.023174452923853776,True,0.039773529648425565,Other
RPA2714,2,-0.6124492836384405,0.6124492836384405,0.5104847021094971,0.5104847021094971,1.3142636422288786e-06,True,6.241911978565287e-06,Other
RPA2715,10,-0.6849464896721857,0.6849464896721857,0.4761749789368638,0.4761749789368638,8.025536379223918e-06,False,3.211944193150607e-05,Other
RPA2716,9,0.4491109217414793,0.4491109217414793,-0.1538800147737442,0.1538800147737442,0.17294068933607565,True,0.2308776851884202,Other
RPA2717,22,-0.45247826950963366,0.45247826950963366,-0.4096412104622611,0.4096412104622611,0.00016111500945215746,False,0.0004794720713984878,Other
RPA2720,5,0.8108698835618884,0.8108698835618884,-0.22279200672045602,0.22279200672045602,0.046989790056534815,False,0.07439048604858069,Other
RPA2724,7,-0.8104688750389564,0.8104688750389564,-0.767944433274079,0.767944433274079,9.437013857634108e-17,True,7.246857521324018e-15,Other
RPA2725,1,-0.432408960796158,0.432408960796158,0.23705415211817008,0.23705415211817008,0.0342441460922513,True,0.05647547006510717,Other
RPA2726,6,-0.531068302242199,0.531068302242199,-0.07479452863453655,0.07479452863453655,0.509652864162431,False,0.5816996734785707,Other
RPA2727,5,0.8592762040524689,0.8592762040524689,-0.1549667893169187,0.1549667893169187,0.1698898231490956,False,0.22745883315635942,Other
RPA2728,12,0.9045770707522497,0.9045770707522497,-0.38709161902338224,0.38709161902338224,0.0003894833972282347,False,0.0010636333362541645,Other
RPA2729,2,-0.8817492230855118,0.8817492230855118,0.7191445974793974,0.7191445974793974,5.764544631083433e-14,True,1.6726186531128024e-12,Other
RPA2731,9,0.7336940014655076,0.7336940014655076,-0.4993646378528077,0.4993646378528077,2.4140398611584207e-06,True,1.0698978573200924e-05,Other
RPA2732,10,-0.7200747875177572,0.7200747875177572,0.2337639498995882,0.2337639498995882,0.03689257353727808,False,0.06025462538146473,Other
RPA2735,7,-0.6773432991719166,0.6773432991719166,-0.5531428293406444,0.5531428293406444,1.0325870922146983e-07,True,6.185529774976434e-07,Other
RPA2737,12,0.8031623019831154,0.8031623019831154,-0.2807984380169992,0.2807984380169992,0.01163612586997041,False,0.021651588918371798,Other
RPA2738,16,0.7004405686155872,0.7004405686155872,-0.26398097153000283,0.26398097153000283,0.017976924610873104,False,0.031854149811442134,Other
RPA2739,1,-0.5179998734953164,0.5179998734953164,0.062403335162324006,0.062403335162324006,0.5823850117143513,True,0.644126841425581,Other
RPA2740,7,-0.9168535584900923,0.9168535584900923,-0.5340475152328036,0.5340475152328036,3.367136710198821e-07,True,1.8166394731685304e-06,Other
RPA2741,1,-0.7309663506858315,0.7309663506858315,0.4827588540592329,0.4827588540592329,5.757006819925942e-06,True,2.365212757655415e-05,Other
RPA2742,13,-0.5874869580099995,0.5874869580099995,0.3219770965828347,0.3219770965828347,0.0035853474168105032,True,0.007523152715273564,Other
RPA2748,2,-0.6403147516782575,0.6403147516782575,0.4599187950434607,0.4599187950434607,1.770960338863646e-05,True,6.512224453999586e-05,Other
RPA2749,16,0.5131297210687142,0.5131297210687142,-0.04631949473533199,0.04631949473533199,0.6832789003431143,False,0.7322655466534114,Other
RPA2755,3,-0.962224542006192,0.962224542006192,-0.7019097255164319,0.7019097255164319,4.0633402284198216e-13,True,8.478227869860234e-12,WGCNA Hub only
RPA2763,8,0.6404840153685518,0.6404840153685518,0.028050940571848627,0.028050940571848627,0.8049120109252323,False,0.8373790500213761,Other
RPA2764,12,0.7343531543137274,0.7343531543137274,-0.14217163602103527,0.14217163602103527,0.2083882388480505,False,0.2709922685860153,Other
RPA2765,4,0.4654945881200428,0.4654945881200428,0.305955863133663,0.305955863133663,0.005780108198969355,False,0.011529173926408261,Other
RPA2766,11,0.5546524806173463,0.5546524806173463,0.33817526150537397,0.33817526150537397,0.0021545286027180115,False,0.004820433271382346,Other
RPA2767,6,-0.9201858194686034,0.9201858194686034,0.2601524600803437,0.2601524600803437,0.019777865785299813,False,0.03464858185217146,Other
RPA2768,2,-0.19050918007614526,0.19050918007614526,0.3755974303111223,0.3755974303111223,0.0005965294431429414,True,0.0015571746706778597,Other
RPA2770,13,-0.8296957586021728,0.8296957586021728,0.44184726353392895,0.44184726353392895,4.077169350270054e-05,True,0.00013593004458620269,Other
RPA2772,3,-0.883355325636618,0.883355325636618,-0.5354467388442729,0.5354467388442729,3.0953836472164793e-07,True,1.6856678688800593e-06,Other
RPA2773,5,0.7729478045342061,0.7729478045342061,-0.20311143785828284,0.20311143785828284,0.07076578577681748,False,0.10771480671110661,Other
RPA2775,4,0.5686676975549083,0.5686676975549083,0.05461593808001954,0.05461593808001954,0.6303950179903175,False,0.6874007917839222,Other
RPA2777,12,0.35754099830562225,0.35754099830562225,0.08798851149258323,0.08798851149258323,0.4376816472793508,False,0.513439557168512,Other
RPA2778,5,0.707399960117669,0.707399960117669,-0.26119874728407466,0.26119874728407466,0.019270977670862798,False,0.03382439086464292,Other
RPA2779,5,0.45381148610298,0.45381148610298,-0.4717697963547819,0.4717697963547819,9.985203932937913e-06,False,3.8791890593024486e-05,Other
RPA2782,8,0.5905058374897297,0.5905058374897297,0.007006594764307136,0.007006594764307136,0.9508150273043691,False,0.9622144445254569,Other
RPA2787,12,0.7873456970495016,0.7873456970495016,-0.5905514669009928,0.5905514669009928,8.123819027004213e-09,False,6.1827589889946e-08,Other
RPA2788,9,0.7576482741330605,0.7576482741330605,-0.5060539267985894,0.5060539267985894,1.678860048744495e-06,True,7.736087122874758e-06,Other
RPA2799,17,-0.698155182885416,0.698155182885416,-0.3814224357178161,0.3814224357178161,0.00048155891928771007,False,0.0012922758860076265,Other
RPA2801,1,-0.44219844745688075,0.44219844745688075,0.1657546114025497,0.1657546114025497,0.14172254375427873,True,0.19394160924959145,Other
RPA2803,2,-0.8605158484806883,0.8605158484806883,0.6486640236447225,0.6486640236447225,7.702538014875762e-11,True,9.110581588295725e-10,Other
RPA2805,2,-0.9234522448296087,0.9234522448296087,0.8463672294094486,0.8463672294094486,4.831627282005926e-23,True,8.972331862685005e-20,Other
RPA2807,2,-0.6626354376031696,0.6626354376031696,0.5106785553652177,0.5106785553652177,1.3001577684278782e-06,True,6.1907512204373584e-06,Other
RPA2810,1,-0.3475916811033588,0.3475916811033588,0.2654818292898473,0.2654818292898473,0.017310372056861333,True,0.030944313393655356,Other
RPA2811,6,-0.44292719398513186,0.44292719398513186,-0.07976370006617184,0.07976370006617184,0.48185529019310497,False,0.5557796732227304,Other
RPA2812,11,0.6850800385849667,0.6850800385849667,0.0451167678367914,0.0451167678367914,0.6910813427057642,False,0.7388244406474405,Other
RPA2814,2,-0.8442515283348746,0.8442515283348746,0.6105873543135432,0.6105873543135432,1.813114517553583e-09,True,1.530433481407729e-08,Other
RPA2816,3,-0.7338435647922639,0.7338435647922639,-0.6427172439481948,0.6427172439481948,1.2986599713218974e-10,True,1.4795162986164192e-09,Other
RPA2819,9,0.41862478297740635,0.41862478297740635,-0.40795264393569214,0.40795264393569214,0.00017250207386024878,True,0.0005076645818676418,Other
RPA2822,19,0.8971405391791659,0.8971405391791659,0.1508450871153606,0.1508450871153606,0.18167293516640307,False,0.24063241127247537,Other
RPA2823,2,-0.8296932919233684,0.8296932919233684,0.51486632082076,0.51486632082076,1.0281285348318271e-06,True,5.064282995179583e-06,Other
RPA2825,3,-0.6933279353553705,0.6933279353553705,-0.6209795932994684,0.6209795932994684,7.985888729570435e-10,True,7.579047392132296e-09,Other
RPA2831,13,-0.3781500379352342,0.3781500379352342,0.26951652287344463,0.26951652287344463,0.01562288711666316,True,0.028221499392649306,Other
RPA2832,2,-0.779994621556654,0.779994621556654,0.5698251539611516,0.5698251539611516,3.455114676570901e-08,True,2.2671900898912242e-07,Other
RPA2837,18,0.4334665403584147,0.4334665403584147,-0.2016515430051235,0.2016515430051235,0.07285868747099168,False,0.10999884766961915,Other
RPA2838,8,0.7244590240049544,0.7244590240049544,0.06561163154293924,0.06561163154293924,0.5631049568011908,False,0.6280821118600958,Other
RPA2839,2,-0.8418319079106434,0.8418319079106434,0.5435491957456986,0.5435491957456986,1.8871506244821732e-07,True,1.0749811992832501e-06,Other
RPA2841,8,0.794191477308618,0.794191477308618,0.19629127891708706,0.19629127891708706,0.08097252002608417,False,0.12019661845598585,Other
RPA2844,1,-0.31446936238447243,0.31446936238447243,0.1739213987219907,0.1739213987219907,0.12285455640940066,True,0.17089206835375056,Other
RPA2845,1,-0.6110913053242784,0.6110913053242784,0.46847669040582907,0.46847669040582907,1.1733726218150839e-05,True,4.5019689229558074e-05,Other
RPA2849,15,0.8088447681918238,0.8088447681918238,0.20130943359674286,0.20130943359674286,0.07335624865562039,False,0.11064588505193644,Other
RPA2850,11,0.7951053933402614,0.7951053933402614,0.35599224149310554,0.35599224149310554,0.0011917515644625865,False,0.002862978855377779,Other
RPA2851,4,0.5422193282591343,0.5422193282591343,-0.053966328965729955,0.053966328965729955,0.6344738108841916,False,0.6910368720304656,Other
RPA2852,4,0.6663060456252321,0.6663060456252321,0.04656026066814328,0.04656026066814328,0.6817209265132002,False,0.7321605329584052,Other
RPA2853,11,0.780723188829955,0.780723188829955,-0.24919151445494148,0.24919151445494148,0.02581072881630736,False,0.043852262956891826,Other
RPA2854,16,0.6883280723124354,0.6883280723124354,-0.3563004444580121,0.3563004444580121,0.0011792491119760255,False,0.0028366134727195328,Other
RPA2855,4,0.392728526187198,0.392728526187198,-0.02983185430329358,0.02983185430329358,0.7927947270985578,False,0.8270897799000123,Other
RPA2856,1,-0.8704470307921581,0.8704470307921581,0.3891097607285126,0.3891097607285126,0.0003608110990066368,True,0.0009926314234893698,Other
RPA2862,15,0.32824304900467716,0.32824304900467716,-0.25026567449517995,0.25026567449517995,0.02515764800276742,False,0.04286032324875147,Other
RPA2863,1,-0.6285483155417444,0.6285483155417444,0.2365400708607098,0.2365400708607098,0.034647132391422204,True,0.056988241674819334,Other
RPA2864,13,-0.822877990363343,0.822877990363343,0.641220680156233,0.641220680156233,1.4784687089207609e-10,True,1.6639493287671836e-09,Other
RPA2865,2,-0.9088591365824589,0.9088591365824589,0.8144471241702866,0.8144471241702866,4.0012162915644396e-20,True,1.857564663358791e-17,Other
RPA2866,4,0.89777377026295,0.89777377026295,0.15260442508894498,0.15260442508894498,0.17657262311858682,False,0.23521905389613754,Other
RPA2867,1,-0.7144907406122836,0.7144907406122836,0.47079715126954064,0.47079715126954064,1.047443575537963e-05,True,4.035482821107878e-05,Other
RPA2869,8,0.6748885340330004,0.6748885340330004,-0.11830750485724036,0.11830750485724036,0.29593219395737497,False,0.3683284746507006,Other
RPA2872,2,-0.3693921188897694,0.3693921188897694,0.28496483243592863,0.28496483243592863,0.010405745727282138,True,0.01959783956953644,Other
RPA2873,1,-0.8537032958291636,0.8537032958291636,0.606232731977047,0.606232731977047,2.534188192394668e-09,True,2.1146987250445457e-08,Other
RPA2874,4,0.8512890841328798,0.8512890841328798,-0.09664457121025805,0.09664457121025805,0.3937649933421009,False,0.46813162140607006,Other
RPA2875,12,0.6523641798664965,0.6523641798664965,0.0731567654583731,0.0731567654583731,0.5189915189042116,False,0.5898208388036236,Other
RPA2879,5,0.4186351101296632,0.4186351101296632,0.04624467754405462,0.04624467754405462,0.6837633052757218,False,0.7322655466534114,Other
RPA2883,20,0.7445039800647625,0.7445039800647625,-0.37525811157457645,0.37525811157457645,0.0006039422512424073,False,0.0015729603934882895,Other
RPA2886,6,-0.6586974323713953,0.6586974323713953,-0.024035634976395673,0.024035634976395673,0.8323970164677046,False,0.8597114903117504,Other
RPA2887,2,-0.3162710514347816,0.3162710514347816,0.3469711710551628,0.3469711710551628,0.0016152851211084286,True,0.0037123570172009302,Other
RPA2889,18,0.8480886507316672,0.8480886507316672,0.022825062023022372,0.022825062023022372,0.8407246582221423,False,0.8665134453593462,Other
RPA2890,2,-0.6337555394257297,0.6337555394257297,0.5108606809763097,0.5108606809763097,1.2870354323020802e-06,True,6.144022616413787e-06,Other
RPA2895,17,-0.6280727416751949,0.6280727416751949,-0.2022799731743673,0.2022799731743673,0.07195176261114465,False,0.10907299850522092,Other
RPA2898,4,0.8817874205739794,0.8817874205739794,0.3073175860158974,0.3073175860158974,0.00555566864339158,False,0.011117323998683367,Other
RPA2901,3,-0.8771440745113448,0.8771440745113448,-0.5334154459236202,0.5334154459236202,3.4971621156483196e-07,True,1.8769451007973785e-06,Other
RPA2902,14,0.46303304330450534,0.46303304330450534,-0.19791658099495602,0.19791658099495602,0.0784397123199435,False,0.11671678347606977,Other
RPA2903,12,0.5838007785636111,0.5838007785636111,-0.24010847449716313,0.24010847449716313,0.031930038591995474,False,0.05317854857877632,Other
RPA2905,6,-0.9046481560729835,0.9046481560729835,0.12383777348426418,0.12383777348426418,0.2737685080294842,False,0.34443639526473724,Other
RPA2906,14,0.5312597878404026,0.5312597878404026,-0.4784185457576185,0.4784185457576185,7.17205756836027e-06,False,2.9079718131976032e-05,Other
RPA2907,21,0.6138573923357795,0.6138573923357795,-0.3140900818886988,0.3140900818886988,0.004550074707428636,False,0.009326146502974588,Other
RPA2908,13,-0.746133638727144,0.746133638727144,0.5719489854638214,0.5719489854638214,2.9924514454708034e-08,True,2.0061308065845784e-07,Other
RPA2910,2,-0.20264905473851202,0.20264905473851202,0.19008400754825264,0.19008400754825264,0.09125003120572825,True,0.13228049020221497,Other
RPA2913,1,-0.7947461201750132,0.7947461201750132,0.5199594324493862,0.5199594324493862,7.695052396503013e-07,True,3.872550758890541e-06,Other
RPA2914,6,-0.8409980783907923,0.8409980783907923,0.2957517796856533,0.2957517796856533,0.00773281470578174,False,0.014942598239996557,Other
RPA2916,3,-0.840405989259901,0.840405989259901,-0.7321682130547441,0.7321682130547441,1.193835536334227e-14,True,4.524393042801346e-13,Other
RPA2919,1,-0.857027995045092,0.857027995045092,0.5297826390912079,0.5297826390912079,4.3415427887808466e-07,True,2.2937588325681017e-06,Other
RPA2921,14,0.9132521504483102,0.9132521504483102,-0.22501599388794505,0.22501599388794505,0.04477702713813828,False,0.07155846763814354,Other
RPA2922,4,0.8267685819925161,0.8267685819925161,0.1743888687017509,0.1743888687017509,0.1218358246532229,False,0.16960204376389423,Other
RPA2923,5,0.13522202395300828,0.13522202395300828,-0.07177507458721111,0.07177507458721111,0.5269368683440657,False,0.596296017376557,Other
RPA2926,12,0.6744326510171264,0.6744326510171264,-0.4172795142397614,0.4172795142397614,0.00011775902983177438,False,0.0003650726517489232,Other
RPA2928,6,-0.9109885711853938,0.9109885711853938,0.03162755539794077,0.03162755539794077,0.7806263185782925,False,0.817898520581774,Other
RPA2930,2,-0.6984121224492326,0.6984121224492326,0.6179918632570935,0.6179918632570935,1.0139966125679646e-09,True,9.23035151734662e-09,Other
RPA2931,21,0.7597202154890537,0.7597202154890537,-0.04617971013122559,0.04617971013122559,0.684184041249218,False,0.7322938124494511,Other
RPA2934,1,-0.5109905059401411,0.5109905059401411,0.31731452367894586,0.31731452367894586,0.004130830292797012,True,0.008532760682674138,Other
RPA2936,4,0.6372327596011421,0.6372327596011421,-0.048326551148487745,0.048326551148487745,0.6703324544523521,False,0.7241462291553333,Other
RPA2942,5,0.725193563976217,0.725193563976217,0.17235136909303156,0.17235136909303156,0.12632382936870157,False,0.17506220234155134,Other
RPA2945,2,-0.4487873506304374,0.4487873506304374,0.2615784252248414,0.2615784252248414,0.019089810970769623,True,0.033622263762059686,Other
RPA2947,13,-0.8089783908225965,0.8089783908225965,0.41678364765522985,0.41678364765522985,0.0001202075260685424,True,0.00037142325442476415,Other
RPA2948,1,-0.3722790538424975,0.3722790538424975,0.1916180790860104,0.1916180790860104,0.08861908456780315,True,0.12907109022934152,Other
RPA2950,2,-0.9629273324260028,0.9629273324260028,0.7235436562554116,0.7235436562554116,3.4208170742491656e-14,True,1.0766876791323221e-12,WGCNA Hub only
RPA2953,8,0.6351961980977203,0.6351961980977203,0.24898547937203575,0.24898547937203575,0.025937625877388112,False,0.04398737100850203,Other
RPA2959,1,-0.7277499192982442,0.7277499192982442,0.5294000301426065,0.5294000301426065,4.4409198166978695e-07,True,2.336200594789786e-06,Other
RPA2960,18,0.8225009979439653,0.8225009979439653,-0.10061728666269422,0.10061728666269422,0.37451870954252775,False,0.44898724572012527,Other
RPA2961,5,0.8396241857657312,0.8396241857657312,-0.24763730829129424,0.24763730829129424,0.026781086866184176,False,0.045170280027705734,Other
RPA2962,11,0.8182442973894368,0.8182442973894368,0.45192093290281676,0.45192093290281676,2.576384956368354e-05,False,9.200667046107757e-05,Other
RPA2963,2,-0.7707168496788426,0.7707168496788426,0.7087682522006993,0.7087682522006993,1.8998754451487004e-13,True,4.410085877051421e-12,Other
RPA2966,1,-0.8085096525408011,0.8085096525408011,0.7073409475700819,0.7073409475700819,2.2295254363374326e-13,True,5.0490594332666e-12,Other
RPA2967,9,0.7434499315993717,0.7434499315993717,-0.6199659166547437,0.6199659166547437,8.662310044637051e-10,True,8.124196844894447e-09,Other
RPA2969,3,-0.8843333262559347,0.8843333262559347,-0.6650715088822856,0.6650715088822856,1.7141411195092995e-11,True,2.5064252432509993e-10,Other
RPA2971,5,0.7905619103331589,0.7905619103331589,-0.12164814524765652,0.12164814524765652,0.28240704913299913,False,0.35458410428666626,Other
RPA2973,22,-0.743925200698131,0.743925200698131,-0.011642169507008387,0.011642169507008387,0.9183635301525521,False,0.9343761380315025,Other
RPA2974,2,-0.6836625697120629,0.6836625697120629,0.5183976158917232,0.5183976158917232,8.414282244421343e-07,True,4.213266772905457e-06,Other
RPA2977,1,-0.7529018001899417,0.7529018001899417,0.31353919173670985,0.31353919173670985,0.004625364216349802,True,0.009459582984318923,Other
RPA2983,19,0.5224624312349426,0.5224624312349426,-0.06434074046009702,0.06434074046009702,0.5707061162001081,False,0.6342055842110693,Other
RPA2986,5,0.5204711162937519,0.5204711162937519,0.07389426220339673,0.07389426220339673,0.5147755558232483,False,0.5861055837913992,Other
RPA3001,18,0.7506437986114766,0.7506437986114766,0.07245153091729849,0.07245153091729849,0.523039343691224,False,0.5926077249753526,Other
RPA3009,3,-0.7150420556942636,0.7150420556942636,-0.4222689532783946,0.4222689532783946,9.55626269863721e-05,True,0.0003007793191757508,Other
RPA3011,7,-0.8761179983185694,0.8761179983185694,-0.7414711174901278,0.7414711174901278,3.661465279762981e-15,True,1.699835256129964e-13,Other
RPA3015,3,-0.6244434592462584,0.6244434592462584,-0.3255993877558338,0.3255993877558338,0.003206921970792467,True,0.0068047214575577275,Other
RPA3018,7,-0.9032774696698469,0.9032774696698469,-0.6327879992133689,0.6327879992133689,3.0302202487936654e-10,True,3.233976437936688e-09,Other
RPA3023,3,-0.938293634768942,0.938293634768942,-0.7313974985510094,0.7313974985510094,1.3137512495241617e-14,True,4.879272140732736e-13,Other
RPA3024,1,-0.685389282509084,0.685389282509084,0.5582435236182866,0.5582435236182866,7.435550936792222e-08,True,4.633496003229247e-07,Other
RPA3030,15,0.6398065819550789,0.6398065819550789,0.15903400377601892,0.15903400377601892,0.1588229185315966,False,0.2137204055892572,Other
RPA3031,7,-0.8145828860080387,0.8145828860080387,-0.5809336764754106,0.5809336764754106,1.6104566235808267e-08,True,1.1591542441820136e-07,Other
RPA3032,5,0.7829314672074744,0.7829314672074744,-0.20338730131801755,0.20338730131801755,0.07037579343840135,False,0.10729708408465624,Other
RPA3033,1,-0.7619949538194772,0.7619949538194772,0.5113878838165584,0.5113878838165584,1.2497503654677986e-06,True,6.012400074284202e-06,Tier 1 only
RPA3034,19,0.8603237794885423,0.8603237794885423,-0.022806956600639798,0.022806956600639798,0.8408493422388486,False,0.8665134453593462,Other
RPA3038,1,-0.4317545109161075,0.4317545109161075,0.011019033085853336,0.011019033085853336,0.92271924239755,True,0.9373575673589991,Other
RPA3039,14,0.48898187790883557,0.48898187790883557,-0.3760938698114745,0.3760938698114745,0.0005858336891544079,False,0.0015365722609600784,Other
RPA3040,5,0.8089134608184444,0.8089134608184444,-0.10154499656817825,0.10154499656817825,0.3701078792095758,False,0.44398600238513064,Other
RPA3043,14,0.6575805554529703,0.6575805554529703,-0.4611965794647614,0.4611965794647614,1.666553622333145e-05,False,6.226941804170323e-05,Other
RPA3045,4,0.7172922281097178,0.7172922281097178,-0.02025377598329873,0.02025377598329873,0.8584697669156615,False,0.8822237726410533,Other
RPA3051,2,-0.5396232872133102,0.5396232872133102,0.35514015072248073,0.35514015072248073,0.0012269445448670135,True,0.002928581002336818,Other
RPA3053,2,-0.9372319813732242,0.9372319813732242,0.8014749036062208,0.8014749036062208,4.2848888510589668e-19,True,9.946298245520627e-17,Other
RPA3054,9,0.5828224868782621,0.5828224868782621,-0.41241896966323016,0.41241896966323016,0.00014388101843112265,True,0.0004351580638869621,Other
RPA3056,13,-0.8250607964130878,0.8250607964130878,0.5440653556483063,0.5440653556483063,1.8277802236843177e-07,True,1.0443655001174702e-06,Other
RPA3057,6,-0.7416306722436807,0.7416306722436807,0.03226465654427832,0.03226465654427832,0.7763215252141036,False,0.8144797018771697,Other
RPA3058,2,-0.5946223491177337,0.5946223491177337,0.445511612141257,0.445511612141257,3.4559718566592064e-05,True,0.00011840848224753037,Other
RPA3059,1,-0.6917495769887083,0.6917495769887083,0.5030243294443528,0.5030243294443528,1.980910498858481e-06,True,9.016055873480882e-06,Other
RPA3060,4,0.8504050904220746,0.8504050904220746,0.22745433003335386,0.22745433003335386,0.042450760453494225,False,0.06839865718325619,Other
RPA3064,2,-0.7073479754320748,0.7073479754320748,0.4545249493467206,0.4545249493467206,2.2827092430888203e-05,True,8.231050610516387e-05,Other
RPA3065,16,0.9035134920297944,0.9035134920297944,-0.5239061206016672,0.5239061206016672,6.127497231131803e-07,False,3.143304518843027e-06,Other
RPA3067,1,-0.7875532770373461,0.7875532770373461,0.5548140110888475,0.5548140110888475,9.278193407556678e-08,True,5.667633275602878e-07,Other
RPA3069,2,-0.7025094282176381,0.7025094282176381,0.4802859250218078,0.4802859250218078,6.5273659912317935e-06,True,2.6581839135345264e-05,Other
RPA3070,18,0.6736573034120811,0.6736573034120811,-0.15223738346911975,0.15223738346911975,0.17762793964401186,False,0.2362858767327579,Other
RPA3071,4,0.6886079106253081,0.6886079106253081,0.043354584216145374,0.043354584216145374,0.7025712873310512,False,0.7477138399581607,Other
RPA3072,8,0.39852142789897504,0.39852142789897504,-0.17159380616127112,0.17159380616127112,0.12802433299986932,False,0.17702247682856093,Other
RPA3073,2,-0.7128877822398528,0.7128877822398528,0.6262561950100223,0.6262561950100223,5.20541213823801e-10,True,5.197016312208593e-09,Other
RPA3074,7,-0.6208334074624153,0.6208334074624153,-0.3807466294198799,0.3807466294198799,0.0004937709218166772,True,0.001319327484623841,Other
RPA3075,16,0.8818988457515399,0.8818988457515399,-0.5828832315199872,0.5828832315199872,1.4043811713276503e-08,False,1.0187249356075964e-07,Other
RPA3077,5,0.7387006219079824,0.7387006219079824,-0.19412887466035283,0.19412887466035283,0.08444278565435827,False,0.12411331999226013,Other
RPA3080,11,0.4660689592489604,0.4660689592489604,0.28727471071469185,0.28727471071469185,0.009773790263057464,False,0.018539252827883258,Other
RPA3084,1,-0.23156987799498235,0.23156987799498235,0.23616389526054032,0.23616389526054032,0.03494452512791708,True,0.05737575876440496,Other
RPA3088,3,-0.8637136823501059,0.8637136823501059,-0.562487161625979,0.562487161625979,5.634143414476635e-08,True,3.583083671466819e-07,Other
RPA3090,15,0.5613688103290935,0.5613688103290935,0.07550656518329718,0.07550656518329718,0.5056198510604806,False,0.5781626006276555,Other
RPA3091,1,-0.46989355655220605,0.46989355655220605,-0.038954169734796346,0.038954169734796346,0.7315507831329571,True,0.7740682645458127,Other
RPA3092,3,-0.9081719168310276,0.9081719168310276,-0.5788786967018056,0.5788786967018056,1.858695909455609e-08,True,1.2975933473154383e-07,Other
RPA3093,8,0.8006816924190319,0.8006816924190319,0.13617102456826943,0.13617102456826943,0.22843450383543162,False,0.294380897725466,Other
RPA3095,6,-0.8505605779464949,0.8505605779464949,0.1703541013000382,0.1703541013000382,0.13084467650762208,False,0.18025116044113812,Other
RPA3096,1,-0.8227378720710223,0.8227378720710223,0.4300646855390515,0.4300646855390515,6.850105263876326e-05,True,0.000222388906905915,Other
RPA3098,22,-0.7875106513227487,0.7875106513227487,-0.47789196299420933,0.47789196299420933,7.364368665679812e-06,False,2.9729636113407414e-05,Other
RPA3104,9,0.5032197014774906,0.5032197014774906,-0.4546529357284658,0.4546529357284658,2.2691135897733408e-05,True,8.197945401185007e-05,Other
RPA3105,1,-0.20655300534887047,0.20655300534887047,0.18597094427782923,0.18597094427782923,0.09860836038386278,True,0.14206029886177904,Other
RPA3106,2,-0.461799100788416,0.461799100788416,0.2649642817641845,0.2649642817641845,0.017537780703609833,True,0.031193448191345875,Other
RPA3107,6,-0.8155946183744972,0.8155946183744972,0.4144920915898058,0.4144920915898058,0.0001321461160977121,False,0.0004049428013093257,Other
RPA3109,1,-0.6096716763337084,0.6096716763337084,0.32765204721121594,0.32765204721121594,0.0030087004458491324,True,0.006451682133882032,Other
RPA3111,2,-0.8580873646002494,0.8580873646002494,0.7120015718387438,0.7120015718387438,1.317541563725393e-13,True,3.262232911784073e-12,Other
RPA3113,1,-0.6079005226657992,0.6079005226657992,0.4773284433297027,0.4773284433297027,7.575518072880359e-06,True,3.0449647318915205e-05,Other
RPA3114,3,-0.4993834451589603,0.4993834451589603,-0.3313233978013752,0.3313233978013752,0.00268132329822362,True,0.00585101923008374,Other
RPA3116,6,-0.8569222967110521,0.8569222967110521,0.2095825045365799,0.2095825045365799,0.0620637696316196,False,0.09636489983772376,Other
RPA3118,6,-0.3226971609535849,0.3226971609535849,-0.2490034045510714,0.2490034045510714,0.025926564788109216,False,0.04398737100850203,Other
RPA3124,6,-0.9016821152070983,0.9016821152070983,0.13682421753396415,0.13682421753396415,0.22618929982765637,False,0.2920956396244491,Other
RPA3125,2,-0.44905122408946907,0.44905122408946907,0.3113025968413877,0.3113025968413877,0.004942523048971152,True,0.009987231014079901,Other
RPA3127,13,-0.8055509055036105,0.8055509055036105,0.5974778655127388,0.5974778655127388,4.893793723435739e-09,True,3.850752095093291e-08,Other
RPA3130,15,0.8278544920061837,0.8278544920061837,0.10301362084978838,0.10301362084978838,0.36319028123549935,False,0.43731395817992647,Other
RPA3133,1,-0.6294453012268288,0.6294453012268288,0.34780623849507364,0.34780623849507364,0.001571033261055295,True,0.0036196138533246686,Other
RPA3136,20,0.6411584401342887,0.6411584401342887,-0.42673681051819473,0.42673681051819473,7.904102333888599e-05,False,0.0002543833281461201,Other
RPA3138,4,0.43535064688973757,0.43535064688973757,0.2098766567809955,0.2098766567809955,0.06168983051222891,False,0.0958924755945937,Other
RPA3147,11,0.5826923521979281,0.5826923521979281,0.16023804608250244,0.16023804608250244,0.1556517023327025,False,0.20960493925440796,Other
RPA3148,12,0.7538209625780845,0.7538209625780845,-0.1800775717902317,0.1800775717902317,0.10995176626337587,False,0.15574403505041112,Other
RPA3149,22,-0.7455139685204226,0.7455139685204226,-0.12098591184145094,0.12098591184145094,0.28505500307017956,False,0.3574254832554513,Other
RPA3151,2,-0.3544093861579687,0.3544093861579687,0.3272355138150985,0.3272355138150985,0.003048014435197519,True,0.00651342095070402,Other
RPA3157,7,-0.6256360779129346,0.6256360779129346,-0.47292858755978434,0.47292858755978434,9.430283014663445e-06,True,3.702333098991547e-05,Other
RPA3158,2,-0.6389961183690066,0.6389961183690066,0.27230017882062285,0.27230017882062285,0.014543124050336682,True,0.026477040550465902,Other
RPA3159,5,0.814748921758156,0.814748921758156,-0.16151356053403584,0.16151356053403584,0.15234390290596297,False,0.2058971089493255,Other
RPA3163,3,-0.3897083082119456,0.3897083082119456,-0.17595846061238934,0.17595846061238934,0.11846263695150813,True,0.16577627492008334,Other
RPA3164,9,0.5657275845389065,0.5657275845389065,-0.6751519854149418,0.6751519854149418,6.493535011614324e-12,True,1.0485647405711131e-10,Other
RPA3167,1,-0.5464253121672629,0.5464253121672629,0.3218848645131174,0.3218848645131174,0.0035954823160744068,True,0.00753590368053067,Other
RPA3169,1,-0.4998566746686818,0.4998566746686818,0.23649997647930932,0.23649997647930932,0.03467872849602063,True,0.05698973346646931,Other
RPA3173,16,0.7740187282456671,0.7740187282456671,-0.30792960981650047,0.30792960981650047,0.005457331442351461,False,0.010932324151506648,Other
RPA3174,9,0.885193046086715,0.885193046086715,-0.7220729829994832,0.7220729829994832,4.077357219234078e-14,True,1.2412544846094563e-12,Other
RPA3175,6,-0.4604767060812595,0.4604767060812595,-0.04644255310022416,0.04644255310022416,0.682482435407108,False,0.7321605329584052,Other
RPA3176,11,0.49453781765905236,0.49453781765905236,-0.18501442881785307,0.18501442881785307,0.10038441581234987,False,0.14428317350118708,Other
RPA3185,17,-0.7990263212001415,0.7990263212001415,-0.3462774767542774,0.3462774767542774,0.0016528972801907523,False,0.0037941041400670296,Tier 1 only
RPA3186,5,0.6874021369548458,0.6874021369548458,0.11463062652337636,0.11463062652337636,0.31130227934463367,False,0.3846229758769027,Other
RPA3188,10,-0.4077921720420359,0.4077921720420359,0.3118328480501896,0.3118328480501896,0.004865635862798411,False,0.009842577121151034,Other
RPA3190,6,-0.47334828444385196,0.47334828444385196,-0.09106923050224391,0.09106923050224391,0.42174381475846523,False,0.4972560406390285,Other
RPA3191,8,0.6555637273864925,0.6555637273864925,0.09785221817729448,0.09785221817729448,0.3878532261153432,False,0.4622871892786857,Other
RPA3192,17,-0.38964254053148156,0.38964254053148156,-0.2855694422489069,0.2855694422489069,0.010236979506199902,False,0.019338831071224027,Other
RPA3193,8,0.7594946917690398,0.7594946917690398,0.3669278150342936,0.3669278150342936,0.0008144555710087404,False,0.0020466089247134383,Other
RPA3195,11,0.43774283942110126,0.43774283942110126,0.19953398726276678,0.19953398726276678,0.0759823783759107,False,0.11397356756386605,Other
RPA3199,15,0.870704909041951,0.870704909041951,0.10577295213896448,0.10577295213896448,0.3504094512068732,False,0.424297761822112,Other
RPA3203,11,0.7442060168973146,0.7442060168973146,-0.037945498644906206,0.037945498644906206,0.7382485119110204,False,0.7793789008634252,Other
RPA3206,14,0.35211324226496565,0.35211324226496565,-0.047033238362835725,0.047033238362835725,0.6786642092080343,False,0.7300563671519243,Other
RPA3207,2,-0.6834233122043294,0.6834233122043294,0.5814748907763367,0.5814748907763367,1.5505306432546507e-08,True,1.1203639706318623e-07,Other
RPA3215,2,-0.8804033043694647,0.8804033043694647,0.7842282939698256,0.7842282939698256,7.745940305593033e-18,True,1.1064777805758663e-15,Other
RPA3217,9,0.6433251506333121,0.6433251506333121,-0.2796509238774063,0.2796509238774063,0.011996474986636033,True,0.022232988074035044,Other
RPA3218,12,0.7540848121979049,0.7540848121979049,-0.35676534144979033,0.35676534144979033,0.0011606149722039089,False,0.00280633073357117,Other
RPA3221,6,-0.8060719151994948,0.8060719151994948,0.2728465100737112,0.2728465100737112,0.014338954518455566,False,0.026130950481621184,Other
RPA3223,3,-0.3966239158612287,0.3966239158612287,-0.3138342294868512,0.3138342294868512,0.004584905311063663,True,0.009387176585055371,Other
RPA3224,13,-0.43319732323765,0.43319732323765,0.03815616272284217,0.03815616272284217,0.7368480408290944,True,0.7792227653204815,Other
RPA3225,4,0.7598499037114325,0.7598499037114325,0.27794805196691064,0.27794805196691064,0.012549089517811599,False,0.023095797061026897,Other
RPA3226,4,0.8104926328025627,0.8104926328025627,0.017871184669104388,0.017871184669104388,0.8749756740459942,False,0.8972003460537887,Other
RPA3227,8,0.5876968635133637,0.5876968635133637,0.31298330561682713,0.31298330561682713,0.0047024557299248015,False,0.009596110209308084,Other
RPA3229,14,0.4245674429375755,0.4245674429375755,-0.2533867631859024,0.2533867631859024,0.023339090764137867,False,0.04001910577008682,Other
RPA3231,2,-0.826029267983288,0.826029267983288,0.76182011490122,0.76182011490122,2.2940616089520553e-16,True,1.5214544313657023e-14,Other
RPA3232,1,-0.738852263929733,0.738852263929733,0.6724101771143456,0.6724101771143456,8.487300821556954e-12,True,1.3356709852229882e-10,Other
RPA3233,6,-0.8865255195071193,0.8865255195071193,0.1647664439242515,0.1647664439242515,0.14414602093929063,False,0.19638969984171878,Other
RPA3234,5,0.5974369825976358,0.5974369825976358,0.11934305208552076,0.11934305208552076,0.29169489764178913,False,0.36427533619421815,Other
RPA3235,5,0.8163422901219579,0.8163422901219579,0.1524366012028914,0.1524366012028914,0.17705457965231858,False,0.23569201033287138,Other
RPA3236,4,0.8168850936374645,0.8168850936374645,0.3739596846573975,0.3739596846573975,0.000633090674788561,False,0.0016465677634206692,Other
RPA3237,8,0.31919561733674634,0.31919561733674634,0.3319855717638369,0.3319855717638369,0.002625797906604349,False,0.0057365961324285595,Other
RPA3238,1,-0.32143646825289346,0.32143646825289346,0.23238669767761994,0.23238669767761994,0.038050886671090425,True,0.06198289170896046,Other
RPA3239,2,-0.8650416757832128,0.8650416757832128,0.7377800850504963,0.7377800850504963,5.8870592893009e-15,True,2.5423881628445976e-13,Other
RPA3240,6,-0.82195627113517,0.82195627113517,-0.0004955483481328196,0.0004955483481328196,0.9965191916398313,False,0.9965191916398313,Other
RPA3241,8,0.5698331196713009,0.5698331196713009,0.3713953986824964,0.3713953986824964,0.0006944573436295824,False,0.0017787686718898407,Other
RPA3242,1,-0.8926386514772127,0.8926386514772127,0.6247597811843274,0.6247597811843274,5.881940477770169e-10,True,5.809980567669789e-09,Other
RPA3243,6,-0.9014616701945514,0.9014616701945514,0.10509423727964579,0.10509423727964579,0.3535269186911497,False,0.42740852083949543,Other
RPA3244,6,-0.9057787732443882,0.9057787732443882,0.236014263673641,0.236014263673641,0.035063411855072384,False,0.05746933434675148,Other
RPA3245,5,0.7029790332354773,0.7029790332354773,0.005780570069702853,0.005780570069702853,0.959413433521431,False,0.9682236845222866,Other
RPA3246,13,-0.896648706014193,0.896648706014193,0.6293217342555886,0.6293217342555886,4.044427990512001e-10,True,4.219383583359992e-09,Other
RPA3247,6,-0.79684006551987,0.79684006551987,-0.11756079447399329,0.11756079447399329,0.2990125608248661,False,0.3708851386600146,Other
RPA3248,2,-0.8594669549459035,0.8594669549459035,0.6137159784339242,0.6137159784339242,1.4209584263548471e-09,True,1.221629535991181e-08,Other
RPA3249,11,0.7031616542435111,0.7031616542435111,0.06006993795117964,0.06006993795117964,0.5965944405795276,False,0.6571031293927537,Other
RPA3250,1,-0.41226979012424075,0.41226979012424075,0.1827078204597379,0.1827078204597379,0.10477017384006033,True,0.14954512899384478,Other
RPA3251,5,0.7644471506963119,0.7644471506963119,0.12145732044318125,0.12145732044318125,0.2831683831517064,False,0.3552997888599451,Other
RPA3253,6,-0.8166718064008598,0.8166718064008598,0.1787799019840283,0.1787799019840283,0.1125802631373117,False,0.1588613591534862,Other
RPA3254,5,0.7149586560994634,0.7149586560994634,-0.05940874777907541,0.05940874777907541,0.6006487755464403,False,0.6607848200176182,Other
RPA3255,6,-0.8998393951651568,0.8998393951651568,0.14439142440839164,0.14439142440839164,0.20129930574716517,False,0.2628782072942938,Other
RPA3261,1,-0.5157173067678182,0.5157173067678182,0.28750591521638014,0.28750591521638014,0.009712421608668947,True,0.018441683974742572,Other
RPA3265,1,-0.7914062207537713,0.7914062207537713,0.5217805551900212,0.5217805551900212,6.92975830479377e-07,True,3.496891622826639e-06,Other
RPA3266,6,-0.5301450007066286,0.5301450007066286,-0.06805680379650907,0.06805680379650907,0.5486166516999046,False,0.6155777173454519,Other
RPA3268,6,-0.7371222667274294,0.7371222667274294,-0.269196133565438,0.269196133565438,0.015751493640825565,False,0.02837102200874207,Other
RPA3269,2,-0.5335914517957356,0.5335914517957356,0.33636172628106964,0.33636172628106964,0.0022840380763619293,True,0.005067453653290446,Other
RPA3272,4,0.6716124346897178,0.6716124346897178,0.18176394180119515,0.18176394180119515,0.10660729020449392,False,0.15170094858984307,Other
RPA3273,5,0.8182111069858565,0.8182111069858565,-0.030584820085190964,0.030584820085190964,0.7876861119449262,False,0.8226845387411293,Other
RPA3274,4,0.8687127546844473,0.8687127546844473,0.31490214926389704,0.31490214926389704,0.004441075009411006,False,0.00912287200495159,Other
RPA3283,14,0.9469532788716666,0.9469532788716666,-0.29274422501085245,0.29274422501085245,0.008409421576892236,False,0.01614922013266689,Other
RPA3284,8,0.762997198330789,0.762997198330789,0.35781991679403796,0.35781991679403796,0.001119330419256498,False,0.002727817045353434,Other
RPA3285,13,-0.8400476162128873,0.8400476162128873,0.6196112422755667,0.6196112422755667,8.911660730511182e-10,True,8.316057274652898e-09,Other
RPA3286,4,0.8240252154139596,0.8240252154139596,0.3150267787424051,0.3150267787424051,0.004424553609580945,False,0.009098998951264469,Other
RPA3287,4,0.47774353429815664,0.47774353429815664,0.3222942487619643,0.3222942487619643,0.0035506913870580153,False,0.007467309066553493,Other
RPA3288,16,0.4314191433627581,0.4314191433627581,-0.25386157622191263,0.25386157622191263,0.02307248684356441,False,0.0396351601003692,Other
RPA3289,4,0.8669329470562726,0.8669329470562726,0.17464051306637565,0.17464051306637565,0.12129011801657157,False,0.1692229520336389,Other
RPA3293,5,0.5554772461231503,0.5554772461231503,-0.07032085570377714,0.07032085570377714,0.5353645359204867,False,0.6047274593700388,Other
RPA3294,21,0.7308808961995331,0.7308808961995331,-0.33847106940595395,0.33847106940595395,0.002134042019385445,False,0.0047919178113648995,Other
RPA3297,9,0.5078214563169201,0.5078214563169201,-0.4265050361459196,0.4265050361459196,7.982839284124208e-05,True,0.0002563884156435732,Other
RPA3301,4,0.7428487664958829,0.7428487664958829,0.025486491181242167,0.025486491181242167,0.8224407695301513,False,0.8508481944387137,Other
RPA3302,2,-0.8083894273950919,0.8083894273950919,0.6304028156218952,0.6304028156218952,3.697593212481346e-10,True,3.901381020214693e-09,Other
RPA3308,12,0.5984828382440954,0.5984828382440954,-0.40936059153574444,0.40936059153574444,0.0001629580245401198,False,0.0004834074306246046,Other
RPA3309,10,-0.7735959912370346,0.7735959912370346,0.14442099019105006,0.14442099019105006,0.20120606572931335,False,0.2628782072942938,Other
RPA3311,7,-0.3698824133010626,0.3698824133010626,-0.3958527425081161,0.3958527425081161,0.000278467006820954,True,0.0007837605132898967,Other
RPA3313,10,-0.7480815696819392,0.7480815696819392,0.36662737494942604,0.36662737494942604,0.0008231654379640397,False,0.0020633268577541805,Other
RPA3321,20,0.8505353604965284,0.8505353604965284,-0.4102411668908383,0.4102411668908383,0.00015723901845567128,False,0.0004701978377973938,Other
RPA3322,12,0.5428418955504437,0.5428418955504437,-0.3687469010470285,0.3687469010470285,0.0007634861974742239,False,0.0019342344730008646,Other
RPA3328,1,-0.6453868866799113,0.6453868866799113,0.49158341246358916,0.49158341246358916,3.6481600662864257e-06,True,1.571840659650555e-05,Other
RPA3354,1,-0.501497206498373,0.501497206498373,0.1855156994313342,0.1855156994313342,0.09945056493109872,True,0.1430516646607671,Other
RPA3360,3,-0.9249937201826153,0.9249937201826153,-0.6994317986433523,0.6994317986433523,5.319621870580714e-13,True,1.057392780715103e-11,Other
RPA3362,1,-0.49712313801689256,0.49712313801689256,0.5263294616407206,0.5263294616407206,5.320065456891158e-07,True,2.767328166231619e-06,Other
RPA3363,1,-0.843750040124036,0.843750040124036,0.4942922413346298,0.4942922413346298,3.1633274944739233e-06,True,1.3693005028526983e-05,Other
RPA3364,14,0.6881895954058201,0.6881895954058201,-0.2054849934524338,0.2054849934524338,0.06746650666150238,False,0.10371299906490887,Other
RPA3366,1,-0.39377762584147846,0.39377762584147846,0.27677854901275667,0.27677854901275667,0.01294129739546414,True,0.0237940487756207,Other
RPA3372,10,-0.6643717406129483,0.6643717406129483,0.6177289234288963,0.6177289234288963,1.0354085668516218e-09,False,9.379286383626642e-09,Other
RPA3373,11,0.5759071700832255,0.5759071700832255,-0.11981043209813466,0.11981043209813466,0.2897956140139274,False,0.3628796056802853,Other
RPA3377,8,0.5094697242701305,0.5094697242701305,0.3120519514116415,0.3120519514116415,0.004834176608198835,False,0.009800290350900914,Other
RPA3380,5,0.6295196590880666,0.6295196590880666,-0.05574680521404719,0.05574680521404719,0.6233208228114128,False,0.680486048183888,Other
RPA3381,2,-0.787412583950277,0.787412583950277,0.6487642952433256,0.6487642952433256,7.634240781984811e-11,True,9.087682777016535e-10,Other
RPA3388,2,-0.6019727652340586,0.6019727652340586,0.5077337495503702,0.5077337495503702,1.5306544592386675e-06,True,7.1060633270155135e-06,Other
RPA3389,19,0.6050733059607265,0.6050733059607265,-0.28443411790653417,0.28443411790653417,0.010555880805231187,False,0.01980027338920638,Other
RPA3390,5,0.6949456586806669,0.6949456586806669,-0.14831294787313803,0.14831294787313803,0.1892005171394399,False,0.24936915763133083,Other
RPA3391,14,0.7033151941677939,0.7033151941677939,-0.20860172926402237,0.20860172926402237,0.06332388237536898,False,0.09807543750713944,Other
RPA3392,2,-0.8715265029710283,0.8715265029710283,0.7271842609346878,0.7271842609346878,2.2042406238188623e-14,True,7.696033122108261e-13,Other
RPA3396,17,-0.7293638359100666,0.7293638359100666,-0.3987943651078455,0.3987943651078455,0.0002482779324041457,False,0.0007060522518751892,Other
RPA3400,2,-0.8330304887083033,0.8330304887083033,0.6616398725214785,0.6616398725214785,2.3653068147406287e-11,True,3.3787498115179596e-10,Other
RPA3402,8,0.6685776448591951,0.6685776448591951,0.1390193354128622,0.1390193354128622,0.21875737368312048,False,0.2830888104038709,Other
RPA3403,2,-0.5679359941283748,0.5679359941283748,0.554230613007485,0.554230613007485,9.631907856856595e-08,True,5.845246042543365e-07,Other
RPA3409,2,-0.07236215816520465,0.07236215816520465,0.046925510485437194,0.046925510485437194,0.6793599696120085,True,0.7300760784545716,Other
RPA3412,1,-0.7012499488209589,0.7012499488209589,0.2059444520333118,0.2059444520333118,0.06684242215813331,True,0.10283875554900875,Other
RPA3416,13,-0.7225904071752662,0.7225904071752662,0.45287540925755115,0.45287540925755115,2.464875629724071e-05,True,8.836436379145945e-05,Tier 1 only
RPA3422,2,-0.9432179293246862,0.9432179293246862,0.759259596847643,0.759259596847643,3.299780569930648e-16,True,2.1129974201245563e-14,WGCNA Hub only
RPA3423,17,-0.7316999179693673,0.7316999179693673,-0.1957982233008193,0.1957982233008193,0.08175361814561058,False,0.1209692979254174,Other
RPA3425,1,-0.5643453025569515,0.5643453025569515,0.6324580893936116,0.6324580893936116,3.1151227354224104e-10,True,3.3055902398168095e-09,Other
RPA3429,11,0.6740509002523554,0.6740509002523554,0.4169746274813713,0.4169746274813713,0.000119258984324328,False,0.00036910655648379515,Other
RPA3430,2,-0.4295440789555742,0.4295440789555742,0.12979243138935204,0.12979243138935204,0.2511793591818707,True,0.32057736769809886,Other
RPA3432,2,-0.7064497980712379,0.7064497980712379,0.6140921782119433,0.6140921782119433,1.3796727790809248e-09,True,1.1972207246510643e-08,Other
RPA3435,1,-0.3016472393982942,0.3016472393982942,0.08213611842926949,0.08213611842926949,0.4688750334239998,True,0.5443744500230483,Other
RPA3439,14,0.7509653179386255,0.7509653179386255,-0.4549273445732481,0.4549273445732481,2.2402181150969598e-05,False,8.125166093232528e-05,Other
RPA3440,1,-0.242759861181288,0.242759861181288,0.1238609436237168,0.1238609436237168,0.2736780544577974,True,0.34443639526473724,Other
RPA3442,12,0.6865080243312004,0.6865080243312004,-0.46696862533667005,0.46696862533667005,1.262664023331028e-05,False,4.814716819970676e-05,Other
RPA3444,9,0.6635650886250609,0.6635650886250609,-0.3641431990247169,0.3641431990247169,0.0008984946031697171,True,0.0022276428278854,Other
RPA3445,1,-0.5886868785526563,0.5886868785526563,0.356638304688596,0.356638304688596,0.0011656802212527606,True,0.0028149130960551058,Other
RPA3446,5,0.8978234045170851,0.8978234045170851,-0.03115146920377114,0.03115146920377114,0.7838474770841636,False,0.8195972775592859,Other
RPA3447,3,-0.8064298574739344,0.8064298574739344,-0.7804385531091202,0.7804385531091202,1.41248302831853e-17,True,1.639363114742194e-15,Other
RPA3449,5,0.805458206794527,0.805458206794527,-0.04793583091152488,0.04793583091152488,0.672845413026135,False,0.7260162300926977,Other
RPA3450,14,0.8088775703716555,0.8088775703716555,-0.2645615458673012,0.2645615458673012,0.017716513776788987,False,0.0314226992201501,Other
RPA3451,16,0.5340101054550201,0.5340101054550201,-0.11030407524846762,0.11030407524846762,0.33003743007982145,False,0.40455252978511685,Other
RPA3457,20,0.7951162279730597,0.7951162279730597,-0.4525394089667091,0.4525394089667091,2.5036060301839906e-05,False,8.95798920626526e-05,Other
RPA3458,8,0.5730075627666602,0.5730075627666602,0.32384604764680847,0.32384604764680847,0.0033853934366386163,False,0.007143949558906717,Other
RPA3466,12,0.7171469319528759,0.7171469319528759,-0.09351435000970791,0.09351435000970791,0.4093352957148897,False,0.48478038529499373,Other
RPA3470,8,0.6301305446583254,0.6301305446583254,0.3337782559533768,0.3337782559533768,0.002480611184483188,False,0.005445029514876218,Other
RPA3471,2,-0.5285558122595824,0.5285558122595824,0.6106762735022377,0.6106762735022377,1.8006651387665364e-09,True,1.5268653710910767e-08,Other
RPA3472,13,-0.7393893799918814,0.7393893799918814,0.5797995563704188,0.5797995563704188,1.7432607039832772e-08,True,1.2262254270064186e-07,Other
RPA3473,10,-0.5650752471890186,0.5650752471890186,0.14956504869334936,0.14956504869334936,0.18545055095976168,False,0.24493717861470657,Other
RPA3474,8,0.7820927007221555,0.7820927007221555,0.29650550182943836,0.29650550182943836,0.007570937688549461,False,0.014675606772062994,Other
RPA3476,11,0.759196770399537,0.759196770399537,0.1730106294942904,0.1730106294942904,0.12485806919168531,False,0.1731601452494097,Other
RPA3477,2,-0.7913483953980711,0.7913483953980711,0.5755221576677912,0.5755221576677912,2.3441371785401252e-08,True,1.6062962142247277e-07,Other
RPA3479,16,0.7723917304580359,0.7723917304580359,-0.2370647052274508,0.2370647052274508,0.034235914870931264,False,0.05647547006510717,Other
RPA3481,2,-0.7128028974447734,0.7128028974447734,0.6046813219050793,0.6046813219050793,2.8517838178643263e-09,True,2.353672244344024e-08,Other
RPA3482,2,-0.6242478247280935,0.6242478247280935,0.5160929341421945,0.5160929341421945,9.59241536765908e-07,True,4.750164090064777e-06,Other
RPA3485,4,0.45436268648613265,0.45436268648613265,0.08040527819704534,0.08040527819704534,0.4783262209313613,False,0.5523953932024489,Other
RPA3486,3,-0.8640430000767163,0.8640430000767163,-0.5527359123211132,0.5527359123211132,1.0597456570770764e-07,True,6.327806061711032e-07,Other
RPA3488,4,0.4903665383612889,0.4903665383612889,0.154380683026293,0.154380683026293,0.1715302274953193,False,0.2293244294159884,Other
RPA3490,6,-0.891372543312433,0.891372543312433,0.11090779259019674,0.11090779259019674,0.32738105565044473,False,0.4018153472193496,Other
RPA3491,14,0.873122938118204,0.873122938118204,-0.12745300788650785,0.12745300788650785,0.25989695932983203,False,0.32943935390818985,Other
RPA3493,5,0.3505520885738388,0.3505520885738388,-0.12888157620303475,0.12888157620303475,0.2545494654486273,False,0.32354439242854266,Other
RPA3494,9,0.7131564422409814,0.7131564422409814,-0.6008657288019543,0.6008657288019543,3.802489924756881e-09,True,3.0700973001189254e-08,Other
RPA3499,2,-0.5782539793931457,0.5782539793931457,0.4636869783482204,0.4636869783482204,1.479387421577059e-05,True,5.5837854509524365e-05,Other
RPA3501,3,-0.9842950853317631,0.9842950853317631,-0.718799804928792,0.718799804928792,6.0027046749265e-14,True,1.6889428153543195e-12,WGCNA Hub only
RPA3502,19,0.6729837976382045,0.6729837976382045,-0.050444176657391676,0.050444176657391676,0.6567761754036654,False,0.7128190284772686,Other
RPA3506,1,-0.7727169097006833,0.7727169097006833,0.6175224227505092,0.6175224227505092,1.0525267587539102e-09,True,9.488068888378696e-09,Other
RPA3507,15,0.5528200923857505,0.5528200923857505,0.19086186400602972,0.19086186400602972,0.08990840785247566,False,0.13074386325923829,Other
RPA3510,13,-0.8358161825404765,0.8358161825404765,0.5092053507352339,0.5092053507352339,1.4110381942051924e-06,True,6.5836631322589005e-06,Other
RPA3511,13,-0.3738887157277271,0.3738887157277271,-0.08172201714741348,0.08172201714741348,0.47112695300444357,True,0.5457561516255658,Other
RPA3515,4,0.3948788865481523,0.3948788865481523,-0.08154404360035179,0.08154404360035179,0.4720965836390614,False,0.5462201593879982,Other
RPA3517,9,0.6583334217727328,0.6583334217727328,-0.6371495451322382,0.6371495451322382,2.09636181141001e-10,True,2.303517090999047e-09,Other
RPA3519,11,0.33920491810037356,0.33920491810037356,-0.07916333450371046,0.07916333450371046,0.4851702018491103,False,0.5585623464561673,Other
RPA3520,1,-0.623385381166355,0.623385381166355,0.23760704841771935,0.23760704841771935,0.03381512415763181,True,0.055916906109280747,Other
RPA3522,4,0.6969987091717404,0.6969987091717404,0.06620580395955167,0.06620580395955167,0.5595677353941102,False,0.6255974019427228,Other
RPA3523,20,0.6507460035853591,0.6507460035853591,-0.23929678390958803,0.23929678390958803,0.03253180470987945,False,0.053987096824169925,Other
RPA3525,6,-0.8237288300276883,0.8237288300276883,0.2760758089076769,0.2760758089076769,0.013182048839437395,False,0.024188799105568422,Other
RPA3528,14,0.6237026283287173,0.6237026283287173,-0.19047610821025723,0.19047610821025723,0.09057178851104462,False,0.1315025889484049,Other
RPA3529,7,-0.15528084746693266,0.15528084746693266,-0.13161279459960892,0.13161279459960892,0.24453593370420296,True,0.31295880695293243,Other
RPA3530,15,0.4679915241436909,0.4679915241436909,0.04255297028745861,0.04255297028745861,0.7078203646088239,False,0.7519579045072002,Other
RPA3532,4,0.711022325254944,0.711022325254944,-0.10630155093102558,0.10630155093102558,0.3479933771641751,False,0.4220925547967819,Other
RPA3534,6,-0.8995936726822916,0.8995936726822916,0.13580366210587602,0.13580366210587602,0.22970404553926227,False,0.29560666151518367,Other
RPA3538,12,0.6030461388477721,0.6030461388477721,-0.35336506955433367,0.35336506955433367,0.0013032982750355252,False,0.003083089040434357,Other
RPA3540,7,-0.8722862316809429,0.8722862316809429,-0.558659184585549,0.558659184585549,7.237455436660581e-08,True,4.5405252519860463e-07,Other
RPA3541,1,-0.49024216316884317,0.49024216316884317,0.3867363723897107,0.3867363723897107,0.00039474143018783516,True,0.0010764094506003081,Other
RPA3543,11,0.8728550392017055,0.8728550392017055,0.0979995908148566,0.0979995908148566,0.3871354458194397,False,0.4620247576392671,Other
RPA3546,11,0.45370945561657877,0.45370945561657877,0.20652130849204647,0.20652130849204647,0.06606548399024623,False,0.10187397966541009,Other
RPA3548,2,-0.8621266904696168,0.8621266904696168,0.7576357852957576,0.7576357852957576,4.145686912180335e-16,True,2.5661801986396275e-14,Other
RPA3549,8,0.5917889518997541,0.5917889518997541,-0.020897674818721262,0.020897674818721262,0.8540191087376445,False,0.8781359274229268,Other
RPA3554,1,-0.7069668128254722,0.7069668128254722,0.6586074992705518,0.6586074992705518,3.132963052967958e-11,True,4.277876756883455e-10,Other
RPA3555,11,0.7134907593075397,0.7134907593075397,0.018606744927219504,0.018606744927219504,0.8698738896630975,False,0.8924617751957857,Other
RPA3557,2,-0.9088508514106389,0.9088508514106389,0.7010198414427515,0.7010198414427515,4.4775160185641943e-13,True,9.238608051637454e-12,Other
RPA3561,3,-0.7026045021860765,0.7026045021860765,-0.363078143216419,0.363078143216419,0.000932668216592515,True,0.0023038895674384638,Other
RPA3562,1,-0.3683542455732101,0.3683542455732101,-0.08103488338222434,0.08103488338222434,0.47487652163268645,True,0.5487527695531417,Other
RPA3564,3,-0.9048857573318094,0.9048857573318094,-0.686237005350643,0.686237005350643,2.1350895810958745e-12,True,3.812366684706768e-11,Other
RPA3567,9,0.8132965805050126,0.8132965805050126,-0.58894900007521,0.58894900007521,9.11905907794584e-09,True,6.855907978844302e-08,Other
RPA3568,10,-0.7658445458759484,0.7658445458759484,0.3038477253948676,0.3038477253948676,0.006143395837504883,False,0.012175331985321844,Other
RPA3574,1,-0.6462084674201956,0.6462084674201956,0.40481361651055564,0.40481361651055564,0.00019566468034060933,True,0.0005686217705673106,Other
RPA3575,12,0.8854118853959705,0.8854118853959705,-0.30551088713812197,0.30551088713812197,0.0058551674361238,False,0.011653854157429686,Other
RPA3576,4,0.817360350331878,0.817360350331878,0.2582776960921008,0.2582776960921008,0.020714699153606995,False,0.03608555002649924,Other
RPA3577,6,-0.8837899903244246,0.8837899903244246,0.24419789840785266,0.24419789840785266,0.02903871943463288,False,0.04878500434937548,Other
RPA3583,20,0.6258053591666488,0.6258053591666488,-0.02262343666341629,0.02262343666341629,0.842113383127423,False,0.867334749011439,Other
RPA3588,13,-0.8016146644963491,0.8016146644963491,0.655979271711224,0.655979271711224,3.986877289307639e-11,True,5.288307947317346e-10,Other
RPA3591,20,0.7538139561144097,0.7538139561144097,-0.28754012122653844,0.28754012122653844,0.009703370958373123,False,0.018441683974742572,Other
RPA3592,18,0.6207425189877062,0.6207425189877062,-0.3242604797652813,0.3242604797652813,0.003342426710258986,False,0.007069346698121796,Other
RPA3593,15,0.7834591266828193,0.7834591266828193,0.38851645275287616,0.38851645275287616,0.00036903277652083026,False,0.0010137483224839968,Other
RPA3594,1,-0.8127921893955633,0.8127921893955633,0.6846543210193701,0.6846543210193701,2.5100675193204158e-12,True,4.397354135262276e-11,Other
RPA3595,17,-0.4747690142698988,0.4747690142698988,-0.1837145204372928,0.1837145204372928,0.10283804677408764,False,0.1471542476991763,Other
RPA3596,14,0.6768929380569177,0.6768929380569177,-0.44443964625979304,0.44443964625979304,3.627908440825778e-05,False,0.0001233887541137998,Other
RPA3600,2,-0.8111580371581542,0.8111580371581542,0.4877180344713196,0.4877180344713196,4.462049118304281e-06,True,1.8746663377129073e-05,Other
RPA3605,16,0.7828131106183196,0.7828131106183196,-0.31978706913553673,0.31978706913553673,0.0038330047137072687,False,0.007979697032908517,Other
RPA3607,1,-0.8098323727316135,0.8098323727316135,0.47225801382188737,0.47225801382188737,9.747780064131353e-06,True,3.8028629367840174e-05,Other
RPA3609,6,-0.7417547632091688,0.7417547632091688,-0.01759208982341954,0.01759208982341954,0.8769127985865721,False,0.8986904343130598,Other
RPA3613,4,0.7739028863238615,0.7739028863238615,-0.12932691282231631,0.12932691282231631,0.25289791425981756,False,0.32188583055550457,Other
RPA3614,2,-0.8759662537644891,0.8759662537644891,0.6364293969239251,0.6364293969239251,2.2287423847228607e-10,True,2.4345732990766774e-09,Other
RPA3615,6,-0.8073466108721281,0.8073466108721281,0.15858570369710173,0.15858570369710173,0.16001582403316056,False,0.215169721382751,Other
RPA3618,4,0.7060719289261481,0.7060719289261481,0.35342500615881556,0.35342500615881556,0.0013006515738383676,False,0.0030807525160941947,Other
RPA3619,1,-0.17124726332935053,0.17124726332935053,0.05400237439759356,0.05400237439759356,0.634247200384715,True,0.6910368720304656,Other
RPA3622,11,0.8241881221672095,0.8241881221672095,0.44633542091483414,0.44633542091483414,3.329027452757461e-05,False,0.00011469395138720974,Other
RPA3624,8,0.8972780936709461,0.8972780936709461,0.22828706000756238,0.22828706000756238,0.04167963655083187,False,0.0673621280025194,Other
RPA3626,10,-0.3086049427772639,0.3086049427772639,0.32824231014717864,0.32824231014717864,0.0029537659496053064,False,0.006355901933275845,Other
RPA3627,5,0.39789278863983846,0.39789278863983846,-0.014268003776710015,0.014268003776710015,0.9000368692612142,False,0.9183343220978433,Other
RPA3628,14,0.8521787181070481,0.8521787181070481,-0.06864442003178392,0.06864442003178392,0.545161966016807,False,0.6128122099837836,Other
RPA3629,2,-0.843424819737929,0.843424819737929,0.6688413923772926,0.6688413923772926,1.1975655811581147e-11,True,1.822851872303786e-10,Other
RPA3635,4,0.8254782504901593,0.8254782504901593,0.348416154866719,0.348416154866719,0.0015394074184451937,False,0.0035511547528605273,Other
RPA3636,4,0.6188852492877057,0.6188852492877057,0.329528864870539,0.329528864870539,0.002837127426467232,False,0.006133347649533934,Other
RPA3637,4,0.835273705050007,0.835273705050007,-0.09072404994659186,0.09072404994659186,0.42351279359575605,False,0.49885073930848794,Other
RPA3639,12,0.5186237501586786,0.5186237501586786,-0.2428799188785492,0.2428799188785492,0.029945412699271902,False,0.05009786611040354,Other
RPA3641,1,-0.5498471431996577,0.5498471431996577,0.2542829229430297,0.2542829229430297,0.022838079959684916,True,0.03937819357951243,Other
RPA3643,13,-0.3184351765883692,0.3184351765883692,0.15481433192055893,0.15481433192055893,0.1703154095659334,True,0.22786434838900455,Other
RPA3644,1,-0.5705170969775977,0.5705170969775977,0.26505773232077645,0.26505773232077645,0.01749652987387524,True,0.031151539765854573,Other
RPA3646,14,0.47545273412846856,0.47545273412846856,-0.18301727386279004,0.18301727386279004,0.1041732649988203,False,0.1488075023867764,Other
RPA3648,10,-0.6075664786955005,0.6075664786955005,0.4247568538983086,0.4247568538983086,8.600557816315079e-05,False,0.00027489218356105166,Other
RPA3651,15,0.7795730959821229,0.7795730959821229,-0.10954699934421695,0.10954699934421695,0.33338786968991807,False,0.4078401014586152,Other
RPA3653,13,-0.2658858373964492,0.2658858373964492,0.20986243583383984,0.20986243583383984,0.061707866631954475,True,0.0958924755945937,Other
RPA3654,12,0.46043217780791657,0.46043217780791657,-0.2012263078261038,0.2012263078261038,0.0734775567396942,False,0.11066327888533017,Other
RPA3657,2,-0.5540969233300839,0.5540969233300839,0.37342714365124974,0.37342714365124974,0.0006454124043700204,True,0.00167536001175133,Other
RPA3659,8,0.8925886871794464,0.8925886871794464,0.4750138174586026,0.4750138174586026,8.50377170218982e-06,False,3.3814783835046036e-05,Other
RPA3660,9,0.5723787228659062,0.5723787228659062,-0.4209900395014512,0.4209900395014512,0.0001008494538173364,True,0.0003158135509929067,Other
RPA3661,13,-0.7832274966621751,0.7832274966621751,0.45844717189824213,0.45844717189824213,1.8987650468796034e-05,True,6.954648307801624e-05,Other
RPA3662,2,-0.700591810872177,0.700591810872177,0.5698735414653304,0.5698735414653304,3.443855303744098e-08,True,2.2671900898912242e-07,Other
RPA3663,1,-0.711851889028448,0.711851889028448,0.44545267555029733,0.44545267555029733,3.4652242626364285e-05,True,0.00011850684080508007,Other
RPA3669,1,-0.4045737852425001,0.4045737852425001,0.1275946213390029,0.1275946213390029,0.25936348498564993,True,0.32898769919286336,Other
RPA3671,2,-0.8543702862932292,0.8543702862932292,0.6342808017186721,0.6342808017186721,2.6729609375658016e-10,True,2.885865384337031e-09,Other
RPA3679,10,-0.7619744202358327,0.7619744202358327,0.31959817299216087,0.31959817299216087,0.003855063508776198,False,0.008007665476283446,Other
RPA3680,20,0.8692705965291502,0.8692705965291502,-0.28356698576302364,0.28356698576302364,0.010805252419890117,False,0.020227171112637044,Other
RPA3685,14,0.5392817046070384,0.5392817046070384,-0.3860451561960744,0.3860451561960744,0.0004051589726349242,False,0.0010983652732599331,Other
RPA3687,14,0.857601825720149,0.857601825720149,-0.049467705088462835,0.049467705088462835,0.663013770650757,False,0.717910537666738,Other
RPA3691,6,-0.5364657110846418,0.5364657110846418,-0.10249081686689851,0.10249081686689851,0.36564367301039413,False,0.4391981246961849,Other
RPA3693,2,-0.9618933525141128,0.9618933525141128,0.7030165248831344,0.7030165248831344,3.59946182863181e-13,True,7.77232629740613e-12,WGCNA Hub only
RPA3694,2,-0.6230656211493052,0.6230656211493052,0.29959723453433157,0.29959723453433157,0.0069376791563038175,True,0.013575627179405891,Other
RPA3696,8,0.42483374078548586,0.42483374078548586,0.3578956291681026,0.3578956291681026,0.0011164182818406412,False,0.002724295334268161,Other
RPA3700,8,0.7442493168812839,0.7442493168812839,0.42268434450908665,0.42268434450908665,9.390145152313447e-05,False,0.0002970613210876673,Other
RPA3701,3,-0.8514170500150211,0.8514170500150211,-0.5605165280951104,0.5605165280951104,6.411910528575332e-08,True,4.036243339513353e-07,Other
RPA3702,22,-0.822045734973675,0.822045734973675,-0.3347074312922731,0.3347074312922731,0.002408228984146968,False,0.0053239062185249045,Other
RPA3706,13,-0.8801637810415346,0.8801637810415346,0.46058925457205707,0.46058925457205707,1.7154389726206573e-05,True,6.35634426771939e-05,Other
RPA3707,3,-0.7430430305437632,0.7430430305437632,-0.6935806430205151,0.6935806430205151,9.942352580327886e-13,True,1.8100930138891064e-11,Other
RPA3708,4,0.6786053299795136,0.6786053299795136,0.22465767618152876,0.22465767618152876,0.0451275982700008,False,0.07205670678193592,Other
RPA3713,2,-0.5145680836498996,0.5145680836498996,0.43208164840120644,0.43208164840120644,6.276390212398068e-05,True,0.00020519818000745092,Other
RPA3714,1,-0.8176620276872938,0.8176620276872938,0.3706178359718359,0.3706178359718359,0.0007141088173043232,True,0.001814090388145182,Other
RPA3715,1,-0.6775479783930595,0.6775479783930595,0.5079882874791579,0.5079882874791579,1.509303571052948e-06,True,7.024503086329134e-06,Other
RPA3717,6,-0.882137034086869,0.882137034086869,0.2439141689986578,0.2439141689986578,0.029231926498833976,False,0.048992497751204594,Other
RPA3724,12,0.8122780082373954,0.8122780082373954,-0.09912042700336013,0.09912042700336013,0.38170244042161733,False,0.456420754580131,Other
RPA3725,12,0.8547618272538933,0.8547618272538933,-0.03805975950059841,0.03805975950059841,0.7374888125588233,False,0.7792227653204815,Other
RPA3726,10,-0.7248293756735946,0.7248293756735946,0.20175367270914582,0.20175367270914582,0.07271067691989182,False,0.1098647087390066,Other
RPA3729,9,0.8101075388216036,0.8101075388216036,-0.6554024864571382,0.6554024864571382,4.202110534764836e-11,True,5.534268980892411e-10,Other
RPA3730,1,-0.7417384036932133,0.7417384036932133,0.3783740506014991,0.3783740506014991,0.0005389200375980403,True,0.0014235768276238418,Other
RPA3732,11,0.6330217186222971,0.6330217186222971,-0.1103019298455093,0.1103019298455093,0.33004689425118583,False,0.40455252978511685,Other
RPA3735,1,-0.6894302586998597,0.6894302586998597,0.3121421797030439,0.3121421797030439,0.004821274013658259,True,0.00979552061637132,Other
RPA3740,21,0.8659568868451732,0.8659568868451732,-0.14425868969359168,0.14425868969359168,0.20171828489862445,False,0.2632402354580081,Other
RPA3741,2,-0.4367606434738379,0.4367606434738379,0.1776372542645478,0.1776372542645478,0.11493473891792245,True,0.16144766276140848,Other
RPA3742,6,-0.8517574461016477,0.8517574461016477,0.013803516725651922,0.013803516725651922,0.9032751705982803,False,0.9201217727926531,Other
RPA3743,14,0.4421119692887915,0.4421119692887915,-0.19843553084067478,0.19843553084067478,0.07764445333428177,False,0.11609158602396236,Other
RPA3744,1,-0.6576725342136834,0.6576725342136834,0.6631009471785231,0.6631009471785231,2.063339050882686e-11,True,2.993453607413397e-10,Other
RPA3745,2,-0.5193259814384348,0.5193259814384348,0.36607302489614635,0.36607302489614635,0.0008394589631808483,True,0.0020952624927780042,Other
RPA3749,17,-0.4735548065459312,0.4735548065459312,-0.07440126513605912,0.07440126513605912,0.5118873867288729,False,0.5835327668235217,Other
RPA3751,3,-0.7307606447342077,0.7307606447342077,-0.6225724925931455,0.6225724925931455,7.02392187521274e-10,True,6.758250218792776e-09,Other
RPA3755,13,-0.7466991271308037,0.7466991271308037,0.5092862756159141,0.5092862756159141,1.4047229588161958e-06,True,6.576682649395948e-06,Other
RPA3756,2,-0.7378300916253293,0.7378300916253293,0.6234086488751956,0.6234086488751956,6.564356800791548e-10,True,6.348963843265575e-09,Other
RPA3759,8,0.6131963006745998,0.6131963006745998,-0.06428774956976424,0.06428774956976424,0.5710240908997889,False,0.6342055842110693,Other
RPA3760,13,-0.6623229166623339,0.6623229166623339,0.27808168097747793,0.27808168097747793,0.012504939139012858,True,0.02304811263838404,Other
RPA3761,8,0.6966172362716984,0.6966172362716984,0.3882880064498423,0.3882880064498423,0.00037224396677954533,False,0.0010210591525991368,Tier 1 only
RPA3762,7,-0.9053876243550153,0.9053876243550153,-0.7101257727277343,0.7101257727277343,1.6302276525156648e-13,True,3.931600974963104e-12,Other
RPA3763,13,-0.6873518250210993,0.6873518250210993,0.28979884739916284,0.28979884739916284,0.009121808631406627,True,0.017409248333527343,Other
RPA3764,1,-0.4017212903182514,0.4017212903182514,0.3586761822053902,0.3586761822053902,0.0010867936670956437,True,0.0026625011079110953,Other
RPA3766,2,-0.8436774089564006,0.8436774089564006,0.5940311426996131,0.5940311426996131,6.3070966683015316e-09,True,4.859866602919479e-08,Other
RPA3770,11,0.6319292658503086,0.6319292658503086,0.0625104899250344,0.0625104899250344,0.5817362215215838,False,0.6437927076076169,Other
RPA3771,1,-0.7538658730143359,0.7538658730143359,0.6742669681739448,0.6742669681739448,7.0819466172260974e-12,True,1.124032040016142e-10,Tier 1 only
RPA3773,3,-0.7448411251132028,0.7448411251132028,-0.2039097965988762,0.2039097965988762,0.06964187362004455,True,0.10635276259245291,Other
RPA3776,1,-0.666550037251198,0.666550037251198,0.4847116694435615,0.4847116694435615,5.209862351746028e-06,True,2.1547248078379452e-05,Other
RPA3778,5,0.8226929348083605,0.8226929348083605,0.0568038545934547,0.0568038545934547,0.6167390569178921,False,0.674887701058648,Other
RPA3779,3,-0.6892329193884327,0.6892329193884327,-0.40888205640578734,0.40888205640578734,0.00016614581133032324,True,0.0004912942223573412,Other
RPA3781,2,-0.39347562762004534,0.39347562762004534,0.4110876147489842,0.4110876147489842,0.0001519167724559244,True,0.00045648777742823886,Other
RPA3785,12,0.5535819856873481,0.5535819856873481,-0.09146220080614878,0.09146220080614878,0.41973510490161736,False,0.4952020900904088,Other
RPA3786,3,-0.9053191264291021,0.9053191264291021,-0.5000939425792814,0.5000939425792814,2.3211839432409934e-06,True,1.036163120816953e-05,Other
RPA3790,3,-0.8500913650437796,0.8500913650437796,-0.7145620373617367,0.7145620373617367,9.825022140009971e-14,True,2.4993241252052764e-12,Other
RPA3791,7,-0.5341756481650721,0.5341756481650721,-0.10570399583312443,0.10570399583312443,0.35072539816744314,True,0.424297761822112,Other
RPA3798,4,0.7256189766504098,0.7256189766504098,0.22608874882125338,0.22608874882125338,0.04374090680247003,False,0.07014409665991955,Other
RPA3799,1,-0.8342642691888746,0.8342642691888746,0.5803035962620852,0.5803035962620852,1.6830000428738904e-08,True,1.1928744578690134e-07,Other
RPA3801,4,0.3435620605843829,0.3435620605843829,0.1519695401810626,0.1519695401810626,0.1784009429226504,False,0.23680525447273895,Other
RPA3802,13,-0.7657201327318295,0.7657201327318295,0.49042218082485967,0.49042218082485967,3.876686134861114e-06,True,1.6625880259669952e-05,Other
RPA3803,8,0.845383100575618,0.845383100575618,0.14513230154674725,0.14513230154674725,0.19897214643721525,False,0.2605721268927424,Other
RPA3804,2,-0.9141153296632891,0.9141153296632891,0.8417465879150207,0.8417465879150207,1.3991003131362301e-22,True,1.2990646407469896e-19,Other
RPA3809,14,0.7434084760976277,0.7434084760976277,-0.4098446878850892,0.4098446878850892,0.00015979068324753013,False,0.00047705996590138817,Other
RPA3810,17,-0.8013354462607575,0.8013354462607575,-0.5684738489102141,0.5684738489102141,3.784066186295327e-08,False,2.4656178624387447e-07,Other
RPA3815,5,0.816725781479151,0.816725781479151,-0.15411735749263833,0.15411735749263833,0.1722710009318854,False,0.23014909980612316,Other
RPA3817,11,0.5463618672650441,0.5463618672650441,0.105945361166458,0.105945361166458,0.34962027498328296,False,0.4237890669999716,Other
RPA3818,4,0.725014534716381,0.725014534716381,0.2086858329929583,0.2086858329929583,0.06321501852746529,False,0.09798855543030303,Other
RPA3819,2,-0.5697641616993747,0.5697641616993747,0.4581335991836806,0.4581335991836806,1.927087967090092e-05,True,7.044492824579333e-05,Tier 1 only
RPA3820,1,-0.6794183684045083,0.6794183684045083,0.4048523150809915,0.4048523150809915,0.0001953624725996684,True,0.0005686217705673106,Other
RPA3822,13,-0.5074883147782998,0.5074883147782998,0.4511862070927305,0.4511862070927305,2.665406309187534e-05,True,9.500306173054224e-05,Other
RPA3825,10,-0.5285470845072894,0.5285470845072894,0.2692646414108721,0.2692646414108721,0.015723917623888733,False,0.028348849541321726,Other
RPA3827,20,0.8463335966612793,0.8463335966612793,-0.2714549689621708,0.2714549689621708,0.014863938888680756,False,0.02700815510399233,Other
RPA3831,1,-0.45122125801729296,0.45122125801729296,0.40843295100155985,0.40843295100155985,0.00016918977487127086,True,0.0004994998599935612,Other
RPA3834,4,0.602548028315697,0.602548028315697,-0.1656360250061562,0.1656360250061562,0.14201174501048017,False,0.19405136900990558,Other
RPA3841,17,-0.56750406756667,0.56750406756667,-0.06549181325206994,0.06549181325206994,0.5638195371409691,False,0.6280821118600958,Other
RPA3847,7,-0.5365575536629965,0.5365575536629965,-0.47116808250470776,0.47116808250470776,1.028527192789671e-05,True,3.987421705658494e-05,Other
RPA3848,7,-0.8385122636593287,0.8385122636593287,-0.8122537056727124,0.8122537056727124,6.051687111981203e-20,True,2.247596593389819e-17,Other
RPA3849,15,0.7724769963516525,0.7724769963516525,0.08352397499935214,0.08352397499935214,0.4613705093389256,False,0.5371567622836269,Other
RPA3856,8,0.12329010607119831,0.12329010607119831,-0.23656355217220787,0.23656355217220787,0.03462863930120903,False,0.056988241674819334,Other
RPA3861,15,0.40202930034871376,0.40202930034871376,0.11334941184645911,0.11334941184645911,0.31677715183481836,False,0.3898311272082556,Other
RPA3864,10,-0.7195288364028609,0.7195288364028609,0.3403376882970852,0.3403376882970852,0.0020087569733980974,False,0.0045435587084047095,Other
RPA3868,2,-0.8686024380134312,0.8686024380134312,0.616362560522965,0.616362560522965,1.1538151567653325e-09,True,1.0251840890493887e-08,Other
RPA3871,6,-0.29562681473387425,0.29562681473387425,-0.12216064490360357,0.12216064490360357,0.2803690694112523,False,0.35226343836041646,Other
RPA3872,10,-0.5269188224458665,0.5269188224458665,0.1079418758117117,0.1079418758117117,0.34056224949341557,False,0.41524891484522175,Other
RPA3875,6,-0.5975594264202718,0.5975594264202718,-0.03491217910839088,0.03491217910839088,0.7585060608009841,False,0.7984953259112401,Other
RPA3876,6,-0.8151519172547692,0.8151519172547692,0.1939753384429201,0.1939753384429201,0.08469360185786363,False,0.12432886849806543,Other
RPA3881,11,0.8699660903241265,0.8699660903241265,0.34994345992619935,0.34994345992619935,0.0014627194073943087,False,0.003391098551225008,Other
RPA3886,1,-0.3512560955563109,0.3512560955563109,0.2591943362118224,0.2591943362118224,0.02025201264014998,True,0.03541241758263514,Other
RPA3887,1,-0.6535777366623269,0.6535777366623269,0.4195159315717889,0.4195159315717889,0.00010727839564631925,True,0.00033425500120002493,Other
RPA3889,20,0.5864264562166563,0.5864264562166563,-0.152040084668945,0.152040084668945,0.17819711184638995,False,0.23670388891183558,Other
RPA3892,3,-0.6581992984659953,0.6581992984659953,-0.40966363510937176,0.40966363510937176,0.00016096856446866045,True,0.0004794720713984878,Other
RPA3895,1,-0.6438461952471316,0.6438461952471316,0.32069520242828664,0.32069520242828664,0.003728517351037966,True,0.007797135946934124,Other
RPA3896,17,-0.4534750635220505,0.4534750635220505,-0.06199651390969678,0.06199651390969678,0.5848512045133188,False,0.6460848820828275,Other
RPA3898,14,0.721174717083684,0.721174717083684,-0.40241489314216694,0.40241489314216694,0.00021526003816468655,False,0.0006207110106705325,Other
RPA3899,15,0.818509069409814,0.818509069409814,0.39467267413835094,0.39467267413835094,0.0002914985381842586,False,0.0008176930293174746,Other
RPA3900,1,-0.6814520077007904,0.6814520077007904,0.36055868540239067,0.36055868540239067,0.001018256898360647,True,0.0025045073645771146,Other
RPA3902,10,-0.6613067501446266,0.6613067501446266,-0.01659755682811713,0.01659755682811713,0.8838213948758429,False,0.9032781124295214,Other
RPA3906,12,0.7024124437721161,0.7024124437721161,-0.3771447260662878,0.3771447260662878,0.0005637682543225634,False,0.0014849895720241138,Other
RPA3908,3,-0.5232618859265673,0.5232618859265673,-0.17336375277843954,0.17336375277843954,0.1240783228494085,True,0.17240377807347934,Other
RPA3913,13,-0.6409376556611956,0.6409376556611956,0.11782963810450445,0.11782963810450445,0.29790110507305173,True,0.3700350181409077,Other
RPA3914,1,-0.7850922200513866,0.7850922200513866,0.4958745042953136,0.4958745042953136,2.9088717211405715e-06,True,1.274003487301425e-05,Other
RPA3915,13,-0.6675575829548521,0.6675575829548521,0.553946858770887,0.553946858770887,9.808537904362939e-08,True,5.933047194919211e-07,Other
RPA3919,10,-0.3578838991296183,0.3578838991296183,0.0780588542691481,0.0780588542691481,0.49130007111503143,False,0.5642203043046465,Other
RPA3923,5,0.5607742254218666,0.5607742254218666,-0.06925933385190688,0.06925933385190688,0.5415581707903864,False,0.6099838658130299,Other
RPA3924,10,-0.3878041398014105,0.3878041398014105,0.04611449302557215,0.04611449302557215,0.6846064909646903,False,0.7323238788717914,Other
RPA3929,7,-0.2653001056067109,0.2653001056067109,-0.082943556004559,0.082943556004559,0.46450096213235187,True,0.5404625856389583,Other
RPA3930,1,-0.8100996759717262,0.8100996759717262,0.5975533787481817,0.5975533787481817,4.866504172048401e-09,True,3.845573722337822e-08,Other
RPA3931,13,-0.5895908828430616,0.5895908828430616,0.5921549790284413,0.5921549790284413,7.232083824336996e-09,True,5.526740601561235e-08,Other
RPA3932,3,-0.6749400107599359,0.6749400107599359,-0.4674598169653425,0.4674598169653425,1.2329056966593962e-05,True,4.710917445877569e-05,Other
RPA3937,1,-0.419751208831069,0.419751208831069,0.21922689192333983,0.21922689192333983,0.050724583248970674,True,0.07982673821469369,Other
RPA3940,12,0.6435736247293695,0.6435736247293695,-0.10639060238909462,0.10639060238909462,0.3475873730920937,False,0.4218756547921686,Other
RPA3943,2,-0.6757824380276742,0.6757824380276742,0.3698868078972523,0.3698868078972523,0.0007330448618989071,True,0.0018596506947353424,Other
RPA3947,19,0.827695613902393,0.827695613902393,0.06557464195968504,0.06557464195968504,0.5633255120374694,False,0.6280821118600958,Other
RPA3952,9,0.5330107364429004,0.5330107364429004,-0.48702941609456757,0.48702941609456757,4.6238532731512014e-06,True,1.933895389243644e-05,Other
RPA3954,1,-0.6455031256461301,0.6455031256461301,0.4484279978458904,0.4484279978458904,3.025830045831547e-05,True,0.00010561966908099966,Other
RPA3956,2,-0.8289321703837593,0.8289321703837593,0.6000589796479919,0.6000589796479919,4.0390336295228145e-09,True,3.219092467821402e-08,Other
RPA3958,15,0.529561201633277,0.529561201633277,-0.16233512702323416,0.16233512702323416,0.15024128671159018,False,0.2034475925777926,Other
RPA3960,13,-0.8053163830567328,0.8053163830567328,0.4453883040327157,0.4453883040327157,3.475356242477135e-05,True,0.00011863486290955957,Other
RPA3961,2,-0.7839150476392234,0.7839150476392234,0.5427961220068109,0.5427961220068109,1.9770583932859763e-07,True,1.1227515095816692e-06,Other
RPA3964,8,0.47155440256040904,0.47155440256040904,-0.17794756421186902,0.17794756421186902,0.11429160683557806,False,0.1607875105255064,Other
RPA3966,1,-0.6875371600513791,0.6875371600513791,0.47336787104000133,0.47336787104000133,9.227573954978722e-06,True,3.638132661230464e-05,Other
RPA3972,17,-0.6565812930362586,0.6565812930362586,-0.13943414567235252,0.13943414567235252,0.21737251758257617,False,0.2816892987793747,Other
RPA3973,10,-0.7952423164248339,0.7952423164248339,0.4207785094149876,0.4207785094149876,0.00010174953814040214,False,0.0003180957783278229,Other
RPA3974,6,-0.8803461077005194,0.8803461077005194,0.2087654989808458,0.2087654989808458,0.06311203881503845,False,0.0979106567080421,Other
RPA3978,14,0.3951133945155221,0.3951133945155221,-0.3033609569700499,0.3033609569700499,0.006230090146743051,False,0.012307741917555154,Other
RPA3979,12,0.42340257520947283,0.42340257520947283,-0.1289155898843205,0.1289155898843205,0.2544230652670754,False,0.32354439242854266,Other
RPA3984,11,0.5935158269743139,0.5935158269743139,0.2655692999011224,0.2655692999011224,0.017272189351117666,False,0.030930043997131635,Other
RPA3985,5,0.9254423060276851,0.9254423060276851,-0.2866638539032834,0.2866638539032834,0.009937563150691525,False,0.018811472753143897,Other
RPA3987,8,0.7479692424247586,0.7479692424247586,0.06229560914205036,0.06229560914205036,0.5830375944404479,False,0.6444647695689951,Other
RPA3988,3,-0.794373812062118,0.794373812062118,-0.6941117984554015,0.6941117984554015,9.399371525678902e-13,True,1.745463292318572e-11,Other
RPA3992,8,0.8294254280517948,0.8294254280517948,0.030052019419667383,0.030052019419667383,0.7913000691746895,False,0.8259945072835292,Other
RPA4008,4,0.42041773846939784,0.42041773846939784,0.006470610743003438,0.006470610743003438,0.9545733794864512,False,0.9644411130067138,Other
RPA4015,6,-0.8684975959625458,0.8684975959625458,0.2495636646443121,0.2495636646443121,0.02558285547667686,False,0.04350491082434883,Other
RPA4016,9,0.5837880251692538,0.5837880251692538,-0.6012671055059275,0.6012671055059275,3.6897858290790603e-09,True,3.0184723720704035e-08,Other
RPA4018,1,-0.5705284160067123,0.5705284160067123,0.28284007044701487,0.28284007044701487,0.011018241291620458,True,0.02060510984747149,Other
RPA4019,17,-0.7536404914018253,0.7536404914018253,-0.1329861541634525,0.1329861541634525,0.2396045948566665,False,0.30728296453648457,Other
RPA4024,10,-0.516125320209849,0.516125320209849,0.06296990783786868,0.06296990783786868,0.5789583451622186,False,0.6416767294450356,Other
RPA4025,4,0.5424670940785894,0.5424670940785894,0.06294097340997595,0.06294097340997595,0.5791331171512545,False,0.6416767294450356,Other
RPA4029,10,-0.670477065483555,0.670477065483555,0.049787315009639996,0.049787315009639996,0.6609695870731152,False,0.7165327047254961,Other
RPA4031,1,-0.2645103148046645,0.2645103148046645,0.023626378268289977,0.023626378268289977,0.835210315615371,True,0.8616586422765243,Other
RPA4033,9,0.7506212113506358,0.7506212113506358,-0.5453600433907771,0.5453600433907771,1.6865514618576017e-07,True,9.666438471202364e-07,Other
RPA4034,5,0.7067835021388089,0.7067835021388089,0.031521740502670204,0.031521740502670204,0.7813419361938972,False,0.817898520581774,Other
RPA4042,8,0.5248388252691918,0.5248388252691918,0.08778366028911513,0.08778366028911513,0.43875333693894253,False,0.5140472849814613,Other
RPA4045,12,0.7725549283949869,0.7725549283949869,-0.268517815587,0.268517815587,0.01602679128402277,False,0.028783125159023485,Other
RPA4048,1,-0.4816698151374119,0.4816698151374119,0.3790063674276286,0.3790063674276286,0.0005265325492099302,True,0.0013928361023972083,Other
RPA4049,1,-0.7278348285741325,0.7278348285741325,0.4900234895855757,0.4900234895855757,3.9582014197579935e-06,True,1.6858669808464664e-05,Other
RPA4052,22,-0.5789119106187632,0.5789119106187632,-0.1938411315329438,0.1938411315329438,0.08491332549583391,False,0.12455295848796492,Other
RPA4053,9,0.6857266960647965,0.6857266960647965,-0.3963743128128186,0.3963743128128186,0.00027287968951815033,True,0.0007701179079562389,Other
RPA4054,1,-0.767996741459718,0.767996741459718,0.45063265066800035,0.45063265066800035,2.7343619464263626e-05,True,9.690286516247626e-05,Other
RPA4067,8,0.6380878888645269,0.6380878888645269,0.0011312088186408303,0.0011312088186408303,0.9920543181017741,False,0.9936595839886702,Other
RPA4069,2,-0.8879270585456835,0.8879270585456835,0.6200470687782458,0.6200470687782458,8.606201710607395e-10,True,8.112546485582707e-09,Other
RPA4071,6,-0.7970693412766251,0.7970693412766251,0.09332298245773318,0.09332298245773318,0.41029869753200093,False,0.48561165157229175,Other
RPA4072,1,-0.8283438117563646,0.8283438117563646,0.48640716583928156,0.48640716583928156,4.774786833083409e-06,True,1.9925346402327842e-05,Other
RPA4074,12,0.9074611178928398,0.9074611178928398,-0.3450265398560024,0.3450265398560024,0.0017227255632409166,False,0.003939780013470914,Other
RPA4076,13,-0.6109527980586831,0.6109527980586831,0.3732287534251224,0.3732287534251224,0.000650058312482765,True,0.0016812789502513854,Other
RPA4077,1,-0.7220928653022243,0.7220928653022243,0.7005036808168993,0.7005036808168993,4.736059004763346e-13,True,9.559632143310362e-12,Other
RPA4078,2,-0.43293065441134826,0.43293065441134826,0.10810937113513654,0.10810937113513654,0.33980910024922,True,0.4146028246798959,Other
RPA4081,3,-0.5653110574311699,0.5653110574311699,-0.4795560102109775,0.4795560102109775,6.772603408484923e-06,True,2.7520184966206787e-05,Other
RPA4088,7,-0.3715092932414376,0.3715092932414376,-0.42461407952958385,0.42461407952958385,8.652914374627114e-05,True,0.00027609041226258675,Other
RPA4089,17,-0.7575559116863196,0.7575559116863196,-0.22399550492460557,0.22399550492460557,0.04578142499186197,False,0.07291261252992082,Other
RPA4090,2,-0.3614597588114976,0.3614597588114976,0.37157876389843825,0.37157876389843825,0.0006898955219585075,True,0.0017719723157357515,Other
RPA4092,1,-0.16777400501345555,0.16777400501345555,-0.2501061578385842,0.2501061578385842,0.02525373686520429,True,0.04298459152949987,Other
RPA4105,3,-0.30189887576100016,0.30189887576100016,-0.27876537731673406,0.27876537731673406,0.012281153185273591,True,0.022715240503040895,Other
RPA4119,3,-0.24844220853375287,0.24844220853375287,0.00718253259121323,0.00718253259121323,0.9495815705165195,True,0.9614901725458979,Other
RPA4128,1,-0.9041359388500092,0.9041359388500092,0.588538613089881,0.588538613089881,9.392034034710811e-09,True,7.032664194539507e-08,Other
RPA4129,1,-0.9440978915727222,0.9440978915727222,0.7367635956300955,0.7367635956300955,6.700258322633953e-15,True,2.7048651532894027e-13,WGCNA Hub only
RPA4130,13,-0.801693994231758,0.801693994231758,0.517970443938535,0.517970443938535,8.621783295327515e-07,True,4.303938596619138e-06,Other
RPA4133,1,-0.6572251969196213,0.6572251969196213,0.5459006974443554,0.5459006974443554,1.63069159257241e-07,True,9.375214512095868e-07,Other
RPA4134,1,-0.6987211167419148,0.6987211167419148,0.31206411592475736,0.31206411592475736,0.0048324353050155314,True,0.009800290350900914,Other
RPA4137,1,-0.5263414530807694,0.5263414530807694,0.05646334764177277,0.05646334764177277,0.6188559770513185,True,0.6764070331867559,Other
RPA4138,1,-0.4335303852711479,0.4335303852711479,0.06050018897380906,0.06050018897380906,0.5939627759535043,True,0.6549815171886327,Other
RPA4141,1,-0.7411738437212075,0.7411738437212075,0.33257808691992385,0.33257808691992385,0.002576989714506236,True,0.005636595877312227,Other
RPA4142,10,-0.42199893290388,0.42199893290388,-0.13444462816889438,0.13444462816889438,0.23444338500994133,False,0.300871711101217,Other
RPA4143,4,0.6610622518722196,0.6610622518722196,-0.06908626722925638,0.06908626722925638,0.5425712734913936,False,0.6105352733776431,Other
RPA4147,3,-0.742964780697779,0.742964780697779,-0.4280322028069551,0.4280322028069551,7.477134278368871e-05,True,0.00024147892791184339,Other
RPA4148,3,-0.8957500444429249,0.8957500444429249,-0.6499154245305592,0.6499154245305592,6.890613160438584e-11,True,8.411517175121895e-10,Other
RPA4149,2,-0.36158227187356745,0.36158227187356745,0.26288287262344967,0.26288287262344967,0.01847846396147421,True,0.03264938875019753,Other
RPA4152,9,0.5949886902034013,0.5949886902034013,-0.31286074036758516,0.31286074036758516,0.004719606020525707,True,0.00962053609233396,Other
RPA4154,15,0.6214505019100731,0.6214505019100731,-0.23976929934253632,0.23976929934253632,0.03218034629898011,False,0.05349946560179594,Other
RPA4155,2,-0.6243340939435188,0.6243340939435188,0.3661833473716244,0.3661833473716244,0.0008361931634820079,True,0.0020911317054403316,Other
RPA4156,5,0.9277500505142506,0.9277500505142506,-0.1267596719219993,0.1267596719219993,0.2625195838354055,False,0.3320836969907003,Other
RPA4160,2,-0.3374644231867416,0.3374644231867416,0.228238376336587,0.228238376336587,0.04172439626380659,True,0.06737582944512073,Other
RPA4170,8,0.4218492747599306,0.4218492747599306,0.11236092509603565,0.11236092509603565,0.3210432105527337,False,0.39455806882622535,Other
RPA4174,4,0.7597068015225885,0.7597068015225885,0.11751922178518129,0.11751922178518129,0.2991846729739913,False,0.3708851386600146,Other
RPA4175,9,0.8963213640379633,0.8963213640379633,-0.644969209906926,0.644969209906926,1.0670110664416263e-10,True,1.22992001929512e-09,Other
RPA4176,15,0.6399960703532677,0.6399960703532677,0.19216528084120113,0.19216528084120113,0.08769526827835226,False,0.1279262475985076,Other
RPA4177,15,0.599018544656203,0.599018544656203,-0.11921046339599506,0.11921046339599506,0.2922351861713124,False,0.36470479887105317,Other
RPA4178,1,-0.5373154318879038,0.5373154318879038,0.2540571122651411,0.2540571122651411,0.022963451164888703,True,0.0395398409529281,Other
RPA4179,2,-0.9268664450661467,0.9268664450661467,0.7808258425255374,0.7808258425255374,1.3290992568941971e-17,True,1.639363114742194e-15,Other
RPA4180,22,-0.8418964957780737,0.8418964957780737,-0.3276891287339034,0.3276891287339034,0.0030052226353523962,False,0.006451674489999306,Other
RPA4182,7,-0.8159498905323297,0.8159498905323297,-0.48806582865801657,0.48806582865801657,4.382364068728766e-06,True,1.8453628289408887e-05,Other
RPA4187,7,-0.7432411692077776,0.7432411692077776,-0.6697036908428692,0.6697036908428692,1.1024465302063734e-11,True,1.6919365343745746e-10,Other
RPA4188,11,0.5502095744871645,0.5502095744871645,-0.2900073208606807,0.2900073208606807,0.009069702902739033,False,0.017327611409862536,Other
RPA4190,1,-0.8481499692635898,0.8481499692635898,0.7632926483987296,0.7632926483987296,1.857425557700633e-16,True,1.2774960224629909e-14,Other
RPA4191,15,0.7585291572082511,0.7585291572082511,0.14193966749680043,0.14193966749680043,0.20913914759086488,False,0.2717784444200393,Other
RPA4192,5,0.8099741001470868,0.8099741001470868,-0.04036574683499913,0.04036574683499913,0.7222113803901161,False,0.7650579197857648,Other
RPA4193,6,-0.7793512150773607,0.7793512150773607,0.04852747055364658,0.04852747055364658,0.6690416247799531,False,0.7231724663657584,Other
RPA4194,8,0.8174270963833543,0.8174270963833543,0.16916632782299845,0.16916632782299845,0.13359096503417464,False,0.1833543400358184,Other
RPA4196,4,0.3537226583846312,0.3537226583846312,-0.14563369758170158,0.14563369758170158,0.1974081979729058,False,0.25888914098565396,Tier 1 only
RPA4198,8,0.6749539196936316,0.6749539196936316,-0.017221426498219214,0.017221426498219214,0.8794865921977288,False,0.9008309992891244,Other
RPA4200,8,0.6949335191673791,0.6949335191673791,0.2543899203324358,0.2543899203324358,0.022778878379728022,False,0.03931261817021835,Other
RPA4206,2,-0.7332654185667521,0.7332654185667521,0.5096647260667166,0.5096647260667166,1.3755414045904134e-06,True,6.499695644591342e-06,Tier 1 only
RPA4208,2,-0.5835774685953679,0.5835774685953679,0.39176590967643093,0.39176590967643093,0.00032602283284876053,True,0.0009036185083584302,Other
RPA4212,4,0.744716578204006,0.744716578204006,0.37592910309632266,0.37592910309632266,0.0005893640107629097,False,0.0015414774196996102,Other
RPA4213,6,-0.9064581714508676,0.9064581714508676,0.19349229205682322,0.19349229205682322,0.08548656079036349,False,0.1252566558177582,Other
RPA4214,1,-0.7930652016704427,0.7930652016704427,0.5095638269968576,0.5095638269968576,1.3832651498217681e-06,True,6.519602495479755e-06,Other
RPA4216,1,-0.7554370280853646,0.7554370280853646,0.37077452308074677,0.37077452308074677,0.0007101085519130079,True,0.0018088773400582383,Other
RPA4217,21,0.823891996750217,0.823891996750217,-0.44854408536216694,0.44854408536216694,3.0097875241298846e-05,False,0.00010525754109810163,Other
RPA4223,12,0.739176303290111,0.739176303290111,-0.4081447402005497,0.4081447402005497,0.0001711702272959508,False,0.0005045446223628264,Other
RPA4225,2,-0.7043726822341304,0.7043726822341304,0.32725840409814777,0.32725840409814777,0.0030458420935693515,True,0.00651342095070402,Other
RPA4227,2,-0.7976419929874743,0.7976419929874743,0.5488570077308652,0.5488570077308652,1.3549715452482086e-07,True,7.937483153078622e-07,Other
RPA4230,5,0.47816011440295214,0.47816011440295214,0.0873247713097569,0.0873247713097569,0.44115939648326813,False,0.5162148703651096,Other
RPA4232,9,0.7330898982945493,0.7330898982945493,-0.6568857194136899,0.6568857194136899,3.669841211693103e-11,True,4.902802251880642e-10,Other
RPA4236,18,0.6743146491923055,0.6743146491923055,-0.3879519206655766,0.3879519206655766,0.0003770147818865575,False,0.001032620132689288,Other
RPA4244,3,-0.9183448401552374,0.9183448401552374,-0.6299459227309503,0.6299459227309503,3.8405527463346666e-10,True,4.029325677934167e-09,Tier 1 only
RPA4245,3,-0.7332441844790027,0.7332441844790027,-0.5670747649683454,0.5670747649683454,4.155902426608463e-08,True,2.6984303518223483e-07,Other
RPA4246,7,-0.9391879734348942,0.9391879734348942,-0.658695089350336,0.658695089350336,3.107770117013958e-11,True,4.274910449848089e-10,Other
RPA4247,3,-0.8802668963626779,0.8802668963626779,-0.817867352757011,0.817867352757011,2.0759635822918954e-20,True,1.2850214574386831e-17,Other
RPA4248,7,-0.6033808572942598,0.6033808572942598,-0.7686675139133794,0.7686675139133794,8.482212468266177e-17,True,6.8484645885088226e-15,Other
RPA4249,3,-0.9046319798973623,0.9046319798973623,-0.7257391108521826,0.7257391108521826,2.6265778016698448e-14,True,8.59326119008046e-13,Other
RPA4250,11,0.5991676174303278,0.5991676174303278,0.05845829912966708,0.05845829912966708,0.606498092729305,False,0.666036048609296,Other
RPA4251,3,-0.6366297659777542,0.6366297659777542,-0.6222736747893756,0.6222736747893756,7.195496895626939e-10,True,6.8876483171026935e-09,Other
RPA4259,7,-0.9303225352727936,0.9303225352727936,-0.5964770814252487,0.5964770814252487,5.269535603065741e-09,True,4.1115662247449916e-08,Other
RPA4260,14,0.4824205994035743,0.4824205994035743,-0.2329417429610354,0.2329417429610354,0.03758047900294116,False,0.06127036831296026,Other
RPA4261,3,-0.4608679517349941,0.4608679517349941,-0.2649283506030168,0.2649283506030168,0.017553663629486505,True,0.031193448191345875,Other
RPA4266,1,-0.5082474136453089,0.5082474136453089,0.2999960451875403,0.2999960451875403,0.006859489641965188,True,0.013436785089798899,Other
RPA4267,1,-0.8787413929963195,0.8787413929963195,0.6490207522810736,0.6490207522810736,7.462192439233789e-11,True,8.940187973972352e-10,Other
RPA4268,13,-0.789692312219465,0.789692312219465,0.47464071779363526,0.47464071779363526,8.663018904030767e-06,True,3.437441475381439e-05,Other
RPA4269,2,-0.8137081651234055,0.8137081651234055,0.5535777983424541,0.5535777983424541,1.0042870434398801e-07,True,6.035472620284328e-07,Other
RPA4271,7,-0.792111059409849,0.792111059409849,-0.6592041334036667,0.6592041334036667,2.9651593866521e-11,True,4.140075925573646e-10,Other
RPA4272,2,-0.8074068356891835,0.8074068356891835,0.5931291494352824,0.5931291494352824,6.736753700155637e-09,True,5.169484140987198e-08,Other
RPA4282,9,0.6795326591050185,0.6795326591050185,-0.5869392990932754,0.5869392990932754,1.0531986680317206e-08,True,7.79199173918289e-08,Other
RPA4284,3,-0.4134847780683421,0.4134847780683421,-0.44637343037865707,0.44637343037865707,3.323276542981171e-05,True,0.00011469395138720974,Other
RPA4285,12,0.7016562363555556,0.7016562363555556,-0.4021276377394276,0.4021276377394276,0.0002177240333553904,False,0.000625872337369907,Other
RPA4286,12,0.48584978642151794,0.48584978642151794,-0.4953639434075424,0.4953639434075424,2.988795754660021e-06,False,1.302862374742643e-05,Other
RPA4288,18,0.8554964086231458,0.8554964086231458,-0.4460851634596863,0.4460851634596863,3.367123927690689e-05,False,0.00011579165062447426,Other
RPA4293,3,-0.46665052608182667,0.46665052608182667,-0.10738063461507723,0.10738063461507723,0.34309352890105527,True,0.41806081572786064,Other
RPA4294,14,0.7613442804874504,0.7613442804874504,-0.0009319394900554057,0.0009319394900554057,0.9934539643119835,False,0.9943901039549402,Other
RPA4295,16,0.8874286759504745,0.8874286759504745,-0.3755738107363314,0.3755738107363314,0.0005970427385690017,False,0.0015571746706778597,Other
RPA4297,5,0.654727262153874,0.654727262153874,-0.1169222872900169,0.1169222872900169,0.30166314641544656,False,0.3737081140049929,Other
RPA4302,19,0.660215638755143,0.660215638755143,0.150476563440895,0.150476563440895,0.18275472608888238,False,0.2418927486436597,Other
RPA4304,16,0.514082338619609,0.514082338619609,-0.201822128567689,0.201822128567689,0.07261160304371485,False,0.10980435411415185,Other
RPA4305,22,-0.7634362159563364,0.7634362159563364,-0.29931107733656087,0.29931107733656087,0.006994264866863017,False,0.013657570828353966,Other
RPA4306,4,0.5360724328157196,0.5360724328157196,0.1754071581656128,0.1754071581656128,0.1196391530782758,False,0.1671707353396224,Other
RPA4307,3,-0.9403550628788027,0.9403550628788027,-0.7419782902549237,0.7419782902549237,3.428016197482266e-15,True,1.661528901463803e-13,WGCNA Hub only
RPA4308,6,-0.8513999332936755,0.8513999332936755,-0.08508288613467663,0.08508288613467663,0.4530201122481839,False,0.529093300908728,Other
RPA4309,9,0.7834542593796633,0.7834542593796633,-0.7172345996686144,0.7172345996686144,7.208328921862866e-14,True,1.9978905683431853e-12,Other
RPA4311,3,-0.6764148760227268,0.6764148760227268,-0.40386464257086485,0.40386464257086485,0.00020321160927829306,True,0.0005887113236034169,Other
RPA4313,3,-0.8374914359512213,0.8374914359512213,-0.6191857731216195,0.6191857731216195,9.219839083766498e-10,True,8.518030437091734e-09,Other
RPA4320,1,-0.5577620644644521,0.5577620644644521,0.4048307342997277,0.4048307342997277,0.0001955309497540955,True,0.0005686217705673106,Other
RPA4321,10,-0.6015450665137834,0.6015450665137834,0.22642470840281453,0.22642470840281453,0.04342053231414248,False,0.06969051729244821,Other
RPA4325,15,0.7873753386635621,0.7873753386635621,0.18769126431164604,0.18769126431164604,0.09547608808555333,False,0.13797594986371403,Other
RPA4327,1,-0.2718583981709292,0.2718583981709292,0.12703950405458203,0.12703950405458203,0.26145893714556456,True,0.3311932102860255,Other
RPA4328,3,-0.869455327647767,0.869455327647767,-0.5410334849744427,0.5410334849744427,2.2036221904201455e-07,True,1.2325681950633163e-06,Other
RPA4329,17,-0.9072297919032113,0.9072297919032113,-0.2064913709963023,0.2064913709963023,0.06610562493097424,False,0.10187397966541009,Other
RPA4332,12,0.5822225913402006,0.5822225913402006,-0.1848577191554559,0.1848577191554559,0.10067776291989086,False,0.14459288920513327,Other
RPA4333,7,-0.869282898442603,0.869282898442603,-0.5953410293238506,0.5953410293238506,5.729388418146755e-09,True,4.4516628838905965e-08,Other
RPA4336,16,0.9313130993975323,0.9313130993975323,-0.3723383102315287,0.3723383102315287,0.0006712886556568423,False,0.001731365324381606,Other
RPA4337,9,0.6535843695809336,0.6535843695809336,-0.44095216715204055,0.44095216715204055,4.2439480505799996e-05,True,0.00014123676576930215,Other
RPA4344,19,0.6432771618540449,0.6432771618540449,-0.09562489501850754,0.09562489501850754,0.39879799974852825,False,0.4734186548795152,Other
RPA4346,4,0.88824225375094,0.88824225375094,0.3845698489175599,0.3845698489175599,0.0004282410824078248,False,0.0011558774564408875,Other
RPA4347,15,0.6478307768063761,0.6478307768063761,0.31538550056907877,0.31538550056907877,0.004377304384429302,False,0.009011811798098908,Other
RPA4351,4,0.7222697564635113,0.7222697564635113,0.443025589733336,0.443025589733336,3.866906683073404e-05,False,0.00012961815361854352,Other
RPA4352,8,0.7842735408645254,0.7842735408645254,0.3221323380401832,0.3221323380401832,0.0035683462704084313,False,0.007495949122339884,Other
RPA4354,4,0.8258382463702998,0.8258382463702998,-0.044932296422793366,0.044932296422793366,0.6922809389691386,False,0.7394527913832233,Other
RPA4355,5,0.6941195817054879,0.6941195817054879,-0.0971469817512446,0.0971469817512446,0.39129908404347263,False,0.4654980134969434,Other
RPA4356,2,-0.27259903568361216,0.27259903568361216,0.35387812132670604,0.35387812132670604,0.0012807996039064682,True,0.003041489596488889,Other
RPA4357,1,-0.5498357567448597,0.5498357567448597,0.3433899042348689,0.3433899042348689,0.0018180974507321108,True,0.0041375085367763844,Other
RPA4359,1,-0.7229490348739316,0.7229490348739316,0.610783655252207,0.610783655252207,1.7857396665005475e-09,True,1.5211553030695032e-08,Other
RPA4360,2,-0.6812402398805955,0.6812402398805955,0.3646528500453858,0.3646528500453858,0.000882547832254562,True,0.0021939642898215817,Other
RPA4361,1,-0.7337765628994819,0.7337765628994819,0.28149153179510794,0.28149153179510794,0.011423068968416262,True,0.02130677123853513,Other
RPA4366,4,0.7307490978954854,0.7307490978954854,0.2221945606945908,0.2221945606945908,0.047599354411138724,False,0.07522723501402946,Other
RPA4368,11,0.7211505844054422,0.7211505844054422,-0.031536305961000946,0.031536305961000946,0.7812434203806601,False,0.817898520581774,Other
RPA4369,2,-0.8178785932663882,0.8178785932663882,0.6883710468757686,0.6883710468757686,1.7138136994911602e-12,True,3.089856349470956e-11,Other
RPA4370,8,0.09675136125243725,0.09675136125243725,0.05610058281658172,0.05610058281658172,0.6211146897877259,False,0.6784764581975334,Other
RPA4371,1,-0.5594145120203232,0.5594145120203232,0.2927749811171546,0.2927749811171546,0.008402247758132177,True,0.01614922013266689,Other
RPA4372,22,-0.47229216112861383,0.47229216112861383,-0.1889768479391248,0.1889768479391248,0.09318678763569287,False,0.1348775250502585,Other
RPA4377,11,0.802627312219007,0.802627312219007,0.04726990317302408,0.04726990317302408,0.677136653179962,False,0.7297984706646485,Other
RPA4378,8,0.843877619638228,0.843877619638228,0.21284917984132667,0.21284917984132667,0.05801271074695264,False,0.09037718444386833,Other
RPA4380,17,-0.652866337955292,0.652866337955292,-0.33771156090659227,0.33771156090659227,0.002186998769032781,False,0.004881318165978214,Other
RPA4381,8,0.7103182917465605,0.7103182917465605,0.17993068596787154,0.17993068596787154,0.11024688220645484,False,0.1560430337327642,Other
RPA4382,9,0.6060603179286146,0.6060603179286146,-0.1998625125366906,0.1998625125366906,0.07549085448583832,True,0.11351134961959657,Other
RPA4383,1,-0.5533303334911535,0.5533303334911535,0.3167278200302064,0.3167278200302064,0.0042044540463366436,True,0.008675190182274608,Other
RPA4393,1,-0.4882158410171965,0.4882158410171965,0.39273031913266376,0.39273031913266376,0.0003141731167060014,True,0.0008786437917515733,Other
RPA4394,11,0.7596278434834888,0.7596278434834888,0.3299165482810046,0.3299165482810046,0.00280279796310682,False,0.00607327399940416,Other
RPA4395,1,-0.6111020445705166,0.6111020445705166,0.14505032223194447,0.14505032223194447,0.1992286976254798,True,0.2607242364274249,Other
RPA4402,16,0.7337259932717581,0.7337259932717581,-0.3283717248022707,0.3283717248022707,0.002941842232512998,False,0.006337588196956656,Other
RPA4403,4,0.6452528857873123,0.6452528857873123,-0.2570448592352688,0.2570448592352688,0.021351217842937815,False,0.03702073906100422,Other
RPA4404,5,0.4881289277748575,0.4881289277748575,-0.20198786990769757,0.20198786990769757,0.07237217987295616,False,0.10961995814084738,Other
RPA4412,5,0.8548799899874826,0.8548799899874826,-0.08457987633455641,0.08457987633455641,0.4557053291451439,False,0.5318949064880781,Other
RPA4418,1,-0.5187282574237546,0.5187282574237546,0.06030638610119822,0.06030638610119822,0.5951475421591771,True,0.6558985078869981,Other
RPA4419,2,-0.4273501100639937,0.4273501100639937,0.5794464520860503,0.5794464520860503,1.78669359345555e-08,True,1.2520339634139458e-07,Other
RPA4420,2,-0.4811254288404728,0.4811254288404728,0.42647230518267437,0.42647230518267437,7.994016836705917e-05,True,0.0002563884156435732,Other
RPA4423,1,-0.5793774163465908,0.5793774163465908,0.40913491382463646,0.40913491382463646,0.00016445429167201165,True,0.0004870679738994029,Other
RPA4424,10,-0.632206481582105,0.632206481582105,0.19799432109661752,0.19799432109661752,0.07832016809083087,False,0.11671678347606977,Other
RPA4425,8,0.8961893084795536,0.8961893084795536,0.2141806719278461,0.2141806719278461,0.05642455321774389,False,0.08812480683376821,Other
RPA4430,20,0.9500733166308979,0.9500733166308979,-0.526171666439025,0.526171666439025,5.36941954896679e-07,False,2.785198911293667e-06,Other
RPA4431,17,-0.7651758322833064,0.7651758322833064,-0.2945978926283771,0.2945978926283771,0.007986528017333345,False,0.015416821754873203,Other
RPA4433,14,0.8349920930613816,0.8349920930613816,-0.310578311406129,0.310578311406129,0.005049285868818622,False,0.01017533001187818,Other
RPA4434,5,0.3862624810479534,0.3862624810479534,-0.18220337489647784,0.18220337489647784,0.1057489098125538,False,0.1507104570390732,Other
RPA4436,9,0.9418085462712229,0.9418085462712229,-0.725704246884761,0.725704246884761,2.6376730631910943e-14,True,8.59326119008046e-13,WGCNA Hub only
RPA4439,1,-0.5130914634925494,0.5130914634925494,0.4061137476259208,0.4061137476259208,0.00018574392032224432,True,0.0005431912756510357,Other
RPA4440,11,0.4280816993535213,0.4280816993535213,0.10297555534865233,0.10297555534865233,0.36336857160561475,False,0.43731395817992647,Other
RPA4441,6,-0.25853737687108985,0.25853737687108985,-0.3382455334721052,0.3382455334721052,0.00214964587500446,False,0.004815310482368254,Other
RPA4442,10,-0.3974049194023769,0.3974049194023769,0.10018087868606748,0.10018087868606748,0.3766046033717963,False,0.45090570500414295,Other
RPA4443,1,-0.7637646237553808,0.7637646237553808,0.4133623721690487,0.4133623721690487,0.00013842645623129626,True,0.00042209840594666196,Other
RPA4447,1,-0.2609232758463464,0.2609232758463464,0.10406147411204689,0.10406147411204689,0.35830346609520414,True,0.4320373788335514,Other
RPA4449,15,0.5879425286999497,0.5879425286999497,0.013181453041555553,0.013181453041555553,0.9076145250114214,False,0.9240351825362991,Other
RPA4451,14,0.40666888704112014,0.40666888704112014,-0.48749452477698124,0.48749452477698124,4.513974804834771e-06,False,1.8922011766542143e-05,Other
RPA4452,3,-0.6789535761779635,0.6789535761779635,-0.3862502613696036,0.3862502613696036,0.00040204179335832474,True,0.0010915082021438728,Other
RPA4453,3,-0.6799702682915214,0.6799702682915214,-0.47409411365612614,0.47409411365612614,8.901373401355834e-06,True,3.51698944815272e-05,Other
RPA4457,20,0.6375228767451913,0.6375228767451913,-0.44416988638368615,0.44416988638368615,3.672413004351549e-05,False,0.0001246740575700334,Other
RPA4460,3,-0.7412112563886017,0.7412112563886017,-0.6007372613354143,0.6007372613354143,3.839251385442308e-09,True,3.083597217632118e-08,Other
RPA4463,10,-0.3184769191824335,0.3184769191824335,0.08175172855675963,0.08175172855675963,0.47096518512465313,False,0.5457561516255658,Other
RPA4464,2,-0.623893224393433,0.623893224393433,0.29333885753181643,0.29333885753181643,0.008271672270883695,True,0.01595067020460127,Other
RPA4465,2,-0.37712310604269916,0.37712310604269916,0.16517999522652158,0.16517999522652158,0.1431280245637937,True,0.1954328982462977,Other
RPA4466,20,0.8390355180162126,0.8390355180162126,-0.22260381885022484,0.22260381885022484,0.047181096406060316,False,0.07462972404263545,Other
RPA4467,10,-0.6936482110307001,0.6936482110307001,0.532370394726726,0.532370394726726,3.7226206346194937e-07,False,1.9916441354743116e-06,Other
RPA4468,10,-0.7319306269459516,0.7319306269459516,0.5044258900899744,0.5044258900899744,1.8353165150401294e-06,False,8.394538838496356e-06,Other
RPA4469,1,-0.6762604745254076,0.6762604745254076,0.5312473988256619,0.5312473988256619,3.980191085937965e-07,True,2.1117756704533717e-06,Other
RPA4470,13,-0.7486866985235201,0.7486866985235201,0.36506445815307503,0.36506445815307503,0.0008698570461511552,True,0.002165314389681897,Other
RPA4471,19,0.7375154006073107,0.7375154006073107,-0.036555189540558614,0.036555189540558614,0.7475123056430204,False,0.7882625505843776,Other
RPA4474,2,-0.6740787321909067,0.6740787321909067,0.4817703025019995,0.4817703025019995,6.054111460120123e-06,True,2.476318277850896e-05,Other
RPA4478,2,-0.7076616519016385,0.7076616519016385,0.39702845547303967,0.39702845547303967,0.0002660178466125691,True,0.0007518951920236543,Other
RPA4482,2,-0.8328966238479798,0.8328966238479798,0.6823749404689975,0.6823749404689975,3.1631211726837523e-12,True,5.339923652430662e-11,Other
RPA4484,13,-0.6915246525161212,0.6915246525161212,0.5413521314699972,0.5413521314699972,2.160922603279216e-07,True,1.2123363366433547e-06,Other
RPA4486,3,-0.8486402796566144,0.8486402796566144,-0.6655386351287078,0.6655386351287078,1.6400966945746327e-11,True,2.4171901284326136e-10,Other
RPA4487,21,0.8238546605435405,0.8238546605435405,-0.08360017747198217,0.08360017747198217,0.460960376287535,False,0.5370159465282011,Other
RPA4489,18,0.8371417672675994,0.8371417672675994,-0.30405397277268775,0.30405397277268775,0.006106985290003004,False,0.012129060624102224,Other
RPA4494,16,0.7759668314569526,0.7759668314569526,-0.3122758127710269,0.3122758127710269,0.004802220694968815,False,0.009767495980894951,Other
RPA4498,4,0.41208382987632053,0.41208382987632053,0.2464515372473292,0.2464515372473292,0.02754203089976214,False,0.04636949354565575,Other
RPA4499,9,0.6855801778674022,0.6855801778674022,-0.5110673450770358,0.5110673450770358,1.2722963588376214e-06,True,6.1050499699262605e-06,Other
RPA4502,1,-0.6137093362052498,0.6137093362052498,0.4554057472908618,0.4554057472908618,2.1906614420554982e-05,True,7.960975142655694e-05,Other
RPA4503,1,-0.7418263502087565,0.7418263502087565,0.3679772257167598,0.3679772257167598,0.0007846865850030768,True,0.001985235678951926,Other
RPA4504,6,-0.9177197140938209,0.9177197140938209,-0.10285820925571348,0.10285820925571348,0.3639185325563403,False,0.4376921728996917,Other
RPA4505,1,-0.21597753169164546,0.21597753169164546,0.34409392901491886,0.34409392901491886,0.0017765034754510251,True,0.004047812213389636,Other
RPA4506,15,0.5805750380710697,0.5805750380710697,-0.07787046908821221,0.07787046908821221,0.4923496656672717,False,0.5647271952712314,Other
RPA4510,1,-0.4096752698772518,0.4096752698772518,0.46897048845441675,0.46897048845441675,1.1454435663311583e-05,True,4.403910357509236e-05,Other
RPA4513,6,-0.24183163021392598,0.24183163021392598,-0.00957534750018263,0.00957534750018263,0.9328190999007632,False,0.94606502922759,Other
RPA4519,11,0.5634448895400532,0.5634448895400532,0.18904418139481594,0.18904418139481594,0.09306808475525198,False,0.13481079047621133,Other
RPA4522,3,-0.457334984114838,0.457334984114838,-0.27814949276592194,0.27814949276592194,0.012482586082926628,True,0.023041910890650844,Other
RPA4525,8,0.3996861319698739,0.3996861319698739,0.1870478771260874,0.1870478771260874,0.09663826077504116,False,0.13943842288986125,Other
RPA4530,14,0.6119265040945278,0.6119265040945278,-0.2988725613113963,0.2988725613113963,0.007081767241861468,False,0.013813909420311707,Other
RPA4531,6,-0.882902334763819,0.882902334763819,0.10711732423339122,0.10711732423339122,0.3442851491450976,False,0.41896298949046284,Other
RPA4533,1,-0.4321751529247175,0.4321751529247175,0.18565407335668235,0.18565407335668235,0.09919397953415093,True,0.1427931937945103,Other
RPA4535,21,0.5679797204218051,0.5679797204218051,0.14542323950257796,0.14542323950257796,0.19806357842537162,False,0.25956532472541644,Other
RPA4550,1,-0.34507957131982436,0.34507957131982436,0.2731792595610607,0.2731792595610607,0.014215821326115322,True,0.025983051380508024,Other
RPA4551,19,0.8273520844695742,0.8273520844695742,0.17445106678883188,0.17445106678883188,0.1217007693837359,False,0.16954113184215872,Other
RPA4556,6,-0.6254942436563538,0.6254942436563538,0.00985304991929313,0.00985304991929313,0.9308754520553902,False,0.9446830299595377,Other
RPA4562,10,-0.5228598251175135,0.5228598251175135,0.19891369348508708,0.19891369348508708,0.07691741099006068,False,0.11528299613280282,Other
RPA4563,17,-0.6955033305105218,0.6955033305105218,-0.2758843136548724,0.2758843136548724,0.013248322578000056,False,0.024286411675563776,Other
RPA4568,1,-0.44227336114486293,0.44227336114486293,0.20525173633549748,0.20525173633549748,0.06778513531505333,True,0.10407979121629825,Other
RPA4569,6,-0.824378815687089,0.824378815687089,-0.15150055023129502,0.15150055023129502,0.17976036793087494,False,0.2382690958227229,Other
RPA4571,12,0.8988379096630943,0.8988379096630943,-0.35099174585102644,0.35099174585102644,0.0014120995583577045,False,0.0032943076380279614,Other
RPA4572,15,0.7987895665610408,0.7987895665610408,0.18412470168379294,0.18412470168379294,0.10205881340424003,False,0.14623704976209392,Other
RPA4573,12,0.8225294275072432,0.8225294275072432,-0.31621727964676427,0.31621727964676427,0.004269467555533405,False,0.008799557436876285,Other
RPA4578,3,-0.7313264224199174,0.7313264224199174,-0.7071585052106736,0.7071585052106736,2.2754360964755447e-13,True,5.066281382278526e-12,Other
RPA4584,10,-0.5415709424885886,0.5415709424885886,0.21779713351982044,0.21779713351982044,0.052289339567369864,False,0.08215000302589327,Other
RPA4585,1,-0.3160451659873319,0.3160451659873319,0.41604079485523926,0.41604079485523926,0.00012396377162556685,True,0.00038175907779216856,Other
RPA4596,1,-0.37168442287589043,0.37168442287589043,0.1127531324972912,0.1127531324972912,0.3193461584842409,True,0.3927323286789638,Other
RPA4635,7,-0.6369101866501161,0.6369101866501161,-0.4657719712372147,0.4657719712372147,1.3379981916310243e-05,True,5.070740085426147e-05,Other
RPA4636,3,-0.3671715475291597,0.3671715475291597,-0.23529188538470616,0.23529188538470616,0.0356421359878224,True,0.05836635496418535,Other
RPA4639,1,-0.04447354592851273,0.04447354592851273,-0.04074526486347812,0.04074526486347812,0.7197072224599042,True,0.7632760206213832,Other
RPA4641,7,-0.7336850108223483,0.7336850108223483,-0.5577776126937452,0.5577776126937452,7.663710779754423e-08,True,4.7438369726679876e-07,Other
RPA4642,7,-0.8439596472839683,0.8439596472839683,-0.5999351227862547,0.5999351227862547,4.076569552465329e-09,True,3.235123785866716e-08,Other
RPA4644,3,-0.6960339289835982,0.6960339289835982,-0.4228735335189683,0.4228735335189683,9.315376954754545e-05,True,0.000295198890869952,Other
RPA4645,7,-0.8382171764375166,0.8382171764375166,-0.6494748254473626,0.6494748254473626,7.166644678211216e-11,True,8.641856602232616e-10,Other
RPA4646,2,-0.6920974534910609,0.6920974534910609,0.42247835005153334,0.42247835005153334,9.47218653334416e-05,True,0.0002988613236338198,Other
RPA4648,2,-0.40305080129159027,0.40305080129159027,0.5803177564165914,0.5803177564165914,1.6813360997694e-08,True,1.1928744578690134e-07,Other
RPA4650,1,-0.38423253629251397,0.38423253629251397,0.2052079937539132,0.2052079937539132,0.0678450225085789,True,0.10407979121629825,Other
RPA4652,13,-0.7595194960967473,0.7595194960967473,0.48813973733440635,0.48813973733440635,4.365603545444762e-06,True,1.8424831327024827e-05,Other
RPA4654,10,-0.2865193437046548,0.2865193437046548,0.146847399628536,0.146847399628536,0.19365900411720452,False,0.25451151496507346,Other
RPA4655,14,0.44672226718446817,0.44672226718446817,-0.4605517184509495,0.4605517184509495,1.718503894504409e-05,False,6.35634426771939e-05,Other
RPA4656,5,0.8436739282981336,0.8436739282981336,0.11763697169992264,0.11763697169992264,0.2986973530670554,False,0.370776059255028,Other
RPA4657,1,-0.5911767701505025,0.5911767701505025,0.2970635207655331,0.2970635207655331,0.0074530185039284194,True,0.014477254562547151,Other
RPA4658,1,-0.5548313447700023,0.5548313447700023,0.14776469126124137,0.14776469126124137,0.19085965330575966,True,0.2513662242473728,Other
RPA4661,4,0.7992346293654524,0.7992346293654524,-0.0640358652819644,0.0640358652819644,0.5725366658933366,False,0.6351257996200276,Other
RPA4663,7,-0.7704841918716598,0.7704841918716598,-0.4135975924765215,0.4135975924765215,0.00013709653289586049,True,0.0004187306934006792,Other
RPA4667,13,-0.6717096275764824,0.6717096275764824,0.5323267837950805,0.5323267837950805,3.7323218047660763e-07,True,1.9916441354743116e-06,Other
RPA4668,8,0.7068832674138982,0.7068832674138982,0.28491079696992966,0.28491079696992966,0.01042094628052897,False,0.019606582819597058,Other
RPA4669,5,0.7258007365377476,0.7258007365377476,-0.10842380006066925,0.10842380006066925,0.338398088783242,False,0.4136966760174328,Other
RPA4673,1,-0.8483381275943143,0.8483381275943143,0.433586069020208,0.433586069020208,5.8778618511102834e-05,True,0.00019318919393826188,Other
RPA4677,13,-0.1543439125875098,0.1543439125875098,-0.0057055301701128824,0.0057055301701128824,0.9599398668060615,True,0.9682236845222866,Tier 1 only
RPA4678,3,-0.810321777411878,0.810321777411878,-0.5509083587516101,0.5509083587516101,1.1902972029972856e-07,True,7.061923022255462e-07,Other
RPA4679,15,0.47097716163303294,0.47097716163303294,-0.11811241835490932,0.11811241835490932,0.2967349570030906,False,0.3690802512757798,Other
RPA4685,12,0.7296101457516324,0.7296101457516324,-0.5277779119352412,0.5277779119352412,4.886631987922375e-07,False,2.55619031030193e-06,Other
RPA4688,2,-0.6635654878438304,0.6635654878438304,0.48181624476745455,0.48181624476745455,6.0399908589926585e-06,True,2.4759962527923547e-05,Other
RPA4691,3,-0.5005006764274204,0.5005006764274204,-0.28889723529826317,0.28889723529826317,0.009350185880247672,True,0.01780850787653326,Other
RPA4692,12,0.5409739285312052,0.5409739285312052,0.003843986784293596,0.003843986784293596,0.9730042101889996,False,0.9780957236162102,Other
RPA4693,2,-0.5752524183885491,0.5752524183885491,0.4447994277228533,0.4447994277228533,3.5693333243377824e-05,True,0.00012161930244578463,Other
RPA4694,7,-0.8294170704682946,0.8294170704682946,-0.712286749185703,0.712286749185703,1.2753804879801505e-13,True,3.20051562997181e-12,Other
RPA4696,4,0.6642681887031754,0.6642681887031754,0.22854044417651861,0.22854044417651861,0.04144731856727606,False,0.06704500921553279,Other
RPA4697,8,0.8414498498743552,0.8414498498743552,0.02610322881156056,0.02610322881156056,0.8182168958681196,False,0.8471566792235355,Other
RPA4699,4,0.6762569913023475,0.6762569913023475,0.38133552570125534,0.38133552570125534,0.0004831137782445188,False,0.0012945776135643166,Other
RPA4700,8,0.7782416370205859,0.7782416370205859,0.311126489283747,0.311126489283747,0.0049682961901259546,False,0.010028397853330323,Other
RPA4701,2,-0.763637388781061,0.763637388781061,0.5020016421506331,0.5020016421506331,2.0939379229317537e-06,True,9.43796777399094e-06,Other
RPA4702,4,0.752519087539727,0.752519087539727,0.40222498274167034,0.40222498274167034,0.00021688614211535088,False,0.0006244303347414055,Other
RPA4703,2,-0.664809271462421,0.664809271462421,0.443854394772601,0.443854394772601,3.725106861428972e-05,True,0.00012600224848221495,Other
RPA4705,11,0.28779379089957635,0.28779379089957635,0.14935603202855097,0.14935603202855097,0.18607276624853133,False,0.24558431195701685,Other
RPA4707,17,-0.8182142188377257,0.8182142188377257,-0.23608312011727492,0.23608312011727492,0.03500866138472045,False,0.05743028638818541,Other
RPA4708,8,0.7357391425597384,0.7357391425597384,0.18709446854642303,0.18709446854642303,0.09655373013916635,False,0.13942478761153337,Other
RPA4709,15,0.7615136902991769,0.7615136902991769,0.22362684604307503,0.22362684604307503,0.04614881649950207,False,0.0733091122665315,Other
RPA4717,3,-0.854691791473836,0.854691791473836,-0.5026277863671711,0.5026277863671711,2.024036740918071e-06,True,9.189819628080336e-06,Other
RPA4719,22,-0.8072684254466654,0.8072684254466654,-0.3733859723588487,0.3733859723588487,0.000646374057650615,False,0.00167536001175133,Other
RPA4722,3,-0.7672554655537145,0.7672554655537145,-0.5007722666954881,0.5007722666954881,2.2378458233572275e-06,True,1.0062178435773296e-05,Other
RPA4724,12,0.9051991831371986,0.9051991831371986,-0.4774451481166183,0.4774451481166183,7.5313285731821565e-06,False,3.0337694491104695e-05,Other
RPA4728,2,-0.34718439280742097,0.34718439280742097,0.2410953830802778,0.2410953830802778,0.03121100167557542,True,0.05207442058539403,Other
RPA4729,9,0.7902567252298275,0.7902567252298275,-0.6720825024170163,0.6720825024170163,8.76162941534326e-12,True,1.3558621520243693e-10,Other
RPA4730,10,-0.2698464763891264,0.2698464763891264,-0.1671305341660277,0.1671305341660277,0.13839939190419792,False,0.18967355776095612,Other
RPA4731,1,-0.6114180869744547,0.6114180869744547,0.32644256775117475,0.32644256775117475,0.0031241274362068905,True,0.0066531016617387565,Other
RPA4733,17,-0.7198065960365969,0.7198065960365969,-0.11976129395497896,0.11976129395497896,0.289994910813247,False,0.36288446723733137,Other
RPA4736,14,0.43608507575165845,0.43608507575165845,-0.16366292208373698,0.16366292208373698,0.14688907858385028,False,0.19968742235008052,Other
RPA4738,1,-0.8476106480673046,0.8476106480673046,0.4852932168383359,0.4852932168383359,5.056604553157842e-06,True,2.0960077355388645e-05,Other
RPA4739,1,-0.6412246163260942,0.6412246163260942,0.23106266525847957,0.23106266525847957,0.03919287630686099,True,0.06378717905507525,Other
RPA4740,2,-0.44438681604117647,0.44438681604117647,0.37132613423831345,0.37132613423831345,0.000696187668145062,True,0.0017807444900074104,Other
RPA4742,1,-0.6836874038275438,0.6836874038275438,0.49500567762869563,0.49500567762869563,3.0461074404143014e-06,True,1.3247357182316996e-05,Other
RPA4743,6,-0.6150989174212291,0.6150989174212291,0.06730077663263066,0.06730077663263066,0.5530769832163508,False,0.6194595644347186,Other
RPA4744,11,0.7617802949611115,0.7617802949611115,0.2479542693077777,0.2479542693077777,0.026580725336528385,False,0.04491392807091284,Other
RPA4748,16,0.8564962523747555,0.8564962523747555,-0.3673819932480572,0.3673819932480572,0.0008014478672018235,False,0.0020248825706037908,Other
RPA4749,14,0.9191268703435942,0.9191268703435942,-0.20334203951262148,0.20334203951262148,0.07043966190061375,False,0.10730635943350265,Other
RPA4750,4,0.8565320662634927,0.8565320662634927,0.2011496121866402,0.2011496121866402,0.0735896237738497,False,0.110742245824991,Other
RPA4751,2,-0.40726273049156103,0.40726273049156103,0.034147947280011186,0.034147947280011186,0.7636362207811676,True,0.8034404883799593,Other
RPA4756,1,-0.2709058135930634,0.2709058135930634,0.026481076843330682,0.026481076843330682,0.8156316599360603,True,0.8452165136725803,Other
RPA4760,3,-0.7321906383125165,0.7321906383125165,-0.32393759437531144,0.32393759437531144,0.0033758600208657337,True,0.007131936358074707,Other
RPA4766,1,-0.6965830048239505,0.6965830048239505,0.2554118536440773,0.2554118536440773,0.02222000128394457,True,0.03841949942670863,Other
RPA4767,2,-0.5977811333989403,0.5977811333989403,0.32543304125391487,0.32543304125391487,0.003223485720296275,True,0.006825556422565773,Other
RPA4768,9,0.7937331593147694,0.7937331593147694,-0.5658386708191417,0.5658386708191417,4.513080481380156e-08,True,2.909996685389913e-07,Other
RPA4770,8,0.7598814430436893,0.7598814430436893,0.19965395025444269,0.19965395025444269,0.07580259954488679,False,0.11379581839519383,Other
RPA4771,7,-0.8800389365354834,0.8800389365354834,-0.5361653895953922,0.5361653895953922,2.9640113023182953e-07,True,1.62163596718797e-06,Other
RPA4775,4,0.7729587037488386,0.7729587037488386,0.24797780617105117,0.24797780617105117,0.02656589768396012,False,0.04491392807091284,Other
RPA4776,2,-0.3402992934174406,0.3402992934174406,0.2631313922207728,0.2631313922207728,0.018363917460629944,True,0.0324778997375141,Other
RPA4780,21,0.7467564088040235,0.7467564088040235,-0.1881262640033784,0.1881262640033784,0.09469657138570134,False,0.13695602263492787,Other
RPA4784,7,-0.8379747745672972,0.8379747745672972,-0.5740727594868251,0.5740727594868251,2.5891097791413867e-08,True,1.7547360802429034e-07,Other
RPA4786,1,-0.302382011374022,0.302382011374022,0.15836749472523398,0.15836749472523398,0.16059886582079855,True,0.21579746297338848,Other
RPA4787,16,0.6174462096346599,0.6174462096346599,-0.39269037691877895,0.39269037691877895,0.00031465593260916096,False,0.0008786707772258826,Other
RPA4791,1,-0.6464197837933814,0.6464197837933814,0.20127503745270459,0.20127503745270459,0.0734064245471113,True,0.11064588505193644,Other
RPA4796,6,-0.20871176010742268,0.20871176010742268,-0.23751501064107175,0.23751501064107175,0.0338862269445483,False,0.055984629391482375,Other
RPA4797,16,0.6288511144647098,0.6288511144647098,-0.35554842396996944,0.35554842396996944,0.001209966308565765,False,0.0028994878553169475,Other
RPA4798,2,-0.5396622914020908,0.5396622914020908,0.4329636878360844,0.4329636878360844,6.0397953381100253e-05,True,0.00019816077637580066,Other
RPA4799,4,0.8637340627042318,0.8637340627042318,0.27201663702760864,0.27201663702760864,0.01465007372276514,False,0.026645628700465097,Other
RPA4803,22,-0.6654766951242423,0.6654766951242423,-0.1198527570927996,0.1198527570927996,0.28962402281140137,False,0.3628796056802853,Other
RPA4804,2,-0.9081962369439853,0.9081962369439853,0.7677184577706899,0.7677184577706899,9.756135596828243e-17,True,7.246857521324018e-15,Other
RPA4805,2,-0.7584969592575598,0.7584969592575598,0.6265845232050606,0.6265845232050606,5.067270972473619e-10,True,5.113209279517357e-09,Other
RPA4807,12,0.6319695088404288,0.6319695088404288,-0.009268282748014306,0.009268282748014306,0.9349687125366926,False,0.9477275650549335,Other
RPA4809,9,0.48236766075974785,0.48236766075974785,-0.33287768168847576,0.33287768168847576,0.002552621690111361,True,0.005596479903821484,Other
RPA4813,6,-0.6410198051259648,0.6410198051259648,0.2039279588826582,0.2039279588826582,0.06961647332374392,False,0.10635276259245291,Other
RPA4815,8,0.43136615949388124,0.43136615949388124,-0.03578747092425717,0.03578747092425717,0.7526431688252825,False,0.7932226813328884,Other
RPA4817,7,-0.7912943404138135,0.7912943404138135,-0.7021371417667588,0.7021371417667588,3.9635616203940004e-13,True,8.364015828490523e-12,Other
RPA4818,3,-0.6615544192284125,0.6615544192284125,-0.3628500086527846,0.3628500086527846,0.000940139995667784,True,0.0023185125789576028,Other
RPA4819,3,-0.934671755031881,0.934671755031881,-0.7070947459690728,0.7070947459690728,2.2916943247786545e-13,True,5.066281382278526e-12,Other
RPA4820,7,-0.9392981743174755,0.9392981743174755,-0.727059533522507,0.727059533522507,2.237941780257653e-14,True,7.696033122108261e-13,WGCNA Hub only
RPA4821,9,0.9471757894200109,0.9471757894200109,-0.7886750166722238,0.7886750166722238,3.7685268150660595e-18,True,6.998154295577673e-16,WGCNA Hub only
RPA4823,10,-0.6578188067975754,0.6578188067975754,0.5513943483158871,0.5513943483158871,1.1541651515237996e-07,False,6.869502199934922e-07,Other
RPA4824,15,0.6740301563550674,0.6740301563550674,0.026074095445374843,0.026074095445374843,0.8184163072304915,False,0.8471566792235355,Other
RPA4828,21,0.6392618782617355,0.6392618782617355,-0.20649618580263307,0.20649618580263307,0.06609916778913183,False,0.10187397966541009,Other
RPA4829,1,-0.7266079337431091,0.7266079337431091,0.4732948913257985,0.4732948913257985,9.260965557886085e-06,True,3.643562084956453e-05,Other
RPA4832,4,0.440296587237059,0.440296587237059,0.0722640781560318,0.0722640781560318,0.5241179309826437,False,0.5934676816065667,Other
RPA4834,8,0.830651193962358,0.830651193962358,0.2903366754309853,0.2903366754309853,0.008987915169527629,False,0.01720676130908537,Other
RPA4835,13,-0.7402655188857292,0.7402655188857292,0.3799719862367217,0.3799719862367217,0.0005081168029570381,True,0.0013518236433971628,Other
RPA4836,13,-0.3386658130630465,0.3386658130630465,0.3721804424123345,0.3721804424123345,0.0006751179103169742,True,0.0017388265734516243,Other
PRPA2,4,0.6102625189831127,0.6102625189831127,0.17048707670776653,0.17048707670776653,0.13053991250383473,False,0.18009852713196217,Other
PRPA5,2,-0.7188772447641247,0.7188772447641247,0.44365046155113896,0.44365046155113896,3.759541628853282e-05,True,0.00012693579645055536,Other
